[26Mar2025 23:04:19.836] [main/INFO] [cpw.mods.modlauncher.Launcher/MODLAUNCHER]: ModLauncher running: args [--launchTarget, forgeserver, --fml.forgeVersion, 47.3.7, --fml.mcVersion, 1.20.1, --fml.forgeGroup, net.minecraftforge, --fml.mcpVersion, 20230612.114412, nogui]
[26Mar2025 23:04:19.841] [main/INFO] [cpw.mods.modlauncher.Launcher/MODLAUNCHER]: ModLauncher 10.0.9+10.0.9+main.dcd20f30 starting: java version 17.0.14 by Ubuntu; OS Linux arch amd64 version 6.8.0-1021-azure
[26Mar2025 23:04:19.866] [main/DEBUG] [cpw.mods.modlauncher.LaunchServiceHandler/MODLAUNCHER]: Found launch services [fmlclientdev,forgeclient,minecraft,forgegametestserverdev,fmlserveruserdev,fmlclient,fmldatauserdev,forgeserverdev,forgeserveruserdev,forgeclientdev,forgeclientuserdev,forgeserver,forgedatadev,fmlserver,fmlclientuserdev,fmlserverdev,forgedatauserdev,testharness,forgegametestserveruserdev]
[26Mar2025 23:04:19.877] [main/DEBUG] [cpw.mods.modlauncher.NameMappingServiceHandler/MODLAUNCHER]: Found naming services : [srgtomcp]
[26Mar2025 23:04:19.892] [main/DEBUG] [cpw.mods.modlauncher.LaunchPluginHandler/MODLAUNCHER]: Found launch plugins: [mixin,eventbus,slf4jfixer,object_holder_definalize,runtime_enum_extender,capability_token_subclass,accesstransformer,runtimedistcleaner]
[26Mar2025 23:04:19.902] [main/DEBUG] [cpw.mods.modlauncher.TransformationServicesHandler/MODLAUNCHER]: Discovering transformation services
[26Mar2025 23:04:19.907] [main/DEBUG] [net.minecraftforge.fml.loading.FMLPaths/CORE]: Path GAMEDIR is /workspaces/server/servidor_minecraft
[26Mar2025 23:04:19.907] [main/DEBUG] [net.minecraftforge.fml.loading.FMLPaths/CORE]: Path MODSDIR is /workspaces/server/servidor_minecraft/mods
[26Mar2025 23:04:19.907] [main/DEBUG] [net.minecraftforge.fml.loading.FMLPaths/CORE]: Path CONFIGDIR is /workspaces/server/servidor_minecraft/config
[26Mar2025 23:04:19.907] [main/DEBUG] [net.minecraftforge.fml.loading.FMLPaths/CORE]: Path FMLCONFIG is /workspaces/server/servidor_minecraft/config/fml.toml
[26Mar2025 23:04:20.885] [main/DEBUG] [cpw.mods.modlauncher.TransformationServicesHandler/MODLAUNCHER]: Found additional transformation services from discovery services: 
[26Mar2025 23:04:20.892] [main/INFO] [net.minecraftforge.fml.loading.ImmediateWindowHandler/]: ImmediateWindowProvider not loading because launch target is forgeserver
[26Mar2025 23:04:20.899] [main/DEBUG] [cpw.mods.modlauncher.TransformationServicesHandler/MODLAUNCHER]: Found transformer services : [mixin,fml]
[26Mar2025 23:04:20.899] [main/DEBUG] [cpw.mods.modlauncher.TransformationServicesHandler/MODLAUNCHER]: Transformation services loading
[26Mar2025 23:04:20.900] [main/DEBUG] [cpw.mods.modlauncher.TransformationServiceDecorator/MODLAUNCHER]: Loading service mixin
[26Mar2025 23:04:20.900] [main/DEBUG] [cpw.mods.modlauncher.TransformationServiceDecorator/MODLAUNCHER]: Loaded service mixin
[26Mar2025 23:04:20.900] [main/DEBUG] [cpw.mods.modlauncher.TransformationServiceDecorator/MODLAUNCHER]: Loading service fml
[26Mar2025 23:04:20.901] [main/DEBUG] [net.minecraftforge.fml.loading.LauncherVersion/CORE]: Found FMLLauncher version 1.0
[26Mar2025 23:04:20.901] [main/DEBUG] [net.minecraftforge.fml.loading.FMLLoader/CORE]: FML 1.0 loading
[26Mar2025 23:04:20.901] [main/DEBUG] [net.minecraftforge.fml.loading.FMLLoader/CORE]: FML found ModLauncher version : 10.0.9+10.0.9+main.dcd20f30
[26Mar2025 23:04:20.902] [main/DEBUG] [net.minecraftforge.fml.loading.FMLLoader/CORE]: FML found AccessTransformer version : 8.0.4+66+master.c09db6d7
[26Mar2025 23:04:20.902] [main/DEBUG] [net.minecraftforge.fml.loading.FMLLoader/CORE]: FML found EventBus version : 6.0.5+6.0.5+master.eb8e549b
[26Mar2025 23:04:20.902] [main/DEBUG] [net.minecraftforge.fml.loading.FMLLoader/CORE]: Found Runtime Dist Cleaner
[26Mar2025 23:04:20.904] [main/DEBUG] [net.minecraftforge.fml.loading.FMLLoader/CORE]: FML found CoreMod version : 5.1.6
[26Mar2025 23:04:20.904] [main/DEBUG] [net.minecraftforge.fml.loading.FMLLoader/CORE]: Found ForgeSPI package implementation version 7.0.1+7.0.1+master.d2b38bf6
[26Mar2025 23:04:20.904] [main/DEBUG] [net.minecraftforge.fml.loading.FMLLoader/CORE]: Found ForgeSPI package specification 5
[26Mar2025 23:04:20.904] [main/DEBUG] [cpw.mods.modlauncher.TransformationServiceDecorator/MODLAUNCHER]: Loaded service fml
[26Mar2025 23:04:20.905] [main/DEBUG] [cpw.mods.modlauncher.TransformationServicesHandler/MODLAUNCHER]: Configuring option handling for services
[26Mar2025 23:04:20.912] [main/DEBUG] [cpw.mods.modlauncher.TransformationServicesHandler/MODLAUNCHER]: Transformation services initializing
[26Mar2025 23:04:20.912] [main/DEBUG] [cpw.mods.modlauncher.TransformationServiceDecorator/MODLAUNCHER]: Initializing transformation service mixin
[26Mar2025 23:04:20.924] [main/DEBUG] [mixin/]: MixinService [ModLauncher] was successfully booted in cpw.mods.cl.ModuleClassLoader@7a3d45bd
[26Mar2025 23:04:20.943] [main/INFO] [mixin/]: SpongePowered MIXIN Subsystem Version=0.8.5 Source=union:/workspaces/server/servidor_minecraft/libraries/org/spongepowered/mixin/0.8.5/mixin-0.8.5.jar%2365!/ Service=ModLauncher Env=SERVER
[26Mar2025 23:04:20.946] [main/DEBUG] [mixin/]: Initialising Mixin Platform Manager
[26Mar2025 23:04:20.946] [main/DEBUG] [mixin/]: Adding mixin platform agents for container ModLauncher Root Container(ModLauncher:4f56a0a2)
[26Mar2025 23:04:20.946] [main/DEBUG] [mixin/]: Instancing new MixinPlatformAgentMinecraftForge for ModLauncher Root Container(ModLauncher:4f56a0a2)
[26Mar2025 23:04:20.947] [main/DEBUG] [mixin/]: MixinPlatformAgentMinecraftForge rejected container ModLauncher Root Container(ModLauncher:4f56a0a2)
[26Mar2025 23:04:20.947] [main/DEBUG] [mixin/]: Instancing new MixinPlatformAgentDefault for ModLauncher Root Container(ModLauncher:4f56a0a2)
[26Mar2025 23:04:20.947] [main/DEBUG] [mixin/]: MixinPlatformAgentDefault accepted container ModLauncher Root Container(ModLauncher:4f56a0a2)
[26Mar2025 23:04:20.951] [main/DEBUG] [cpw.mods.modlauncher.TransformationServiceDecorator/MODLAUNCHER]: Initialized transformation service mixin
[26Mar2025 23:04:20.951] [main/DEBUG] [cpw.mods.modlauncher.TransformationServiceDecorator/MODLAUNCHER]: Initializing transformation service fml
[26Mar2025 23:04:20.951] [main/DEBUG] [net.minecraftforge.fml.loading.FMLServiceProvider/CORE]: Setting up basic FML game directories
[26Mar2025 23:04:20.951] [main/DEBUG] [net.minecraftforge.fml.loading.FMLPaths/CORE]: Path GAMEDIR is /workspaces/server/servidor_minecraft
[26Mar2025 23:04:20.951] [main/DEBUG] [net.minecraftforge.fml.loading.FMLPaths/CORE]: Path MODSDIR is /workspaces/server/servidor_minecraft/mods
[26Mar2025 23:04:20.952] [main/DEBUG] [net.minecraftforge.fml.loading.FMLPaths/CORE]: Path CONFIGDIR is /workspaces/server/servidor_minecraft/config
[26Mar2025 23:04:20.952] [main/DEBUG] [net.minecraftforge.fml.loading.FMLPaths/CORE]: Path FMLCONFIG is /workspaces/server/servidor_minecraft/config/fml.toml
[26Mar2025 23:04:20.952] [main/DEBUG] [net.minecraftforge.fml.loading.FMLServiceProvider/CORE]: Loading configuration
[26Mar2025 23:04:20.954] [main/DEBUG] [net.minecraftforge.fml.loading.FMLServiceProvider/CORE]: Preparing ModFile
[26Mar2025 23:04:20.957] [main/DEBUG] [net.minecraftforge.fml.loading.FMLServiceProvider/CORE]: Preparing launch handler
[26Mar2025 23:04:20.957] [main/DEBUG] [net.minecraftforge.fml.loading.FMLLoader/CORE]: Using forgeserver as launch service
[26Mar2025 23:04:20.970] [main/DEBUG] [net.minecraftforge.fml.loading.FMLLoader/CORE]: Received command line version data  : VersionInfo[forgeVersion=47.3.7, mcVersion=1.20.1, mcpVersion=20230612.114412, forgeGroup=net.minecraftforge]
[26Mar2025 23:04:20.972] [main/DEBUG] [cpw.mods.modlauncher.TransformationServiceDecorator/MODLAUNCHER]: Initialized transformation service fml
[26Mar2025 23:04:20.972] [main/DEBUG] [cpw.mods.modlauncher.NameMappingServiceHandler/MODLAUNCHER]: Current naming domain is 'srg'
[26Mar2025 23:04:20.972] [main/DEBUG] [cpw.mods.modlauncher.NameMappingServiceHandler/MODLAUNCHER]: Identified name mapping providers {}
[26Mar2025 23:04:20.973] [main/DEBUG] [cpw.mods.modlauncher.TransformationServicesHandler/MODLAUNCHER]: Transformation services begin scanning
[26Mar2025 23:04:20.973] [main/DEBUG] [cpw.mods.modlauncher.TransformationServiceDecorator/MODLAUNCHER]: Beginning scan trigger - transformation service mixin
[26Mar2025 23:04:20.973] [main/DEBUG] [cpw.mods.modlauncher.TransformationServiceDecorator/MODLAUNCHER]: End scan trigger - transformation service mixin
[26Mar2025 23:04:20.974] [main/DEBUG] [cpw.mods.modlauncher.TransformationServiceDecorator/MODLAUNCHER]: Beginning scan trigger - transformation service fml
[26Mar2025 23:04:20.974] [main/DEBUG] [net.minecraftforge.fml.loading.FMLServiceProvider/CORE]: Initiating mod scan
[26Mar2025 23:04:20.982] [main/DEBUG] [net.minecraftforge.fml.loading.moddiscovery.ModListHandler/CORE]: Found mod coordinates from lists: []
[26Mar2025 23:04:20.985] [main/DEBUG] [net.minecraftforge.fml.loading.moddiscovery.ModDiscoverer/CORE]: Found Mod Locators : (mods folder:null),(maven libs:null),(exploded directory:null),(minecraft:null),(userdev classpath:null)
[26Mar2025 23:04:20.986] [main/DEBUG] [net.minecraftforge.fml.loading.moddiscovery.ModDiscoverer/CORE]: Found Dependency Locators : (JarInJar:null)
[26Mar2025 23:04:20.995] [main/DEBUG] [net.minecraftforge.fml.loading.moddiscovery.ModFileParser/LOADING]: Considering mod file candidate /workspaces/server/servidor_minecraft/mods/[1.20.1] SecurityCraft v1.9.12.jar
[26Mar2025 23:04:21.032] [main/DEBUG] [net.minecraftforge.fml.loading.moddiscovery.ModFileInfo/LOADING]: Found valid mod file [1.20.1] SecurityCraft v1.9.12.jar with {securitycraft} mods - versions {1.9.12}
[26Mar2025 23:04:21.032] [main/DEBUG] [net.minecraftforge.fml.loading.moddiscovery.ModFileParser/LOADING]: Considering mod file candidate /workspaces/server/servidor_minecraft/mods/AI-Improvements-1.20-0.5.2.jar
[26Mar2025 23:04:21.033] [main/DEBUG] [net.minecraftforge.fml.loading.moddiscovery.ModFileInfo/LOADING]: Found valid mod file AI-Improvements-1.20-0.5.2.jar with {aiimprovements} mods - versions {0.5.2}
[26Mar2025 23:04:21.041] [main/DEBUG] [net.minecraftforge.fml.loading.moddiscovery.ModFileParser/LOADING]: Considering mod file candidate /workspaces/server/servidor_minecraft/mods/apocalypsenow-3.0.4-forge-1.20.1.jar
[26Mar2025 23:04:21.042] [main/DEBUG] [net.minecraftforge.fml.loading.moddiscovery.ModFileInfo/LOADING]: Found valid mod file apocalypsenow-3.0.4-forge-1.20.1.jar with {apocalypsenow} mods - versions {3.0.4}
[26Mar2025 23:04:21.043] [main/DEBUG] [net.minecraftforge.fml.loading.moddiscovery.ModFileParser/LOADING]: Considering mod file candidate /workspaces/server/servidor_minecraft/mods/automobility-0.4.2+1.20.1-forge.jar
[26Mar2025 23:04:21.044] [main/DEBUG] [net.minecraftforge.fml.loading.moddiscovery.ModFileInfo/LOADING]: Found valid mod file automobility-0.4.2+1.20.1-forge.jar with {automobility} mods - versions {0.4.2+1.20.1-forge}
[26Mar2025 23:04:21.063] [main/DEBUG] [net.minecraftforge.fml.loading.moddiscovery.ModFileParser/LOADING]: Considering mod file candidate /workspaces/server/servidor_minecraft/mods/born_in_chaos_[Forge]1.20.1_1.6.3.jar
[26Mar2025 23:04:21.064] [main/DEBUG] [net.minecraftforge.fml.loading.moddiscovery.ModFileInfo/LOADING]: Found valid mod file born_in_chaos_[Forge]1.20.1_1.6.3.jar with {born_in_chaos_v1} mods - versions {1.6.3}
[26Mar2025 23:04:21.065] [main/DEBUG] [net.minecraftforge.fml.loading.moddiscovery.ModFileParser/LOADING]: Considering mod file candidate /workspaces/server/servidor_minecraft/mods/car-forge-1.20.1-1.0.34.jar
[26Mar2025 23:04:21.066] [main/DEBUG] [net.minecraftforge.fml.loading.moddiscovery.ModFileInfo/LOADING]: Found valid mod file car-forge-1.20.1-1.0.34.jar with {car} mods - versions {1.20.1-1.0.34}
[26Mar2025 23:04:21.067] [main/DEBUG] [net.minecraftforge.fml.loading.moddiscovery.ModFileParser/LOADING]: Considering mod file candidate /workspaces/server/servidor_minecraft/mods/curios-forge-5.12.1+1.20.1.jar
[26Mar2025 23:04:21.068] [main/DEBUG] [net.minecraftforge.fml.loading.moddiscovery.ModFileInfo/LOADING]: Found valid mod file curios-forge-5.12.1+1.20.1.jar with {curios} mods - versions {5.12.1+1.20.1}
[26Mar2025 23:04:21.069] [main/DEBUG] [net.minecraftforge.fml.loading.moddiscovery.ModFileParser/LOADING]: Considering mod file candidate /workspaces/server/servidor_minecraft/mods/eeeabsmobs-1.20.1-0.97-Fix.jar
[26Mar2025 23:04:21.070] [main/DEBUG] [net.minecraftforge.fml.loading.moddiscovery.ModFileInfo/LOADING]: Found valid mod file eeeabsmobs-1.20.1-0.97-Fix.jar with {eeeabsmobs} mods - versions {1.20.1-0.97}
[26Mar2025 23:04:21.070] [main/DEBUG] [net.minecraftforge.fml.loading.moddiscovery.ModFileParser/LOADING]: Considering mod file candidate /workspaces/server/servidor_minecraft/mods/eh1.3.1-1.20.1.jar
[26Mar2025 23:04:21.071] [main/DEBUG] [net.minecraftforge.fml.loading.moddiscovery.ModFileInfo/LOADING]: Found valid mod file eh1.3.1-1.20.1.jar with {horde_hoard} mods - versions {1.1.0}
[26Mar2025 23:04:21.071] [main/DEBUG] [net.minecraftforge.fml.loading.moddiscovery.ModFileParser/LOADING]: Considering mod file candidate /workspaces/server/servidor_minecraft/mods/explosiveenhancement-1.1.0-1.20.1-client-and-server.jar
[26Mar2025 23:04:21.073] [main/DEBUG] [net.minecraftforge.fml.loading.moddiscovery.ModFileInfo/LOADING]: Found valid mod file explosiveenhancement-1.1.0-1.20.1-client-and-server.jar with {explosiveenhancement} mods - versions {1.1.0}
[26Mar2025 23:04:21.074] [main/DEBUG] [net.minecraftforge.fml.loading.moddiscovery.ModFileParser/LOADING]: Considering mod file candidate /workspaces/server/servidor_minecraft/mods/Extinction Z 1.20.1 1.1.2.jar
[26Mar2025 23:04:21.075] [main/DEBUG] [net.minecraftforge.fml.loading.moddiscovery.ModFileInfo/LOADING]: Found valid mod file Extinction Z 1.20.1 1.1.2.jar with {extinction} mods - versions {1.1.0}
[26Mar2025 23:04:21.076] [main/DEBUG] [net.minecraftforge.fml.loading.moddiscovery.ModFileParser/LOADING]: Considering mod file candidate /workspaces/server/servidor_minecraft/mods/extragore-1.20.1-5.2.3.1.jar
[26Mar2025 23:04:21.077] [main/DEBUG] [net.minecraftforge.fml.loading.moddiscovery.ModFileInfo/LOADING]: Found valid mod file extragore-1.20.1-5.2.3.1.jar with {extragore} mods - versions {5.2.3.1}
[26Mar2025 23:04:21.077] [main/DEBUG] [net.minecraftforge.fml.loading.moddiscovery.ModFileParser/LOADING]: Considering mod file candidate /workspaces/server/servidor_minecraft/mods/faded_conquest_2-1.3.0-forge-1.20.1.jar
[26Mar2025 23:04:21.078] [main/DEBUG] [net.minecraftforge.fml.loading.moddiscovery.ModFileInfo/LOADING]: Found valid mod file faded_conquest_2-1.3.0-forge-1.20.1.jar with {faded_conquest_2} mods - versions {1.3.0}
[26Mar2025 23:04:21.085] [main/DEBUG] [net.minecraftforge.fml.loading.moddiscovery.ModFileParser/LOADING]: Considering mod file candidate /workspaces/server/servidor_minecraft/mods/geckolib-forge-1.20.1-4.4.5.jar
[26Mar2025 23:04:21.086] [main/DEBUG] [net.minecraftforge.fml.loading.moddiscovery.ModFileInfo/LOADING]: Found valid mod file geckolib-forge-1.20.1-4.4.5.jar with {geckolib} mods - versions {4.4.5}
[26Mar2025 23:04:21.086] [main/DEBUG] [net.minecraftforge.fml.loading.moddiscovery.ModFileParser/LOADING]: Considering mod file candidate /workspaces/server/servidor_minecraft/mods/geckolib-forge-1.20.1-4.7.jar
[26Mar2025 23:04:21.087] [main/DEBUG] [net.minecraftforge.fml.loading.moddiscovery.ModFileInfo/LOADING]: Found valid mod file geckolib-forge-1.20.1-4.7.jar with {geckolib} mods - versions {4.7}
[26Mar2025 23:04:21.092] [main/DEBUG] [net.minecraftforge.fml.loading.moddiscovery.ModFileParser/LOADING]: Considering mod file candidate /workspaces/server/servidor_minecraft/mods/horror_element_mod-1.6.1-forge-1.20.1.jar
[26Mar2025 23:04:21.093] [main/DEBUG] [net.minecraftforge.fml.loading.moddiscovery.ModFileInfo/LOADING]: Found valid mod file horror_element_mod-1.6.1-forge-1.20.1.jar with {horror_element_mod} mods - versions {1.6.1}
[26Mar2025 23:04:21.093] [main/DEBUG] [net.minecraftforge.fml.loading.moddiscovery.ModFileParser/LOADING]: Considering mod file candidate /workspaces/server/servidor_minecraft/mods/jei-1.20.1-forge-15.20.0.106.jar
[26Mar2025 23:04:21.094] [main/DEBUG] [net.minecraftforge.fml.loading.moddiscovery.ModFileInfo/LOADING]: Found valid mod file jei-1.20.1-forge-15.20.0.106.jar with {jei} mods - versions {15.20.0.106}
[26Mar2025 23:04:21.096] [main/DEBUG] [net.minecraftforge.fml.loading.moddiscovery.ModFileParser/LOADING]: Considering mod file candidate /workspaces/server/servidor_minecraft/mods/L_Enders_Cataclysm-2.62.jar
[26Mar2025 23:04:21.097] [main/DEBUG] [net.minecraftforge.fml.loading.moddiscovery.ModFileInfo/LOADING]: Found valid mod file L_Enders_Cataclysm-2.62.jar with {cataclysm} mods - versions {2.62}
[26Mar2025 23:04:21.098] [main/DEBUG] [net.minecraftforge.fml.loading.moddiscovery.ModFileParser/LOADING]: Considering mod file candidate /workspaces/server/servidor_minecraft/mods/legendarymonsters-1.8.1 MC 1.20.1.jar
[26Mar2025 23:04:21.099] [main/DEBUG] [net.minecraftforge.fml.loading.moddiscovery.ModFileInfo/LOADING]: Found valid mod file legendarymonsters-1.8.1 MC 1.20.1.jar with {legendary_monsters} mods - versions {1.20.1}
[26Mar2025 23:04:21.100] [main/DEBUG] [net.minecraftforge.fml.loading.moddiscovery.ModFileParser/LOADING]: Considering mod file candidate /workspaces/server/servidor_minecraft/mods/lionfishapi-2.4-Fix.jar
[26Mar2025 23:04:21.100] [main/DEBUG] [net.minecraftforge.fml.loading.moddiscovery.ModFileInfo/LOADING]: Found valid mod file lionfishapi-2.4-Fix.jar with {lionfishapi} mods - versions {2.4-Fix}
[26Mar2025 23:04:21.101] [main/DEBUG] [net.minecraftforge.fml.loading.moddiscovery.ModFileParser/LOADING]: Considering mod file candidate /workspaces/server/servidor_minecraft/mods/lostcities-1.20-7.3.6.jar
[26Mar2025 23:04:21.101] [main/DEBUG] [net.minecraftforge.fml.loading.moddiscovery.ModFileInfo/LOADING]: Found valid mod file lostcities-1.20-7.3.6.jar with {lostcities} mods - versions {1.20-7.3.6}
[26Mar2025 23:04:21.102] [main/DEBUG] [net.minecraftforge.fml.loading.moddiscovery.ModFileParser/LOADING]: Considering mod file candidate /workspaces/server/servidor_minecraft/mods/lrarmor-1.20.1-0.1.4.3.jar
[26Mar2025 23:04:21.103] [main/DEBUG] [net.minecraftforge.fml.loading.moddiscovery.ModFileInfo/LOADING]: Found valid mod file lrarmor-1.20.1-0.1.4.3.jar with {lrarmor} mods - versions {0.1.4.3}
[26Mar2025 23:04:21.104] [main/DEBUG] [net.minecraftforge.fml.loading.moddiscovery.ModFileParser/LOADING]: Considering mod file candidate /workspaces/server/servidor_minecraft/mods/mowziesmobs-1.7.1.jar
[26Mar2025 23:04:21.104] [main/DEBUG] [net.minecraftforge.fml.loading.moddiscovery.ModFileInfo/LOADING]: Found valid mod file mowziesmobs-1.7.1.jar with {mowziesmobs} mods - versions {1.7.1}
[26Mar2025 23:04:21.108] [main/DEBUG] [net.minecraftforge.fml.loading.moddiscovery.ModFileParser/LOADING]: Considering mod file candidate /workspaces/server/servidor_minecraft/mods/MutantMonsters-v8.0.7-1.20.1-Forge.jar
[26Mar2025 23:04:21.108] [main/DEBUG] [net.minecraftforge.fml.loading.moddiscovery.ModFileInfo/LOADING]: Found valid mod file MutantMonsters-v8.0.7-1.20.1-Forge.jar with {mutantmonsters} mods - versions {8.0.7}
[26Mar2025 23:04:21.109] [main/DEBUG] [net.minecraftforge.fml.loading.moddiscovery.ModFileParser/LOADING]: Considering mod file candidate /workspaces/server/servidor_minecraft/mods/pointblank-forge-1.20.1-1.9.6.jar
[26Mar2025 23:04:21.110] [main/DEBUG] [net.minecraftforge.fml.loading.moddiscovery.ModFileInfo/LOADING]: Found valid mod file pointblank-forge-1.20.1-1.9.6.jar with {pointblank} mods - versions {1.9.6}
[26Mar2025 23:04:21.113] [main/DEBUG] [net.minecraftforge.fml.loading.moddiscovery.ModFileParser/LOADING]: Considering mod file candidate /workspaces/server/servidor_minecraft/mods/PuzzlesLib-v4.4.3-1.19.2-Forge.jar
[26Mar2025 23:04:21.113] [main/DEBUG] [net.minecraftforge.fml.loading.moddiscovery.ModFileInfo/LOADING]: Found valid mod file PuzzlesLib-v4.4.3-1.19.2-Forge.jar with {puzzleslib} mods - versions {4.4.3}
[26Mar2025 23:04:21.117] [main/DEBUG] [net.minecraftforge.fml.loading.moddiscovery.ModFileParser/LOADING]: Considering mod file candidate /workspaces/server/servidor_minecraft/mods/PuzzlesLib-v8.1.25-1.20.1-Forge.jar
[26Mar2025 23:04:21.118] [main/DEBUG] [net.minecraftforge.fml.loading.moddiscovery.ModFileInfo/LOADING]: Found valid mod file PuzzlesLib-v8.1.25-1.20.1-Forge.jar with {puzzleslib} mods - versions {8.1.25}
[26Mar2025 23:04:21.129] [main/DEBUG] [net.minecraftforge.fml.loading.moddiscovery.ModFileParser/LOADING]: Considering mod file candidate /workspaces/server/servidor_minecraft/mods/sona-1.20.1-forge-1.2.1.jar
[26Mar2025 23:04:21.130] [main/DEBUG] [net.minecraftforge.fml.loading.moddiscovery.ModFileInfo/LOADING]: Found valid mod file sona-1.20.1-forge-1.2.1.jar with {sona} mods - versions {1.2.1}
[26Mar2025 23:04:21.131] [main/DEBUG] [net.minecraftforge.fml.loading.moddiscovery.ModFileParser/LOADING]: Considering mod file candidate /workspaces/server/servidor_minecraft/mods/tacz-1.20.1-1.1.4-hotfix-all.jar
[26Mar2025 23:04:21.132] [main/DEBUG] [net.minecraftforge.fml.loading.moddiscovery.ModFileInfo/LOADING]: Found valid mod file tacz-1.20.1-1.1.4-hotfix-all.jar with {tacz} mods - versions {1.1.4-hotfix}
[26Mar2025 23:04:21.133] [main/DEBUG] [net.minecraftforge.fml.loading.moddiscovery.ModFileParser/LOADING]: Considering mod file candidate /workspaces/server/servidor_minecraft/mods/tectonic-forge-1.20.1-2.4.1.jar
[26Mar2025 23:04:21.134] [main/DEBUG] [net.minecraftforge.fml.loading.moddiscovery.ModFileInfo/LOADING]: Found valid mod file tectonic-forge-1.20.1-2.4.1.jar with {tectonic} mods - versions {2.4.1}
[26Mar2025 23:04:21.135] [main/DEBUG] [net.minecraftforge.fml.loading.moddiscovery.ModFileParser/LOADING]: Considering mod file candidate /workspaces/server/servidor_minecraft/mods/Terralith_1.20.x_v2.5.4.jar
[26Mar2025 23:04:21.136] [main/DEBUG] [net.minecraftforge.fml.loading.moddiscovery.ModFileInfo/LOADING]: Found valid mod file Terralith_1.20.x_v2.5.4.jar with {terralith} mods - versions {2.5.4}
[26Mar2025 23:04:21.137] [main/DEBUG] [net.minecraftforge.fml.loading.moddiscovery.ModFileParser/LOADING]: Considering mod file candidate /workspaces/server/servidor_minecraft/mods/The_Graveyard_3.1_(FORGE)_for_1.20.1.jar
[26Mar2025 23:04:21.138] [main/DEBUG] [net.minecraftforge.fml.loading.moddiscovery.ModFileInfo/LOADING]: Found valid mod file The_Graveyard_3.1_(FORGE)_for_1.20.1.jar with {graveyard} mods - versions {3.1}
[26Mar2025 23:04:21.139] [main/DEBUG] [net.minecraftforge.fml.loading.moddiscovery.ModFileParser/LOADING]: Considering mod file candidate /workspaces/server/servidor_minecraft/mods/UndergroundBunkers-1.0.5-1.20.x-forge.jar
[26Mar2025 23:04:21.139] [main/DEBUG] [net.minecraftforge.fml.loading.moddiscovery.ModFileInfo/LOADING]: Found valid mod file UndergroundBunkers-1.0.5-1.20.x-forge.jar with {underground_bunkers} mods - versions {1.0.5}
[26Mar2025 23:04:21.140] [main/DEBUG] [net.minecraftforge.fml.loading.moddiscovery.ModFileParser/LOADING]: Considering mod file candidate /workspaces/server/servidor_minecraft/mods/wegotrunnners-0.7.1.1.20.1[SPANISH TRANSLATION UPDATE].jar
[26Mar2025 23:04:21.140] [main/DEBUG] [net.minecraftforge.fml.loading.moddiscovery.ModFileInfo/LOADING]: Found valid mod file wegotrunnners-0.7.1.1.20.1[SPANISH TRANSLATION UPDATE].jar with {wegotrunnners} mods - versions {1.0.0}
[26Mar2025 23:04:21.141] [main/DEBUG] [net.minecraftforge.fml.loading.moddiscovery.ModFileParser/LOADING]: Considering mod file candidate /workspaces/server/servidor_minecraft/mods/Zombie Island 1.20.1 0.1.3.3.jar
[26Mar2025 23:04:21.141] [main/DEBUG] [net.minecraftforge.fml.loading.moddiscovery.ModFileInfo/LOADING]: Found valid mod file Zombie Island 1.20.1 0.1.3.3.jar with {zombie_island} mods - versions {0.1.3.3}
[26Mar2025 23:04:21.142] [main/DEBUG] [net.minecraftforge.fml.loading.moddiscovery.ModFileParser/LOADING]: Considering mod file candidate /workspaces/server/servidor_minecraft/mods/Zombie Island 1.20.1 0.1.3.4.jar
[26Mar2025 23:04:21.142] [main/DEBUG] [net.minecraftforge.fml.loading.moddiscovery.ModFileInfo/LOADING]: Found valid mod file Zombie Island 1.20.1 0.1.3.4.jar with {zombie_extreme} mods - versions {0.2.6.4}
[26Mar2025 23:04:21.143] [main/DEBUG] [net.minecraftforge.fml.loading.moddiscovery.ModFileParser/LOADING]: Considering mod file candidate /workspaces/server/servidor_minecraft/mods/Zombie Survival Kit-1.20.1-forge-2.1.1.jar
[26Mar2025 23:04:21.144] [main/DEBUG] [net.minecraftforge.fml.loading.moddiscovery.ModFileInfo/LOADING]: Found valid mod file Zombie Survival Kit-1.20.1-forge-2.1.1.jar with {zombiekit} mods - versions {2.1.1}
[26Mar2025 23:04:21.145] [main/DEBUG] [net.minecraftforge.fml.loading.moddiscovery.ModFileParser/LOADING]: Considering mod file candidate /workspaces/server/servidor_minecraft/mods/zombiesmore-2.1.5-forge-1.20.1.jar
[26Mar2025 23:04:21.145] [main/DEBUG] [net.minecraftforge.fml.loading.moddiscovery.ModFileInfo/LOADING]: Found valid mod file zombiesmore-2.1.5-forge-1.20.1.jar with {zombiesmore} mods - versions {2.0.0}
[26Mar2025 23:04:21.279] [main/DEBUG] [net.minecraftforge.fml.loading.moddiscovery.ModFileInfo/LOADING]: Found valid mod file server-1.20.1-20230612.114412-srg.jar with {minecraft} mods - versions {1.20.1}
[26Mar2025 23:04:21.282] [main/DEBUG] [net.minecraftforge.fml.loading.moddiscovery.ModFileParser/LOADING]: Considering mod file candidate /workspaces/server/servidor_minecraft/libraries/net/minecraftforge/fmlcore/1.20.1-47.3.7/fmlcore-1.20.1-47.3.7.jar
[26Mar2025 23:04:21.282] [main/WARN] [net.minecraftforge.fml.loading.moddiscovery.ModFileParser/LOADING]: Mod file /workspaces/server/servidor_minecraft/libraries/net/minecraftforge/fmlcore/1.20.1-47.3.7/fmlcore-1.20.1-47.3.7.jar is missing mods.toml file
[26Mar2025 23:04:21.283] [main/DEBUG] [net.minecraftforge.fml.loading.moddiscovery.ModFileParser/LOADING]: Considering mod file candidate /workspaces/server/servidor_minecraft/libraries/net/minecraftforge/javafmllanguage/1.20.1-47.3.7/javafmllanguage-1.20.1-47.3.7.jar
[26Mar2025 23:04:21.284] [main/WARN] [net.minecraftforge.fml.loading.moddiscovery.ModFileParser/LOADING]: Mod file /workspaces/server/servidor_minecraft/libraries/net/minecraftforge/javafmllanguage/1.20.1-47.3.7/javafmllanguage-1.20.1-47.3.7.jar is missing mods.toml file
[26Mar2025 23:04:21.285] [main/DEBUG] [net.minecraftforge.fml.loading.moddiscovery.ModFileParser/LOADING]: Considering mod file candidate /workspaces/server/servidor_minecraft/libraries/net/minecraftforge/lowcodelanguage/1.20.1-47.3.7/lowcodelanguage-1.20.1-47.3.7.jar
[26Mar2025 23:04:21.285] [main/WARN] [net.minecraftforge.fml.loading.moddiscovery.ModFileParser/LOADING]: Mod file /workspaces/server/servidor_minecraft/libraries/net/minecraftforge/lowcodelanguage/1.20.1-47.3.7/lowcodelanguage-1.20.1-47.3.7.jar is missing mods.toml file
[26Mar2025 23:04:21.286] [main/DEBUG] [net.minecraftforge.fml.loading.moddiscovery.ModFileParser/LOADING]: Considering mod file candidate /workspaces/server/servidor_minecraft/libraries/net/minecraftforge/mclanguage/1.20.1-47.3.7/mclanguage-1.20.1-47.3.7.jar
[26Mar2025 23:04:21.286] [main/WARN] [net.minecraftforge.fml.loading.moddiscovery.ModFileParser/LOADING]: Mod file /workspaces/server/servidor_minecraft/libraries/net/minecraftforge/mclanguage/1.20.1-47.3.7/mclanguage-1.20.1-47.3.7.jar is missing mods.toml file
[26Mar2025 23:04:21.329] [main/DEBUG] [net.minecraftforge.fml.loading.moddiscovery.ModFileParser/LOADING]: Considering mod file candidate /workspaces/server/servidor_minecraft/libraries/net/minecraftforge/forge/1.20.1-47.3.7/forge-1.20.1-47.3.7-universal.jar
[26Mar2025 23:04:21.330] [main/DEBUG] [net.minecraftforge.fml.loading.moddiscovery.ModFileInfo/LOADING]: Found valid mod file forge-1.20.1-47.3.7-universal.jar with {forge} mods - versions {47.3.7}
[26Mar2025 23:04:21.335] [main/DEBUG] [net.minecraftforge.fml.loading.UniqueModListBuilder/]: Found 2 mods for first modid geckolib, selecting most recent based on version data
[26Mar2025 23:04:21.336] [main/DEBUG] [net.minecraftforge.fml.loading.UniqueModListBuilder/]: Selected file geckolib-forge-1.20.1-4.7.jar for modid geckolib with version 4.7
[26Mar2025 23:04:21.336] [main/DEBUG] [net.minecraftforge.fml.loading.UniqueModListBuilder/]: Found 2 mods for first modid puzzleslib, selecting most recent based on version data
[26Mar2025 23:04:21.336] [main/DEBUG] [net.minecraftforge.fml.loading.UniqueModListBuilder/]: Selected file PuzzlesLib-v8.1.25-1.20.1-Forge.jar for modid puzzleslib with version 8.1.25
[26Mar2025 23:04:21.343] [main/DEBUG] [net.minecraftforge.fml.loading.moddiscovery.AbstractJarFileDependencyLocator/]: Failed to load resource META-INF/jarjar/metadata.json from server-1.20.1-20230612.114412-srg.jar, it does not contain dependency information.
[26Mar2025 23:04:21.343] [main/DEBUG] [net.minecraftforge.fml.loading.moddiscovery.AbstractJarFileDependencyLocator/]: Failed to load resource META-INF/jarjar/metadata.json from Zombie Island 1.20.1 0.1.3.4.jar, it does not contain dependency information.
[26Mar2025 23:04:21.343] [main/DEBUG] [net.minecraftforge.fml.loading.moddiscovery.AbstractJarFileDependencyLocator/]: Failed to load resource META-INF/jarjar/metadata.json from mowziesmobs-1.7.1.jar, it does not contain dependency information.
[26Mar2025 23:04:21.344] [main/DEBUG] [net.minecraftforge.fml.loading.moddiscovery.AbstractJarFileDependencyLocator/]: Failed to load resource META-INF/jarjar/metadata.json from extragore-1.20.1-5.2.3.1.jar, it does not contain dependency information.
[26Mar2025 23:04:21.344] [main/DEBUG] [net.minecraftforge.fml.loading.moddiscovery.AbstractJarFileDependencyLocator/]: Failed to load resource META-INF/jarjar/metadata.json from Zombie Survival Kit-1.20.1-forge-2.1.1.jar, it does not contain dependency information.
[26Mar2025 23:04:21.344] [main/DEBUG] [net.minecraftforge.fml.loading.moddiscovery.AbstractJarFileDependencyLocator/]: Failed to load resource META-INF/jarjar/metadata.json from lrarmor-1.20.1-0.1.4.3.jar, it does not contain dependency information.
[26Mar2025 23:04:21.345] [main/DEBUG] [net.minecraftforge.fml.loading.moddiscovery.AbstractJarFileDependencyLocator/]: Failed to load resource META-INF/jarjar/metadata.json from Zombie Island 1.20.1 0.1.3.3.jar, it does not contain dependency information.
[26Mar2025 23:04:21.345] [main/DEBUG] [net.minecraftforge.fml.loading.moddiscovery.AbstractJarFileDependencyLocator/]: Failed to load resource META-INF/jarjar/metadata.json from jei-1.20.1-forge-15.20.0.106.jar, it does not contain dependency information.
[26Mar2025 23:04:21.345] [main/DEBUG] [net.minecraftforge.fml.loading.moddiscovery.AbstractJarFileDependencyLocator/]: Failed to load resource META-INF/jarjar/metadata.json from eeeabsmobs-1.20.1-0.97-Fix.jar, it does not contain dependency information.
[26Mar2025 23:04:21.345] [main/DEBUG] [net.minecraftforge.fml.loading.moddiscovery.AbstractJarFileDependencyLocator/]: Failed to load resource META-INF/jarjar/metadata.json from apocalypsenow-3.0.4-forge-1.20.1.jar, it does not contain dependency information.
[26Mar2025 23:04:21.345] [main/DEBUG] [net.minecraftforge.fml.loading.moddiscovery.AbstractJarFileDependencyLocator/]: Failed to load resource META-INF/jarjar/metadata.json from The_Graveyard_3.1_(FORGE)_for_1.20.1.jar, it does not contain dependency information.
[26Mar2025 23:04:21.346] [main/DEBUG] [net.minecraftforge.fml.loading.moddiscovery.AbstractJarFileDependencyLocator/]: Failed to load resource META-INF/jarjar/metadata.json from born_in_chaos_[Forge]1.20.1_1.6.3.jar, it does not contain dependency information.
[26Mar2025 23:04:21.346] [main/DEBUG] [net.minecraftforge.fml.loading.moddiscovery.AbstractJarFileDependencyLocator/]: Failed to load resource META-INF/jarjar/metadata.json from lionfishapi-2.4-Fix.jar, it does not contain dependency information.
[26Mar2025 23:04:21.346] [main/DEBUG] [net.minecraftforge.fml.loading.moddiscovery.AbstractJarFileDependencyLocator/]: Failed to load resource META-INF/jarjar/metadata.json from Extinction Z 1.20.1 1.1.2.jar, it does not contain dependency information.
[26Mar2025 23:04:21.346] [main/DEBUG] [net.minecraftforge.fml.loading.moddiscovery.AbstractJarFileDependencyLocator/]: Failed to load resource META-INF/jarjar/metadata.json from car-forge-1.20.1-1.0.34.jar, it does not contain dependency information.
[26Mar2025 23:04:21.346] [main/DEBUG] [net.minecraftforge.fml.loading.moddiscovery.AbstractJarFileDependencyLocator/]: Failed to load resource META-INF/jarjar/metadata.json from L_Enders_Cataclysm-2.62.jar, it does not contain dependency information.
[26Mar2025 23:04:21.347] [main/DEBUG] [net.minecraftforge.fml.loading.moddiscovery.AbstractJarFileDependencyLocator/]: Failed to load resource META-INF/jarjar/metadata.json from curios-forge-5.12.1+1.20.1.jar, it does not contain dependency information.
[26Mar2025 23:04:21.347] [main/DEBUG] [net.minecraftforge.fml.loading.moddiscovery.AbstractJarFileDependencyLocator/]: Failed to load resource META-INF/jarjar/metadata.json from zombiesmore-2.1.5-forge-1.20.1.jar, it does not contain dependency information.
[26Mar2025 23:04:21.347] [main/DEBUG] [net.minecraftforge.fml.loading.moddiscovery.AbstractJarFileDependencyLocator/]: Failed to load resource META-INF/jarjar/metadata.json from UndergroundBunkers-1.0.5-1.20.x-forge.jar, it does not contain dependency information.
[26Mar2025 23:04:21.347] [main/DEBUG] [net.minecraftforge.fml.loading.moddiscovery.AbstractJarFileDependencyLocator/]: Failed to load resource META-INF/jarjar/metadata.json from [1.20.1] SecurityCraft v1.9.12.jar, it does not contain dependency information.
[26Mar2025 23:04:21.347] [main/DEBUG] [net.minecraftforge.fml.loading.moddiscovery.AbstractJarFileDependencyLocator/]: Failed to load resource META-INF/jarjar/metadata.json from legendarymonsters-1.8.1 MC 1.20.1.jar, it does not contain dependency information.
[26Mar2025 23:04:21.347] [main/DEBUG] [net.minecraftforge.fml.loading.moddiscovery.AbstractJarFileDependencyLocator/]: Failed to load resource META-INF/jarjar/metadata.json from horror_element_mod-1.6.1-forge-1.20.1.jar, it does not contain dependency information.
[26Mar2025 23:04:21.348] [main/DEBUG] [net.minecraftforge.fml.loading.moddiscovery.AbstractJarFileDependencyLocator/]: Failed to load resource META-INF/jarjar/metadata.json from lostcities-1.20-7.3.6.jar, it does not contain dependency information.
[26Mar2025 23:04:21.348] [main/DEBUG] [net.minecraftforge.fml.loading.moddiscovery.AbstractJarFileDependencyLocator/]: Failed to load resource META-INF/jarjar/metadata.json from pointblank-forge-1.20.1-1.9.6.jar, it does not contain dependency information.
[26Mar2025 23:04:21.348] [main/DEBUG] [net.minecraftforge.fml.loading.moddiscovery.AbstractJarFileDependencyLocator/]: Failed to load resource META-INF/jarjar/metadata.json from wegotrunnners-0.7.1.1.20.1[SPANISH TRANSLATION UPDATE].jar, it does not contain dependency information.
[26Mar2025 23:04:21.348] [main/DEBUG] [net.minecraftforge.fml.loading.moddiscovery.AbstractJarFileDependencyLocator/]: Failed to load resource META-INF/jarjar/metadata.json from automobility-0.4.2+1.20.1-forge.jar, it does not contain dependency information.
[26Mar2025 23:04:21.348] [main/DEBUG] [net.minecraftforge.fml.loading.moddiscovery.AbstractJarFileDependencyLocator/]: Failed to load resource META-INF/jarjar/metadata.json from AI-Improvements-1.20-0.5.2.jar, it does not contain dependency information.
[26Mar2025 23:04:21.348] [main/DEBUG] [net.minecraftforge.fml.loading.moddiscovery.AbstractJarFileDependencyLocator/]: Failed to load resource META-INF/jarjar/metadata.json from Terralith_1.20.x_v2.5.4.jar, it does not contain dependency information.
[26Mar2025 23:04:21.348] [main/DEBUG] [net.minecraftforge.fml.loading.moddiscovery.AbstractJarFileDependencyLocator/]: Failed to load resource META-INF/jarjar/metadata.json from faded_conquest_2-1.3.0-forge-1.20.1.jar, it does not contain dependency information.
[26Mar2025 23:04:21.349] [main/DEBUG] [net.minecraftforge.fml.loading.moddiscovery.AbstractJarFileDependencyLocator/]: Failed to load resource META-INF/jarjar/metadata.json from forge-1.20.1-47.3.7-universal.jar, it does not contain dependency information.
[26Mar2025 23:04:21.349] [main/DEBUG] [net.minecraftforge.fml.loading.moddiscovery.AbstractJarFileDependencyLocator/]: Failed to load resource META-INF/jarjar/metadata.json from eh1.3.1-1.20.1.jar, it does not contain dependency information.
[26Mar2025 23:04:21.349] [main/DEBUG] [net.minecraftforge.fml.loading.moddiscovery.AbstractJarFileDependencyLocator/]: Failed to load resource META-INF/jarjar/metadata.json from explosiveenhancement-1.1.0-1.20.1-client-and-server.jar, it does not contain dependency information.
[26Mar2025 23:04:21.349] [main/DEBUG] [net.minecraftforge.fml.loading.moddiscovery.AbstractJarFileDependencyLocator/]: Failed to load resource META-INF/jarjar/metadata.json from sona-1.20.1-forge-1.2.1.jar, it does not contain dependency information.
[26Mar2025 23:04:21.349] [main/DEBUG] [net.minecraftforge.fml.loading.moddiscovery.AbstractJarFileDependencyLocator/]: Failed to load resource META-INF/jarjar/metadata.json from tectonic-forge-1.20.1-2.4.1.jar, it does not contain dependency information.
[26Mar2025 23:04:21.349] [main/DEBUG] [net.minecraftforge.fml.loading.moddiscovery.AbstractJarFileDependencyLocator/]: Failed to load resource META-INF/jarjar/metadata.json from mclanguage-1.20.1-47.3.7.jar, it does not contain dependency information.
[26Mar2025 23:04:21.349] [main/DEBUG] [net.minecraftforge.fml.loading.moddiscovery.AbstractJarFileDependencyLocator/]: Failed to load resource META-INF/jarjar/metadata.json from javafmllanguage-1.20.1-47.3.7.jar, it does not contain dependency information.
[26Mar2025 23:04:21.349] [main/DEBUG] [net.minecraftforge.fml.loading.moddiscovery.AbstractJarFileDependencyLocator/]: Failed to load resource META-INF/jarjar/metadata.json from fmlcore-1.20.1-47.3.7.jar, it does not contain dependency information.
[26Mar2025 23:04:21.350] [main/DEBUG] [net.minecraftforge.fml.loading.moddiscovery.AbstractJarFileDependencyLocator/]: Failed to load resource META-INF/jarjar/metadata.json from lowcodelanguage-1.20.1-47.3.7.jar, it does not contain dependency information.
[26Mar2025 23:04:21.483] [main/DEBUG] [net.minecraftforge.fml.loading.moddiscovery.ModFileParser/LOADING]: Considering mod file candidate 
[26Mar2025 23:04:21.484] [main/DEBUG] [net.minecraftforge.fml.loading.moddiscovery.ModFileInfo/LOADING]: Found valid mod file mixinextras-forge-0.3.6.jar with {mixinextras} mods - versions {0.3.6}
[26Mar2025 23:04:21.489] [main/DEBUG] [net.minecraftforge.fml.loading.moddiscovery.ModFileParser/LOADING]: Considering mod file candidate 
[26Mar2025 23:04:21.489] [main/DEBUG] [net.minecraftforge.fml.loading.moddiscovery.ModFileInfo/LOADING]: Found valid mod file puzzlesaccessapi-forge-8.0.7.jar with {puzzlesaccessapi} mods - versions {8.0.7}
[26Mar2025 23:04:21.489] [main/DEBUG] [net.minecraftforge.fml.loading.moddiscovery.AbstractJarFileDependencyLocator/]: Failed to load resource META-INF/jarjar/metadata.json from commons-math3-3.6.1.jar, it does not contain dependency information.
[26Mar2025 23:04:21.489] [main/DEBUG] [net.minecraftforge.fml.loading.moddiscovery.AbstractJarFileDependencyLocator/]: Failed to load resource META-INF/jarjar/metadata.json from luaj-core-3.0.8-figura.jar, it does not contain dependency information.
[26Mar2025 23:04:21.490] [main/DEBUG] [net.minecraftforge.fml.loading.moddiscovery.AbstractJarFileDependencyLocator/]: Failed to load resource META-INF/jarjar/metadata.json from luaj-jse-3.0.8-figura.jar, it does not contain dependency information.
[26Mar2025 23:04:21.490] [main/DEBUG] [net.minecraftforge.fml.loading.moddiscovery.AbstractJarFileDependencyLocator/]: Failed to load resource META-INF/jarjar/metadata.json from bcel-6.6.1.jar, it does not contain dependency information.
[26Mar2025 23:04:21.494] [main/DEBUG] [net.minecraftforge.fml.loading.moddiscovery.AbstractJarFileDependencyLocator/]: Failed to load resource META-INF/jarjar/metadata.json from mclib-20.jar, it does not contain dependency information.
[26Mar2025 23:04:21.494] [main/DEBUG] [net.minecraftforge.fml.loading.moddiscovery.AbstractJarFileDependencyLocator/]: Failed to load resource META-INF/jarjar/metadata.json from MixinExtras-0.3.6.jar, it does not contain dependency information.
[26Mar2025 23:04:21.518] [main/DEBUG] [net.minecraftforge.fml.loading.moddiscovery.ModFileParser/LOADING]: Considering mod file candidate 
[26Mar2025 23:04:21.519] [main/DEBUG] [net.minecraftforge.fml.loading.moddiscovery.ModFileInfo/LOADING]: Found valid mod file mixinextras-forge-0.3.6.jar with {mixinextras} mods - versions {0.3.6}
[26Mar2025 23:04:21.533] [main/DEBUG] [net.minecraftforge.fml.loading.moddiscovery.ModFileParser/LOADING]: Considering mod file candidate 
[26Mar2025 23:04:21.534] [main/DEBUG] [net.minecraftforge.fml.loading.moddiscovery.ModFileInfo/LOADING]: Found valid mod file puzzlesaccessapi-forge-8.0.7.jar with {puzzlesaccessapi} mods - versions {8.0.7}
[26Mar2025 23:04:21.575] [main/INFO] [net.minecraftforge.fml.loading.moddiscovery.JarInJarDependencyLocator/]: Found 8 dependencies adding them to mods collection
[26Mar2025 23:04:21.577] [main/DEBUG] [net.minecraftforge.fml.loading.moddiscovery.ModFileParser/LOADING]: Considering mod file candidate /workspaces/server/servidor_minecraft/mods/Zombie Island 1.20.1 0.1.3.4.jar
[26Mar2025 23:04:21.578] [main/DEBUG] [net.minecraftforge.fml.loading.moddiscovery.ModFileInfo/LOADING]: Found valid mod file Zombie Island 1.20.1 0.1.3.4.jar with {zombie_extreme} mods - versions {0.2.6.4}
[26Mar2025 23:04:21.581] [main/DEBUG] [net.minecraftforge.fml.loading.moddiscovery.ModFile/LOADING]: Loading mod file /workspaces/server/servidor_minecraft/mods/Zombie Island 1.20.1 0.1.3.4.jar with languages [LanguageSpec[languageName=javafml, acceptedVersions=[47,)]]
[26Mar2025 23:04:21.581] [main/DEBUG] [net.minecraftforge.fml.loading.moddiscovery.ModFileInfo/LOADING]: Found valid mod file server-1.20.1-20230612.114412-srg.jar with {minecraft} mods - versions {1.20.1}
[26Mar2025 23:04:21.582] [main/DEBUG] [net.minecraftforge.fml.loading.moddiscovery.ModFile/LOADING]: Loading mod file /workspaces/server/servidor_minecraft/libraries/net/minecraft/server/1.20.1-20230612.114412/server-1.20.1-20230612.114412-srg.jar with languages [LanguageSpec[languageName=minecraft, acceptedVersions=1]]
[26Mar2025 23:04:21.582] [main/DEBUG] [net.minecraftforge.fml.loading.moddiscovery.ModFileParser/LOADING]: Considering mod file candidate /workspaces/server/servidor_minecraft/mods/mowziesmobs-1.7.1.jar
[26Mar2025 23:04:21.583] [main/DEBUG] [net.minecraftforge.fml.loading.moddiscovery.ModFileInfo/LOADING]: Found valid mod file mowziesmobs-1.7.1.jar with {mowziesmobs} mods - versions {1.7.1}
[26Mar2025 23:04:21.583] [main/DEBUG] [net.minecraftforge.fml.loading.moddiscovery.ModFile/LOADING]: Loading mod file /workspaces/server/servidor_minecraft/mods/mowziesmobs-1.7.1.jar with languages [LanguageSpec[languageName=javafml, acceptedVersions=[43,)]]
[26Mar2025 23:04:21.583] [main/DEBUG] [net.minecraftforge.fml.loading.moddiscovery.ModFileParser/LOADING]: Considering mod file candidate /workspaces/server/servidor_minecraft/mods/extragore-1.20.1-5.2.3.1.jar
[26Mar2025 23:04:21.584] [main/DEBUG] [net.minecraftforge.fml.loading.moddiscovery.ModFileInfo/LOADING]: Found valid mod file extragore-1.20.1-5.2.3.1.jar with {extragore} mods - versions {5.2.3.1}
[26Mar2025 23:04:21.584] [main/DEBUG] [net.minecraftforge.fml.loading.moddiscovery.ModFile/LOADING]: Loading mod file /workspaces/server/servidor_minecraft/mods/extragore-1.20.1-5.2.3.1.jar with languages [LanguageSpec[languageName=javafml, acceptedVersions=[47,)]]
[26Mar2025 23:04:21.584] [main/DEBUG] [net.minecraftforge.fml.loading.moddiscovery.ModFileParser/LOADING]: Considering mod file candidate /workspaces/server/servidor_minecraft/mods/MutantMonsters-v8.0.7-1.20.1-Forge.jar
[26Mar2025 23:04:21.585] [main/DEBUG] [net.minecraftforge.fml.loading.moddiscovery.ModFileInfo/LOADING]: Found valid mod file MutantMonsters-v8.0.7-1.20.1-Forge.jar with {mutantmonsters} mods - versions {8.0.7}
[26Mar2025 23:04:21.585] [main/DEBUG] [net.minecraftforge.fml.loading.moddiscovery.ModFile/LOADING]: Loading mod file /workspaces/server/servidor_minecraft/mods/MutantMonsters-v8.0.7-1.20.1-Forge.jar with languages [LanguageSpec[languageName=javafml, acceptedVersions=[47,)]]
[26Mar2025 23:04:21.585] [main/DEBUG] [net.minecraftforge.fml.loading.moddiscovery.ModFileParser/LOADING]: Considering mod file candidate /workspaces/server/servidor_minecraft/mods/Zombie Survival Kit-1.20.1-forge-2.1.1.jar
[26Mar2025 23:04:21.586] [main/DEBUG] [net.minecraftforge.fml.loading.moddiscovery.ModFileInfo/LOADING]: Found valid mod file Zombie Survival Kit-1.20.1-forge-2.1.1.jar with {zombiekit} mods - versions {2.1.1}
[26Mar2025 23:04:21.586] [main/DEBUG] [net.minecraftforge.fml.loading.moddiscovery.ModFile/LOADING]: Loading mod file /workspaces/server/servidor_minecraft/mods/Zombie Survival Kit-1.20.1-forge-2.1.1.jar with languages [LanguageSpec[languageName=javafml, acceptedVersions=[47,)]]
[26Mar2025 23:04:21.586] [main/DEBUG] [net.minecraftforge.fml.loading.moddiscovery.ModFileParser/LOADING]: Considering mod file candidate /workspaces/server/servidor_minecraft/mods/geckolib-forge-1.20.1-4.7.jar
[26Mar2025 23:04:21.587] [main/DEBUG] [net.minecraftforge.fml.loading.moddiscovery.ModFileInfo/LOADING]: Found valid mod file geckolib-forge-1.20.1-4.7.jar with {geckolib} mods - versions {4.7}
[26Mar2025 23:04:21.587] [main/DEBUG] [net.minecraftforge.fml.loading.moddiscovery.ModFile/LOADING]: Loading mod file /workspaces/server/servidor_minecraft/mods/geckolib-forge-1.20.1-4.7.jar with languages [LanguageSpec[languageName=javafml, acceptedVersions=[47,)]]
[26Mar2025 23:04:21.587] [main/DEBUG] [net.minecraftforge.fml.loading.moddiscovery.ModFileParser/LOADING]: Considering mod file candidate /workspaces/server/servidor_minecraft/mods/lrarmor-1.20.1-0.1.4.3.jar
[26Mar2025 23:04:21.588] [main/DEBUG] [net.minecraftforge.fml.loading.moddiscovery.ModFileInfo/LOADING]: Found valid mod file lrarmor-1.20.1-0.1.4.3.jar with {lrarmor} mods - versions {0.1.4.3}
[26Mar2025 23:04:21.588] [main/DEBUG] [net.minecraftforge.fml.loading.moddiscovery.ModFile/LOADING]: Loading mod file /workspaces/server/servidor_minecraft/mods/lrarmor-1.20.1-0.1.4.3.jar with languages [LanguageSpec[languageName=javafml, acceptedVersions=[47,)]]
[26Mar2025 23:04:21.588] [main/DEBUG] [net.minecraftforge.fml.loading.moddiscovery.ModFileParser/LOADING]: Considering mod file candidate /workspaces/server/servidor_minecraft/mods/eeeabsmobs-1.20.1-0.97-Fix.jar
[26Mar2025 23:04:21.589] [main/DEBUG] [net.minecraftforge.fml.loading.moddiscovery.ModFileInfo/LOADING]: Found valid mod file eeeabsmobs-1.20.1-0.97-Fix.jar with {eeeabsmobs} mods - versions {1.20.1-0.97}
[26Mar2025 23:04:21.589] [main/DEBUG] [net.minecraftforge.fml.loading.moddiscovery.ModFile/LOADING]: Loading mod file /workspaces/server/servidor_minecraft/mods/eeeabsmobs-1.20.1-0.97-Fix.jar with languages [LanguageSpec[languageName=javafml, acceptedVersions=[47,)]]
[26Mar2025 23:04:21.589] [main/DEBUG] [net.minecraftforge.fml.loading.moddiscovery.ModFileParser/LOADING]: Considering mod file candidate /workspaces/server/servidor_minecraft/mods/jei-1.20.1-forge-15.20.0.106.jar
[26Mar2025 23:04:21.590] [main/DEBUG] [net.minecraftforge.fml.loading.moddiscovery.ModFileInfo/LOADING]: Found valid mod file jei-1.20.1-forge-15.20.0.106.jar with {jei} mods - versions {15.20.0.106}
[26Mar2025 23:04:21.590] [main/DEBUG] [net.minecraftforge.fml.loading.moddiscovery.ModFile/LOADING]: Loading mod file /workspaces/server/servidor_minecraft/mods/jei-1.20.1-forge-15.20.0.106.jar with languages [LanguageSpec[languageName=javafml, acceptedVersions=[47,)]]
[26Mar2025 23:04:21.590] [main/DEBUG] [net.minecraftforge.fml.loading.moddiscovery.ModFileParser/LOADING]: Considering mod file candidate /workspaces/server/servidor_minecraft/mods/Zombie Island 1.20.1 0.1.3.3.jar
[26Mar2025 23:04:21.591] [main/DEBUG] [net.minecraftforge.fml.loading.moddiscovery.ModFileInfo/LOADING]: Found valid mod file Zombie Island 1.20.1 0.1.3.3.jar with {zombie_island} mods - versions {0.1.3.3}
[26Mar2025 23:04:21.591] [main/DEBUG] [net.minecraftforge.fml.loading.moddiscovery.ModFile/LOADING]: Loading mod file /workspaces/server/servidor_minecraft/mods/Zombie Island 1.20.1 0.1.3.3.jar with languages [LanguageSpec[languageName=javafml, acceptedVersions=[47,)]]
[26Mar2025 23:04:21.591] [main/DEBUG] [net.minecraftforge.fml.loading.moddiscovery.ModFileParser/LOADING]: Considering mod file candidate /workspaces/server/servidor_minecraft/mods/apocalypsenow-3.0.4-forge-1.20.1.jar
[26Mar2025 23:04:21.591] [main/DEBUG] [net.minecraftforge.fml.loading.moddiscovery.ModFileInfo/LOADING]: Found valid mod file apocalypsenow-3.0.4-forge-1.20.1.jar with {apocalypsenow} mods - versions {3.0.4}
[26Mar2025 23:04:21.592] [main/DEBUG] [net.minecraftforge.fml.loading.moddiscovery.ModFile/LOADING]: Loading mod file /workspaces/server/servidor_minecraft/mods/apocalypsenow-3.0.4-forge-1.20.1.jar with languages [LanguageSpec[languageName=javafml, acceptedVersions=[47,)]]
[26Mar2025 23:04:21.592] [main/DEBUG] [net.minecraftforge.fml.loading.moddiscovery.ModFileParser/LOADING]: Considering mod file candidate /workspaces/server/servidor_minecraft/mods/The_Graveyard_3.1_(FORGE)_for_1.20.1.jar
[26Mar2025 23:04:21.592] [main/DEBUG] [net.minecraftforge.fml.loading.moddiscovery.ModFileInfo/LOADING]: Found valid mod file The_Graveyard_3.1_(FORGE)_for_1.20.1.jar with {graveyard} mods - versions {3.1}
[26Mar2025 23:04:21.592] [main/DEBUG] [net.minecraftforge.fml.loading.moddiscovery.ModFile/LOADING]: Loading mod file /workspaces/server/servidor_minecraft/mods/The_Graveyard_3.1_(FORGE)_for_1.20.1.jar with languages [LanguageSpec[languageName=javafml, acceptedVersions=[37,)]]
[26Mar2025 23:04:21.593] [main/DEBUG] [net.minecraftforge.fml.loading.moddiscovery.ModFileParser/LOADING]: Considering mod file candidate /workspaces/server/servidor_minecraft/mods/born_in_chaos_[Forge]1.20.1_1.6.3.jar
[26Mar2025 23:04:21.593] [main/DEBUG] [net.minecraftforge.fml.loading.moddiscovery.ModFileInfo/LOADING]: Found valid mod file born_in_chaos_[Forge]1.20.1_1.6.3.jar with {born_in_chaos_v1} mods - versions {1.6.3}
[26Mar2025 23:04:21.593] [main/DEBUG] [net.minecraftforge.fml.loading.moddiscovery.ModFile/LOADING]: Loading mod file /workspaces/server/servidor_minecraft/mods/born_in_chaos_[Forge]1.20.1_1.6.3.jar with languages [LanguageSpec[languageName=javafml, acceptedVersions=[47,)]]
[26Mar2025 23:04:21.593] [main/DEBUG] [net.minecraftforge.fml.loading.moddiscovery.ModFileParser/LOADING]: Considering mod file candidate /workspaces/server/servidor_minecraft/mods/tacz-1.20.1-1.1.4-hotfix-all.jar
[26Mar2025 23:04:21.594] [main/DEBUG] [net.minecraftforge.fml.loading.moddiscovery.ModFileInfo/LOADING]: Found valid mod file tacz-1.20.1-1.1.4-hotfix-all.jar with {tacz} mods - versions {1.1.4-hotfix}
[26Mar2025 23:04:21.594] [main/DEBUG] [net.minecraftforge.fml.loading.moddiscovery.ModFile/LOADING]: Loading mod file /workspaces/server/servidor_minecraft/mods/tacz-1.20.1-1.1.4-hotfix-all.jar with languages [LanguageSpec[languageName=javafml, acceptedVersions=[46,)]]
[26Mar2025 23:04:21.595] [main/DEBUG] [net.minecraftforge.fml.loading.moddiscovery.ModFileParser/LOADING]: Considering mod file candidate /workspaces/server/servidor_minecraft/mods/Extinction Z 1.20.1 1.1.2.jar
[26Mar2025 23:04:21.595] [main/DEBUG] [net.minecraftforge.fml.loading.moddiscovery.ModFileInfo/LOADING]: Found valid mod file Extinction Z 1.20.1 1.1.2.jar with {extinction} mods - versions {1.1.0}
[26Mar2025 23:04:21.595] [main/DEBUG] [net.minecraftforge.fml.loading.moddiscovery.ModFile/LOADING]: Loading mod file /workspaces/server/servidor_minecraft/mods/Extinction Z 1.20.1 1.1.2.jar with languages [LanguageSpec[languageName=javafml, acceptedVersions=[47,)]]
[26Mar2025 23:04:21.595] [main/DEBUG] [net.minecraftforge.fml.loading.moddiscovery.ModFileParser/LOADING]: Considering mod file candidate /workspaces/server/servidor_minecraft/mods/lionfishapi-2.4-Fix.jar
[26Mar2025 23:04:21.596] [main/DEBUG] [net.minecraftforge.fml.loading.moddiscovery.ModFileInfo/LOADING]: Found valid mod file lionfishapi-2.4-Fix.jar with {lionfishapi} mods - versions {2.4-Fix}
[26Mar2025 23:04:21.596] [main/DEBUG] [net.minecraftforge.fml.loading.moddiscovery.ModFile/LOADING]: Loading mod file /workspaces/server/servidor_minecraft/mods/lionfishapi-2.4-Fix.jar with languages [LanguageSpec[languageName=javafml, acceptedVersions=[47,)]]
[26Mar2025 23:04:21.596] [main/DEBUG] [net.minecraftforge.fml.loading.moddiscovery.ModFileParser/LOADING]: Considering mod file candidate /workspaces/server/servidor_minecraft/mods/car-forge-1.20.1-1.0.34.jar
[26Mar2025 23:04:21.596] [main/DEBUG] [net.minecraftforge.fml.loading.moddiscovery.ModFileInfo/LOADING]: Found valid mod file car-forge-1.20.1-1.0.34.jar with {car} mods - versions {1.20.1-1.0.34}
[26Mar2025 23:04:21.597] [main/DEBUG] [net.minecraftforge.fml.loading.moddiscovery.ModFile/LOADING]: Loading mod file /workspaces/server/servidor_minecraft/mods/car-forge-1.20.1-1.0.34.jar with languages [LanguageSpec[languageName=javafml, acceptedVersions=*]]
[26Mar2025 23:04:21.597] [main/DEBUG] [net.minecraftforge.fml.loading.moddiscovery.ModFileParser/LOADING]: Considering mod file candidate /workspaces/server/servidor_minecraft/mods/curios-forge-5.12.1+1.20.1.jar
[26Mar2025 23:04:21.597] [main/DEBUG] [net.minecraftforge.fml.loading.moddiscovery.ModFileInfo/LOADING]: Found valid mod file curios-forge-5.12.1+1.20.1.jar with {curios} mods - versions {5.12.1+1.20.1}
[26Mar2025 23:04:21.597] [main/DEBUG] [net.minecraftforge.fml.loading.moddiscovery.ModFile/LOADING]: Loading mod file /workspaces/server/servidor_minecraft/mods/curios-forge-5.12.1+1.20.1.jar with languages [LanguageSpec[languageName=javafml, acceptedVersions=[41,)]]
[26Mar2025 23:04:21.598] [main/DEBUG] [net.minecraftforge.fml.loading.moddiscovery.ModFileParser/LOADING]: Considering mod file candidate /workspaces/server/servidor_minecraft/mods/L_Enders_Cataclysm-2.62.jar
[26Mar2025 23:04:21.599] [main/DEBUG] [net.minecraftforge.fml.loading.moddiscovery.ModFileInfo/LOADING]: Found valid mod file L_Enders_Cataclysm-2.62.jar with {cataclysm} mods - versions {2.62}
[26Mar2025 23:04:21.599] [main/DEBUG] [net.minecraftforge.fml.loading.moddiscovery.ModFile/LOADING]: Loading mod file /workspaces/server/servidor_minecraft/mods/L_Enders_Cataclysm-2.62.jar with languages [LanguageSpec[languageName=javafml, acceptedVersions=[47,)]]
[26Mar2025 23:04:21.599] [main/DEBUG] [net.minecraftforge.fml.loading.moddiscovery.ModFileParser/LOADING]: Considering mod file candidate /workspaces/server/servidor_minecraft/mods/UndergroundBunkers-1.0.5-1.20.x-forge.jar
[26Mar2025 23:04:21.599] [main/DEBUG] [net.minecraftforge.fml.loading.moddiscovery.ModFileInfo/LOADING]: Found valid mod file UndergroundBunkers-1.0.5-1.20.x-forge.jar with {underground_bunkers} mods - versions {1.0.5}
[26Mar2025 23:04:21.600] [main/DEBUG] [net.minecraftforge.fml.loading.moddiscovery.ModFile/LOADING]: Loading mod file /workspaces/server/servidor_minecraft/mods/UndergroundBunkers-1.0.5-1.20.x-forge.jar with languages [LanguageSpec[languageName=javafml, acceptedVersions=[47,)]]
[26Mar2025 23:04:21.600] [main/DEBUG] [net.minecraftforge.fml.loading.moddiscovery.ModFileParser/LOADING]: Considering mod file candidate /workspaces/server/servidor_minecraft/mods/zombiesmore-2.1.5-forge-1.20.1.jar
[26Mar2025 23:04:21.600] [main/DEBUG] [net.minecraftforge.fml.loading.moddiscovery.ModFileInfo/LOADING]: Found valid mod file zombiesmore-2.1.5-forge-1.20.1.jar with {zombiesmore} mods - versions {2.0.0}
[26Mar2025 23:04:21.600] [main/DEBUG] [net.minecraftforge.fml.loading.moddiscovery.ModFile/LOADING]: Loading mod file /workspaces/server/servidor_minecraft/mods/zombiesmore-2.1.5-forge-1.20.1.jar with languages [LanguageSpec[languageName=javafml, acceptedVersions=[47,)]]
[26Mar2025 23:04:21.601] [main/DEBUG] [net.minecraftforge.fml.loading.moddiscovery.ModFileParser/LOADING]: Considering mod file candidate /workspaces/server/servidor_minecraft/mods/[1.20.1] SecurityCraft v1.9.12.jar
[26Mar2025 23:04:21.601] [main/DEBUG] [net.minecraftforge.fml.loading.moddiscovery.ModFileInfo/LOADING]: Found valid mod file [1.20.1] SecurityCraft v1.9.12.jar with {securitycraft} mods - versions {1.9.12}
[26Mar2025 23:04:21.601] [main/DEBUG] [net.minecraftforge.fml.loading.moddiscovery.ModFile/LOADING]: Loading mod file /workspaces/server/servidor_minecraft/mods/[1.20.1] SecurityCraft v1.9.12.jar with languages [LanguageSpec[languageName=javafml, acceptedVersions=[46,)]]
[26Mar2025 23:04:21.601] [main/DEBUG] [net.minecraftforge.fml.loading.moddiscovery.ModFileParser/LOADING]: Considering mod file candidate /workspaces/server/servidor_minecraft/mods/horror_element_mod-1.6.1-forge-1.20.1.jar
[26Mar2025 23:04:21.602] [main/DEBUG] [net.minecraftforge.fml.loading.moddiscovery.ModFileInfo/LOADING]: Found valid mod file horror_element_mod-1.6.1-forge-1.20.1.jar with {horror_element_mod} mods - versions {1.6.1}
[26Mar2025 23:04:21.602] [main/DEBUG] [net.minecraftforge.fml.loading.moddiscovery.ModFile/LOADING]: Loading mod file /workspaces/server/servidor_minecraft/mods/horror_element_mod-1.6.1-forge-1.20.1.jar with languages [LanguageSpec[languageName=javafml, acceptedVersions=[47,)]]
[26Mar2025 23:04:21.602] [main/DEBUG] [net.minecraftforge.fml.loading.moddiscovery.ModFileParser/LOADING]: Considering mod file candidate /workspaces/server/servidor_minecraft/mods/legendarymonsters-1.8.1 MC 1.20.1.jar
[26Mar2025 23:04:21.603] [main/DEBUG] [net.minecraftforge.fml.loading.moddiscovery.ModFileInfo/LOADING]: Found valid mod file legendarymonsters-1.8.1 MC 1.20.1.jar with {legendary_monsters} mods - versions {1.20.1}
[26Mar2025 23:04:21.603] [main/DEBUG] [net.minecraftforge.fml.loading.moddiscovery.ModFile/LOADING]: Loading mod file /workspaces/server/servidor_minecraft/mods/legendarymonsters-1.8.1 MC 1.20.1.jar with languages [LanguageSpec[languageName=javafml, acceptedVersions=[47,)]]
[26Mar2025 23:04:21.603] [main/DEBUG] [net.minecraftforge.fml.loading.moddiscovery.ModFileParser/LOADING]: Considering mod file candidate /workspaces/server/servidor_minecraft/mods/lostcities-1.20-7.3.6.jar
[26Mar2025 23:04:21.604] [main/DEBUG] [net.minecraftforge.fml.loading.moddiscovery.ModFileInfo/LOADING]: Found valid mod file lostcities-1.20-7.3.6.jar with {lostcities} mods - versions {1.20-7.3.6}
[26Mar2025 23:04:21.604] [main/DEBUG] [net.minecraftforge.fml.loading.moddiscovery.ModFile/LOADING]: Loading mod file /workspaces/server/servidor_minecraft/mods/lostcities-1.20-7.3.6.jar with languages [LanguageSpec[languageName=javafml, acceptedVersions=[47,)]]
[26Mar2025 23:04:21.604] [main/DEBUG] [net.minecraftforge.fml.loading.moddiscovery.ModFileParser/LOADING]: Considering mod file candidate /workspaces/server/servidor_minecraft/mods/pointblank-forge-1.20.1-1.9.6.jar
[26Mar2025 23:04:21.605] [main/DEBUG] [net.minecraftforge.fml.loading.moddiscovery.ModFileInfo/LOADING]: Found valid mod file pointblank-forge-1.20.1-1.9.6.jar with {pointblank} mods - versions {1.9.6}
[26Mar2025 23:04:21.605] [main/DEBUG] [net.minecraftforge.fml.loading.moddiscovery.ModFile/LOADING]: Loading mod file /workspaces/server/servidor_minecraft/mods/pointblank-forge-1.20.1-1.9.6.jar with languages [LanguageSpec[languageName=javafml, acceptedVersions=[47,)]]
[26Mar2025 23:04:21.605] [main/DEBUG] [net.minecraftforge.fml.loading.moddiscovery.ModFileParser/LOADING]: Considering mod file candidate /workspaces/server/servidor_minecraft/mods/automobility-0.4.2+1.20.1-forge.jar
[26Mar2025 23:04:21.605] [main/DEBUG] [net.minecraftforge.fml.loading.moddiscovery.ModFileInfo/LOADING]: Found valid mod file automobility-0.4.2+1.20.1-forge.jar with {automobility} mods - versions {0.4.2+1.20.1-forge}
[26Mar2025 23:04:21.606] [main/DEBUG] [net.minecraftforge.fml.loading.moddiscovery.ModFile/LOADING]: Loading mod file /workspaces/server/servidor_minecraft/mods/automobility-0.4.2+1.20.1-forge.jar with languages [LanguageSpec[languageName=javafml, acceptedVersions=[46,)]]
[26Mar2025 23:04:21.606] [main/DEBUG] [net.minecraftforge.fml.loading.moddiscovery.ModFileParser/LOADING]: Considering mod file candidate /workspaces/server/servidor_minecraft/mods/wegotrunnners-0.7.1.1.20.1[SPANISH TRANSLATION UPDATE].jar
[26Mar2025 23:04:21.606] [main/DEBUG] [net.minecraftforge.fml.loading.moddiscovery.ModFileInfo/LOADING]: Found valid mod file wegotrunnners-0.7.1.1.20.1[SPANISH TRANSLATION UPDATE].jar with {wegotrunnners} mods - versions {1.0.0}
[26Mar2025 23:04:21.606] [main/DEBUG] [net.minecraftforge.fml.loading.moddiscovery.ModFile/LOADING]: Loading mod file /workspaces/server/servidor_minecraft/mods/wegotrunnners-0.7.1.1.20.1[SPANISH TRANSLATION UPDATE].jar with languages [LanguageSpec[languageName=javafml, acceptedVersions=[47,)]]
[26Mar2025 23:04:21.606] [main/DEBUG] [net.minecraftforge.fml.loading.moddiscovery.ModFileParser/LOADING]: Considering mod file candidate /workspaces/server/servidor_minecraft/mods/AI-Improvements-1.20-0.5.2.jar
[26Mar2025 23:04:21.607] [main/DEBUG] [net.minecraftforge.fml.loading.moddiscovery.ModFileInfo/LOADING]: Found valid mod file AI-Improvements-1.20-0.5.2.jar with {aiimprovements} mods - versions {0.5.2}
[26Mar2025 23:04:21.607] [main/DEBUG] [net.minecraftforge.fml.loading.moddiscovery.ModFile/LOADING]: Loading mod file /workspaces/server/servidor_minecraft/mods/AI-Improvements-1.20-0.5.2.jar with languages [LanguageSpec[languageName=javafml, acceptedVersions=[46,)]]
[26Mar2025 23:04:21.607] [main/DEBUG] [net.minecraftforge.fml.loading.moddiscovery.ModFileParser/LOADING]: Considering mod file candidate /workspaces/server/servidor_minecraft/mods/PuzzlesLib-v8.1.25-1.20.1-Forge.jar
[26Mar2025 23:04:21.608] [main/DEBUG] [net.minecraftforge.fml.loading.moddiscovery.ModFileInfo/LOADING]: Found valid mod file PuzzlesLib-v8.1.25-1.20.1-Forge.jar with {puzzleslib} mods - versions {8.1.25}
[26Mar2025 23:04:21.608] [main/DEBUG] [net.minecraftforge.fml.loading.moddiscovery.ModFile/LOADING]: Loading mod file /workspaces/server/servidor_minecraft/mods/PuzzlesLib-v8.1.25-1.20.1-Forge.jar with languages [LanguageSpec[languageName=javafml, acceptedVersions=[47,)]]
[26Mar2025 23:04:21.608] [main/DEBUG] [net.minecraftforge.fml.loading.moddiscovery.ModFileParser/LOADING]: Considering mod file candidate /workspaces/server/servidor_minecraft/mods/Terralith_1.20.x_v2.5.4.jar
[26Mar2025 23:04:21.609] [main/DEBUG] [net.minecraftforge.fml.loading.moddiscovery.ModFileInfo/LOADING]: Found valid mod file Terralith_1.20.x_v2.5.4.jar with {terralith} mods - versions {2.5.4}
[26Mar2025 23:04:21.609] [main/DEBUG] [net.minecraftforge.fml.loading.moddiscovery.ModFile/LOADING]: Loading mod file /workspaces/server/servidor_minecraft/mods/Terralith_1.20.x_v2.5.4.jar with languages [LanguageSpec[languageName=lowcodefml, acceptedVersions=[1,)]]
[26Mar2025 23:04:21.609] [main/DEBUG] [net.minecraftforge.fml.loading.moddiscovery.ModFileParser/LOADING]: Considering mod file candidate /workspaces/server/servidor_minecraft/mods/faded_conquest_2-1.3.0-forge-1.20.1.jar
[26Mar2025 23:04:21.609] [main/DEBUG] [net.minecraftforge.fml.loading.moddiscovery.ModFileInfo/LOADING]: Found valid mod file faded_conquest_2-1.3.0-forge-1.20.1.jar with {faded_conquest_2} mods - versions {1.3.0}
[26Mar2025 23:04:21.610] [main/DEBUG] [net.minecraftforge.fml.loading.moddiscovery.ModFile/LOADING]: Loading mod file /workspaces/server/servidor_minecraft/mods/faded_conquest_2-1.3.0-forge-1.20.1.jar with languages [LanguageSpec[languageName=javafml, acceptedVersions=[47,)]]
[26Mar2025 23:04:21.610] [main/DEBUG] [net.minecraftforge.fml.loading.moddiscovery.ModFileParser/LOADING]: Considering mod file candidate 
[26Mar2025 23:04:21.610] [main/DEBUG] [net.minecraftforge.fml.loading.moddiscovery.ModFileInfo/LOADING]: Found valid mod file puzzlesaccessapi-forge-8.0.7.jar with {puzzlesaccessapi} mods - versions {8.0.7}
[26Mar2025 23:04:21.610] [main/DEBUG] [net.minecraftforge.fml.loading.moddiscovery.ModFile/LOADING]: Loading mod file  with languages [LanguageSpec[languageName=javafml, acceptedVersions=[47,)]]
[26Mar2025 23:04:21.610] [main/DEBUG] [net.minecraftforge.fml.loading.moddiscovery.ModFileParser/LOADING]: Considering mod file candidate /workspaces/server/servidor_minecraft/libraries/net/minecraftforge/forge/1.20.1-47.3.7/forge-1.20.1-47.3.7-universal.jar
[26Mar2025 23:04:21.611] [main/DEBUG] [net.minecraftforge.fml.loading.moddiscovery.ModFileInfo/LOADING]: Found valid mod file forge-1.20.1-47.3.7-universal.jar with {forge} mods - versions {47.3.7}
[26Mar2025 23:04:21.611] [main/DEBUG] [net.minecraftforge.fml.loading.moddiscovery.ModFile/LOADING]: Loading mod file /workspaces/server/servidor_minecraft/libraries/net/minecraftforge/forge/1.20.1-47.3.7/forge-1.20.1-47.3.7-universal.jar with languages [LanguageSpec[languageName=javafml, acceptedVersions=[24,]]]
[26Mar2025 23:04:21.613] [main/DEBUG] [net.minecraftforge.fml.loading.moddiscovery.ModFileParser/LOADING]: Found coremod field_to_method with Javascript path coremods/field_to_method.js
[26Mar2025 23:04:21.614] [main/DEBUG] [net.minecraftforge.fml.loading.moddiscovery.ModFileParser/LOADING]: Found coremod field_to_instanceof with Javascript path coremods/field_to_instanceof.js
[26Mar2025 23:04:21.614] [main/DEBUG] [net.minecraftforge.fml.loading.moddiscovery.ModFileParser/LOADING]: Found coremod add_bouncer_method with Javascript path coremods/add_bouncer_method.js
[26Mar2025 23:04:21.614] [main/DEBUG] [net.minecraftforge.fml.loading.moddiscovery.ModFileParser/LOADING]: Found coremod method_redirector with Javascript path coremods/method_redirector.js
[26Mar2025 23:04:21.614] [main/DEBUG] [net.minecraftforge.fml.loading.moddiscovery.ModFile/LOADING]: Found coremod coremods/field_to_method.js
[26Mar2025 23:04:21.614] [main/DEBUG] [net.minecraftforge.fml.loading.moddiscovery.ModFile/LOADING]: Found coremod coremods/field_to_instanceof.js
[26Mar2025 23:04:21.614] [main/DEBUG] [net.minecraftforge.fml.loading.moddiscovery.ModFile/LOADING]: Found coremod coremods/add_bouncer_method.js
[26Mar2025 23:04:21.614] [main/DEBUG] [net.minecraftforge.fml.loading.moddiscovery.ModFile/LOADING]: Found coremod coremods/method_redirector.js
[26Mar2025 23:04:21.614] [main/DEBUG] [net.minecraftforge.fml.loading.moddiscovery.ModFileParser/LOADING]: Considering mod file candidate /workspaces/server/servidor_minecraft/mods/eh1.3.1-1.20.1.jar
[26Mar2025 23:04:21.615] [main/DEBUG] [net.minecraftforge.fml.loading.moddiscovery.ModFileInfo/LOADING]: Found valid mod file eh1.3.1-1.20.1.jar with {horde_hoard} mods - versions {1.1.0}
[26Mar2025 23:04:21.615] [main/DEBUG] [net.minecraftforge.fml.loading.moddiscovery.ModFile/LOADING]: Loading mod file /workspaces/server/servidor_minecraft/mods/eh1.3.1-1.20.1.jar with languages [LanguageSpec[languageName=javafml, acceptedVersions=[47,)]]
[26Mar2025 23:04:21.615] [main/DEBUG] [net.minecraftforge.fml.loading.moddiscovery.ModFileParser/LOADING]: Considering mod file candidate /workspaces/server/servidor_minecraft/mods/explosiveenhancement-1.1.0-1.20.1-client-and-server.jar
[26Mar2025 23:04:21.616] [main/DEBUG] [net.minecraftforge.fml.loading.moddiscovery.ModFileInfo/LOADING]: Found valid mod file explosiveenhancement-1.1.0-1.20.1-client-and-server.jar with {explosiveenhancement} mods - versions {1.1.0}
[26Mar2025 23:04:21.616] [main/DEBUG] [net.minecraftforge.fml.loading.moddiscovery.ModFile/LOADING]: Loading mod file /workspaces/server/servidor_minecraft/mods/explosiveenhancement-1.1.0-1.20.1-client-and-server.jar with languages [LanguageSpec[languageName=javafml, acceptedVersions=[47,)]]
[26Mar2025 23:04:21.616] [main/DEBUG] [net.minecraftforge.fml.loading.moddiscovery.ModFileParser/LOADING]: Considering mod file candidate /workspaces/server/servidor_minecraft/mods/sona-1.20.1-forge-1.2.1.jar
[26Mar2025 23:04:21.617] [main/DEBUG] [net.minecraftforge.fml.loading.moddiscovery.ModFileInfo/LOADING]: Found valid mod file sona-1.20.1-forge-1.2.1.jar with {sona} mods - versions {1.2.1}
[26Mar2025 23:04:21.617] [main/DEBUG] [net.minecraftforge.fml.loading.moddiscovery.ModFile/LOADING]: Loading mod file /workspaces/server/servidor_minecraft/mods/sona-1.20.1-forge-1.2.1.jar with languages [LanguageSpec[languageName=javafml, acceptedVersions=[47,)]]
[26Mar2025 23:04:21.617] [main/DEBUG] [net.minecraftforge.fml.loading.moddiscovery.ModFileParser/LOADING]: Considering mod file candidate /workspaces/server/servidor_minecraft/mods/tectonic-forge-1.20.1-2.4.1.jar
[26Mar2025 23:04:21.618] [main/DEBUG] [net.minecraftforge.fml.loading.moddiscovery.ModFileInfo/LOADING]: Found valid mod file tectonic-forge-1.20.1-2.4.1.jar with {tectonic} mods - versions {2.4.1}
[26Mar2025 23:04:21.618] [main/DEBUG] [net.minecraftforge.fml.loading.moddiscovery.ModFile/LOADING]: Loading mod file /workspaces/server/servidor_minecraft/mods/tectonic-forge-1.20.1-2.4.1.jar with languages [LanguageSpec[languageName=javafml, acceptedVersions=[44,)]]
[26Mar2025 23:04:21.618] [main/DEBUG] [net.minecraftforge.fml.loading.moddiscovery.ModFile/LOADING]: Loading mod file  with languages []
[26Mar2025 23:04:21.618] [main/DEBUG] [net.minecraftforge.fml.loading.moddiscovery.ModFile/LOADING]: Loading mod file  with languages []
[26Mar2025 23:04:21.618] [main/DEBUG] [net.minecraftforge.fml.loading.moddiscovery.ModFile/LOADING]: Loading mod file  with languages []
[26Mar2025 23:04:21.618] [main/DEBUG] [net.minecraftforge.fml.loading.moddiscovery.ModFile/LOADING]: Loading mod file  with languages []
[26Mar2025 23:04:21.618] [main/DEBUG] [net.minecraftforge.fml.loading.moddiscovery.ModFileParser/LOADING]: Considering mod file candidate 
[26Mar2025 23:04:21.619] [main/DEBUG] [net.minecraftforge.fml.loading.moddiscovery.ModFileInfo/LOADING]: Found valid mod file mixinextras-forge-0.3.6.jar with {mixinextras} mods - versions {0.3.6}
[26Mar2025 23:04:21.619] [main/DEBUG] [net.minecraftforge.fml.loading.moddiscovery.ModFile/LOADING]: Loading mod file  with languages [LanguageSpec[languageName=javafml, acceptedVersions=*]]
[26Mar2025 23:04:21.619] [main/DEBUG] [net.minecraftforge.fml.loading.moddiscovery.ModFile/LOADING]: Loading mod file  with languages []
[26Mar2025 23:04:21.619] [main/DEBUG] [net.minecraftforge.fml.loading.moddiscovery.ModFile/LOADING]: Loading mod file  with languages []
[26Mar2025 23:04:21.619] [main/DEBUG] [net.minecraftforge.fml.loading.moddiscovery.ModFile/LOADING]: Loading mod file  with languages []
[26Mar2025 23:04:21.619] [main/DEBUG] [net.minecraftforge.fml.loading.moddiscovery.ModFile/LOADING]: Loading mod file  with languages []
[26Mar2025 23:04:21.620] [main/DEBUG] [net.minecraftforge.fml.loading.moddiscovery.ModFile/LOADING]: Loading mod file  with languages []
[26Mar2025 23:04:21.620] [main/DEBUG] [net.minecraftforge.fml.loading.moddiscovery.ModFile/LOADING]: Loading mod file  with languages []
[26Mar2025 23:04:21.620] [main/DEBUG] [net.minecraftforge.fml.loading.moddiscovery.ModFileParser/LOADING]: Considering mod file candidate 
[26Mar2025 23:04:21.620] [main/DEBUG] [net.minecraftforge.fml.loading.moddiscovery.ModFileInfo/LOADING]: Found valid mod file mixinextras-forge-0.3.6.jar with {mixinextras} mods - versions {0.3.6}
[26Mar2025 23:04:21.620] [main/DEBUG] [net.minecraftforge.fml.loading.moddiscovery.ModFile/LOADING]: Loading mod file  with languages [LanguageSpec[languageName=javafml, acceptedVersions=*]]
[26Mar2025 23:04:21.621] [main/DEBUG] [net.minecraftforge.fml.loading.moddiscovery.ModFile/LOADING]: Loading mod file  with languages []
[26Mar2025 23:04:21.621] [main/DEBUG] [net.minecraftforge.fml.loading.moddiscovery.ModFile/LOADING]: Loading mod file  with languages []
[26Mar2025 23:04:21.621] [main/DEBUG] [cpw.mods.modlauncher.TransformationServiceDecorator/MODLAUNCHER]: End scan trigger - transformation service fml
[26Mar2025 23:04:21.632] [main/DEBUG] [net.minecraftforge.fml.loading.LanguageLoadingProvider/CORE]: Found 3 language providers
[26Mar2025 23:04:21.633] [main/DEBUG] [net.minecraftforge.fml.loading.LanguageLoadingProvider/CORE]: Found language provider minecraft, version 1.0
[26Mar2025 23:04:21.634] [main/DEBUG] [net.minecraftforge.fml.loading.LanguageLoadingProvider/CORE]: Found language provider lowcodefml, version 47
[26Mar2025 23:04:21.634] [main/DEBUG] [net.minecraftforge.fml.loading.LanguageLoadingProvider/CORE]: Found language provider javafml, version 47
[26Mar2025 23:04:21.638] [main/DEBUG] [net.minecraftforge.fml.loading.UniqueModListBuilder/]: Found 2 mods for first modid mclib, selecting most recent based on version data
[26Mar2025 23:04:21.639] [main/DEBUG] [net.minecraftforge.fml.loading.UniqueModListBuilder/]: Selected file mclib-20.jar for modid mclib with version 0.0NONE
[26Mar2025 23:04:21.639] [main/DEBUG] [net.minecraftforge.fml.loading.UniqueModListBuilder/]: Found 2 mods for first modid luaj.jse.figura, selecting most recent based on version data
[26Mar2025 23:04:21.639] [main/DEBUG] [net.minecraftforge.fml.loading.UniqueModListBuilder/]: Selected file luaj-jse-3.0.8-figura.jar for modid luaj.jse.figura with version 0.0NONE
[26Mar2025 23:04:21.639] [main/DEBUG] [net.minecraftforge.fml.loading.UniqueModListBuilder/]: Found 2 mods for first modid org.apache.bcel, selecting most recent based on version data
[26Mar2025 23:04:21.639] [main/DEBUG] [net.minecraftforge.fml.loading.UniqueModListBuilder/]: Selected file bcel-6.6.1.jar for modid org.apache.bcel with version 6.6.1
[26Mar2025 23:04:21.639] [main/DEBUG] [net.minecraftforge.fml.loading.UniqueModListBuilder/]: Found 2 mods for first modid luaj.core.figura, selecting most recent based on version data
[26Mar2025 23:04:21.639] [main/DEBUG] [net.minecraftforge.fml.loading.UniqueModListBuilder/]: Selected file luaj-core-3.0.8-figura.jar for modid luaj.core.figura with version 0.0NONE
[26Mar2025 23:04:21.639] [main/DEBUG] [net.minecraftforge.fml.loading.UniqueModListBuilder/]: Found 2 mods for first modid mixinextras, selecting most recent based on version data
[26Mar2025 23:04:21.639] [main/DEBUG] [net.minecraftforge.fml.loading.UniqueModListBuilder/]: Selected file mixinextras-forge-0.3.6.jar for modid mixinextras with version 0.3.6
[26Mar2025 23:04:21.640] [main/DEBUG] [net.minecraftforge.fml.loading.UniqueModListBuilder/]: Found 2 mods for first modid MixinExtras, selecting most recent based on version data
[26Mar2025 23:04:21.640] [main/DEBUG] [net.minecraftforge.fml.loading.UniqueModListBuilder/]: Selected file MixinExtras-0.3.6.jar for modid MixinExtras with version 0.0NONE
[26Mar2025 23:04:21.640] [main/DEBUG] [net.minecraftforge.fml.loading.UniqueModListBuilder/]: Found 2 mods for first modid commons.math3, selecting most recent based on version data
[26Mar2025 23:04:21.640] [main/DEBUG] [net.minecraftforge.fml.loading.UniqueModListBuilder/]: Selected file commons-math3-3.6.1.jar for modid commons.math3 with version 3.6.1
[26Mar2025 23:04:21.641] [main/DEBUG] [net.minecraftforge.fml.loading.ModSorter/]: Configured system mods: [minecraft, forge]
[26Mar2025 23:04:21.642] [main/DEBUG] [net.minecraftforge.fml.loading.ModSorter/]: Found system mod: minecraft
[26Mar2025 23:04:21.642] [main/DEBUG] [net.minecraftforge.fml.loading.ModSorter/]: Found system mod: forge
[26Mar2025 23:04:21.644] [main/DEBUG] [net.minecraftforge.fml.loading.ModSorter/LOADING]: Found 86 mod requirements (69 mandatory, 17 optional)
[26Mar2025 23:04:21.645] [main/DEBUG] [net.minecraftforge.fml.loading.ModSorter/LOADING]: Found 0 mod requirements missing (0 mandatory, 0 optional)
[26Mar2025 23:04:22.087] [main/DEBUG] [cpw.mods.modlauncher.TransformationServicesHandler/MODLAUNCHER]: Transformation services loading transformers
[26Mar2025 23:04:22.087] [main/DEBUG] [cpw.mods.modlauncher.TransformationServiceDecorator/MODLAUNCHER]: Initializing transformers for transformation service mixin
[26Mar2025 23:04:22.089] [main/DEBUG] [cpw.mods.modlauncher.TransformationServiceDecorator/MODLAUNCHER]: Initialized transformers for transformation service mixin
[26Mar2025 23:04:22.090] [main/DEBUG] [cpw.mods.modlauncher.TransformationServiceDecorator/MODLAUNCHER]: Initializing transformers for transformation service fml
[26Mar2025 23:04:22.090] [main/DEBUG] [net.minecraftforge.fml.loading.FMLServiceProvider/CORE]: Loading coremod transformers
[26Mar2025 23:04:22.090] [main/DEBUG] [net.minecraftforge.coremod.CoreModEngine/COREMOD]: Loading CoreMod from coremods/field_to_method.js
[26Mar2025 23:04:22.257] [main/DEBUG] [net.minecraftforge.coremod.CoreModEngine/COREMOD]: CoreMod loaded successfully
[26Mar2025 23:04:22.258] [main/DEBUG] [net.minecraftforge.coremod.CoreModEngine/COREMOD]: Loading CoreMod from coremods/field_to_instanceof.js
[26Mar2025 23:04:22.312] [main/DEBUG] [net.minecraftforge.coremod.CoreModEngine/COREMOD]: CoreMod loaded successfully
[26Mar2025 23:04:22.313] [main/DEBUG] [net.minecraftforge.coremod.CoreModEngine/COREMOD]: Loading CoreMod from coremods/add_bouncer_method.js
[26Mar2025 23:04:22.350] [main/DEBUG] [net.minecraftforge.coremod.CoreModEngine/COREMOD]: CoreMod loaded successfully
[26Mar2025 23:04:22.350] [main/DEBUG] [net.minecraftforge.coremod.CoreModEngine/COREMOD]: Loading CoreMod from coremods/method_redirector.js
[26Mar2025 23:04:22.411] [main/DEBUG] [net.minecraftforge.coremod.CoreModEngine/COREMOD]: CoreMod loaded successfully
[26Mar2025 23:04:22.420] [main/DEBUG] [cpw.mods.modlauncher.TransformStore/MODLAUNCHER]: Adding transformer net.minecraftforge.coremod.transformer.CoreModClassTransformer@66236a0a to Target : CLASS {Lnet/minecraft/world/level/biome/Biome;} {} {V}
[26Mar2025 23:04:22.421] [main/DEBUG] [cpw.mods.modlauncher.TransformStore/MODLAUNCHER]: Adding transformer net.minecraftforge.coremod.transformer.CoreModClassTransformer@633fd91 to Target : CLASS {Lnet/minecraft/world/level/levelgen/structure/Structure;} {} {V}
[26Mar2025 23:04:22.421] [main/DEBUG] [cpw.mods.modlauncher.TransformStore/MODLAUNCHER]: Adding transformer net.minecraftforge.coremod.transformer.CoreModClassTransformer@355c94be to Target : CLASS {Lnet/minecraft/world/effect/MobEffectInstance;} {} {V}
[26Mar2025 23:04:22.421] [main/DEBUG] [cpw.mods.modlauncher.TransformStore/MODLAUNCHER]: Adding transformer net.minecraftforge.coremod.transformer.CoreModClassTransformer@97a145b to Target : CLASS {Lnet/minecraft/world/level/block/LiquidBlock;} {} {V}
[26Mar2025 23:04:22.421] [main/DEBUG] [cpw.mods.modlauncher.TransformStore/MODLAUNCHER]: Adding transformer net.minecraftforge.coremod.transformer.CoreModClassTransformer@c386958 to Target : CLASS {Lnet/minecraft/world/item/BucketItem;} {} {V}
[26Mar2025 23:04:22.422] [main/DEBUG] [cpw.mods.modlauncher.TransformStore/MODLAUNCHER]: Adding transformer net.minecraftforge.coremod.transformer.CoreModClassTransformer@157ec23b to Target : CLASS {Lnet/minecraft/world/level/block/StairBlock;} {} {V}
[26Mar2025 23:04:22.422] [main/DEBUG] [cpw.mods.modlauncher.TransformStore/MODLAUNCHER]: Adding transformer net.minecraftforge.coremod.transformer.CoreModClassTransformer@44d64d4e to Target : CLASS {Lnet/minecraft/world/level/block/FlowerPotBlock;} {} {V}
[26Mar2025 23:04:22.422] [main/DEBUG] [cpw.mods.modlauncher.TransformStore/MODLAUNCHER]: Adding transformer net.minecraftforge.coremod.transformer.CoreModClassTransformer@1dd74143 to Target : CLASS {Lnet/minecraft/world/item/ItemStack;} {} {V}
[26Mar2025 23:04:22.422] [main/DEBUG] [cpw.mods.modlauncher.TransformStore/MODLAUNCHER]: Adding transformer net.minecraftforge.coremod.transformer.CoreModClassTransformer@526a9908 to Target : CLASS {Lnet/minecraft/network/play/client/CClientSettingsPacket;} {} {V}
[26Mar2025 23:04:22.422] [main/DEBUG] [cpw.mods.modlauncher.TransformStore/MODLAUNCHER]: Adding transformer net.minecraftforge.coremod.transformer.CoreModClassTransformer@3166f664 to Target : CLASS {Lnet/minecraft/world/level/levelgen/structure/templatesystem/StructureTemplate;} {} {V}
[26Mar2025 23:04:22.422] [main/DEBUG] [cpw.mods.modlauncher.TransformStore/MODLAUNCHER]: Adding transformer net.minecraftforge.coremod.transformer.CoreModClassTransformer@3166f664 to Target : CLASS {Lnet/minecraft/world/level/levelgen/structure/structures/WoodlandMansionPieces$WoodlandMansionPiece;} {} {V}
[26Mar2025 23:04:22.422] [main/DEBUG] [cpw.mods.modlauncher.TransformStore/MODLAUNCHER]: Adding transformer net.minecraftforge.coremod.transformer.CoreModClassTransformer@3166f664 to Target : CLASS {Lnet/minecraft/world/entity/monster/Strider;} {} {V}
[26Mar2025 23:04:22.422] [main/DEBUG] [cpw.mods.modlauncher.TransformStore/MODLAUNCHER]: Adding transformer net.minecraftforge.coremod.transformer.CoreModClassTransformer@3166f664 to Target : CLASS {Lnet/minecraft/world/level/NaturalSpawner;} {} {V}
[26Mar2025 23:04:22.422] [main/DEBUG] [cpw.mods.modlauncher.TransformStore/MODLAUNCHER]: Adding transformer net.minecraftforge.coremod.transformer.CoreModClassTransformer@3166f664 to Target : CLASS {Lnet/minecraft/world/level/levelgen/PatrolSpawner;} {} {V}
[26Mar2025 23:04:22.423] [main/DEBUG] [cpw.mods.modlauncher.TransformStore/MODLAUNCHER]: Adding transformer net.minecraftforge.coremod.transformer.CoreModClassTransformer@3166f664 to Target : CLASS {Lnet/minecraft/world/level/levelgen/structure/structures/OceanMonumentPieces$OceanMonumentPiece;} {} {V}
[26Mar2025 23:04:22.423] [main/DEBUG] [cpw.mods.modlauncher.TransformStore/MODLAUNCHER]: Adding transformer net.minecraftforge.coremod.transformer.CoreModClassTransformer@3166f664 to Target : CLASS {Lnet/minecraft/world/entity/ai/village/VillageSiege;} {} {V}
[26Mar2025 23:04:22.423] [main/DEBUG] [cpw.mods.modlauncher.TransformStore/MODLAUNCHER]: Adding transformer net.minecraftforge.coremod.transformer.CoreModClassTransformer@3166f664 to Target : CLASS {Lnet/minecraft/world/entity/animal/horse/SkeletonTrapGoal;} {} {V}
[26Mar2025 23:04:22.423] [main/DEBUG] [cpw.mods.modlauncher.TransformStore/MODLAUNCHER]: Adding transformer net.minecraftforge.coremod.transformer.CoreModClassTransformer@3166f664 to Target : CLASS {Lnet/minecraft/world/entity/raid/Raid;} {} {V}
[26Mar2025 23:04:22.423] [main/DEBUG] [cpw.mods.modlauncher.TransformStore/MODLAUNCHER]: Adding transformer net.minecraftforge.coremod.transformer.CoreModClassTransformer@3166f664 to Target : CLASS {Lnet/minecraft/server/commands/RaidCommand;} {} {V}
[26Mar2025 23:04:22.423] [main/DEBUG] [cpw.mods.modlauncher.TransformStore/MODLAUNCHER]: Adding transformer net.minecraftforge.coremod.transformer.CoreModClassTransformer@3166f664 to Target : CLASS {Lnet/minecraft/world/entity/npc/CatSpawner;} {} {V}
[26Mar2025 23:04:22.423] [main/DEBUG] [cpw.mods.modlauncher.TransformStore/MODLAUNCHER]: Adding transformer net.minecraftforge.coremod.transformer.CoreModClassTransformer@3166f664 to Target : CLASS {Lnet/minecraft/world/entity/monster/Spider;} {} {V}
[26Mar2025 23:04:22.423] [main/DEBUG] [cpw.mods.modlauncher.TransformStore/MODLAUNCHER]: Adding transformer net.minecraftforge.coremod.transformer.CoreModClassTransformer@3166f664 to Target : CLASS {Lnet/minecraft/world/entity/monster/Zombie;} {} {V}
[26Mar2025 23:04:22.423] [main/DEBUG] [cpw.mods.modlauncher.TransformStore/MODLAUNCHER]: Adding transformer net.minecraftforge.coremod.transformer.CoreModClassTransformer@3166f664 to Target : CLASS {Lnet/minecraft/world/level/levelgen/structure/structures/SwampHutPiece;} {} {V}
[26Mar2025 23:04:22.423] [main/DEBUG] [cpw.mods.modlauncher.TransformStore/MODLAUNCHER]: Adding transformer net.minecraftforge.coremod.transformer.CoreModClassTransformer@3166f664 to Target : CLASS {Lnet/minecraft/world/entity/EntityType;} {} {V}
[26Mar2025 23:04:22.423] [main/DEBUG] [cpw.mods.modlauncher.TransformStore/MODLAUNCHER]: Adding transformer net.minecraftforge.coremod.transformer.CoreModClassTransformer@3166f664 to Target : CLASS {Lnet/minecraft/world/level/levelgen/PhantomSpawner;} {} {V}
[26Mar2025 23:04:22.424] [main/DEBUG] [cpw.mods.modlauncher.TransformStore/MODLAUNCHER]: Adding transformer net.minecraftforge.coremod.transformer.CoreModClassTransformer@3166f664 to Target : CLASS {Lnet/minecraft/world/entity/npc/Villager;} {} {V}
[26Mar2025 23:04:22.424] [main/DEBUG] [cpw.mods.modlauncher.TransformStore/MODLAUNCHER]: Adding transformer net.minecraftforge.coremod.transformer.CoreModClassTransformer@3166f664 to Target : CLASS {Lnet/minecraft/server/commands/SummonCommand;} {} {V}
[26Mar2025 23:04:22.424] [main/DEBUG] [cpw.mods.modlauncher.TransformStore/MODLAUNCHER]: Adding transformer net.minecraftforge.coremod.transformer.CoreModClassTransformer@3166f664 to Target : CLASS {Lnet/minecraft/world/entity/monster/ZombieVillager;} {} {V}
[26Mar2025 23:04:22.424] [main/DEBUG] [cpw.mods.modlauncher.TransformStore/MODLAUNCHER]: Adding transformer net.minecraftforge.coremod.transformer.CoreModClassTransformer@3166f664 to Target : CLASS {Lnet/minecraft/world/entity/animal/frog/Tadpole;} {} {V}
[26Mar2025 23:04:22.424] [main/DEBUG] [cpw.mods.modlauncher.TransformStore/MODLAUNCHER]: Adding transformer net.minecraftforge.coremod.transformer.CoreModClassTransformer@3166f664 to Target : CLASS {Lnet/minecraft/world/entity/monster/Evoker$EvokerSummonSpellGoal;} {} {V}
[26Mar2025 23:04:22.424] [main/DEBUG] [cpw.mods.modlauncher.TransformStore/MODLAUNCHER]: Adding transformer net.minecraftforge.coremod.transformer.CoreModClassTransformer@3166f664 to Target : CLASS {Lnet/minecraft/world/level/levelgen/structure/structures/OceanRuinPieces$OceanRuinPiece;} {} {V}
[26Mar2025 23:04:22.424] [main/DEBUG] [cpw.mods.modlauncher.TransformationServiceDecorator/MODLAUNCHER]: Initialized transformers for transformation service fml
[26Mar2025 23:04:23.298] [main/DEBUG] [mixin/]: Processing prepare() for PlatformAgent[MixinPlatformAgentDefault:ModLauncher Root Container(ModLauncher:4f56a0a2)]
[26Mar2025 23:04:23.298] [main/DEBUG] [mixin/]: Processing launch tasks for PlatformAgent[MixinPlatformAgentDefault:ModLauncher Root Container(ModLauncher:4f56a0a2)]
[26Mar2025 23:04:23.298] [main/DEBUG] [mixin/]: Adding mixin platform agents for container SecureJarResource(minecraft)
[26Mar2025 23:04:23.298] [main/DEBUG] [mixin/]: Instancing new MixinPlatformAgentMinecraftForge for SecureJarResource(minecraft)
[26Mar2025 23:04:23.298] [main/DEBUG] [mixin/]: MixinPlatformAgentMinecraftForge rejected container SecureJarResource(minecraft)
[26Mar2025 23:04:23.298] [main/DEBUG] [mixin/]: Instancing new MixinPlatformAgentDefault for SecureJarResource(minecraft)
[26Mar2025 23:04:23.299] [main/DEBUG] [mixin/]: MixinPlatformAgentDefault accepted container SecureJarResource(minecraft)
[26Mar2025 23:04:23.299] [main/DEBUG] [mixin/]: Processing prepare() for PlatformAgent[MixinPlatformAgentDefault:SecureJarResource(minecraft)]
[26Mar2025 23:04:23.299] [main/DEBUG] [mixin/]: Adding mixin platform agents for container SecureJarResource(zombie_extreme)
[26Mar2025 23:04:23.299] [main/DEBUG] [mixin/]: Instancing new MixinPlatformAgentMinecraftForge for SecureJarResource(zombie_extreme)
[26Mar2025 23:04:23.299] [main/DEBUG] [mixin/]: MixinPlatformAgentMinecraftForge rejected container SecureJarResource(zombie_extreme)
[26Mar2025 23:04:23.299] [main/DEBUG] [mixin/]: Instancing new MixinPlatformAgentDefault for SecureJarResource(zombie_extreme)
[26Mar2025 23:04:23.299] [main/DEBUG] [mixin/]: MixinPlatformAgentDefault accepted container SecureJarResource(zombie_extreme)
[26Mar2025 23:04:23.299] [main/DEBUG] [mixin/]: Processing prepare() for PlatformAgent[MixinPlatformAgentDefault:SecureJarResource(zombie_extreme)]
[26Mar2025 23:04:23.299] [main/DEBUG] [mixin/]: Adding mixin platform agents for container SecureJarResource(mowziesmobs)
[26Mar2025 23:04:23.299] [main/DEBUG] [mixin/]: Instancing new MixinPlatformAgentMinecraftForge for SecureJarResource(mowziesmobs)
[26Mar2025 23:04:23.300] [main/DEBUG] [mixin/]: MixinPlatformAgentMinecraftForge rejected container SecureJarResource(mowziesmobs)
[26Mar2025 23:04:23.300] [main/DEBUG] [mixin/]: Instancing new MixinPlatformAgentDefault for SecureJarResource(mowziesmobs)
[26Mar2025 23:04:23.300] [main/DEBUG] [mixin/]: MixinPlatformAgentDefault accepted container SecureJarResource(mowziesmobs)
[26Mar2025 23:04:23.300] [main/DEBUG] [mixin/]: Processing prepare() for PlatformAgent[MixinPlatformAgentDefault:SecureJarResource(mowziesmobs)]
[26Mar2025 23:04:23.300] [main/DEBUG] [mixin/]: Registering mixin config: mowziesmobs.mixins.json
[26Mar2025 23:04:23.314] [main/DEBUG] [mixin/]: Compatibility level JAVA_17 specified by mowziesmobs.mixins.json is higher than the maximum level supported by this version of mixin (JAVA_13).
[26Mar2025 23:04:23.318] [main/INFO] [mixin/]: Compatibility level set to JAVA_17
[26Mar2025 23:04:23.318] [main/DEBUG] [mixin/]: Adding mixin platform agents for container SecureJarResource(extragore)
[26Mar2025 23:04:23.318] [main/DEBUG] [mixin/]: Instancing new MixinPlatformAgentMinecraftForge for SecureJarResource(extragore)
[26Mar2025 23:04:23.318] [main/DEBUG] [mixin/]: MixinPlatformAgentMinecraftForge rejected container SecureJarResource(extragore)
[26Mar2025 23:04:23.319] [main/DEBUG] [mixin/]: Instancing new MixinPlatformAgentDefault for SecureJarResource(extragore)
[26Mar2025 23:04:23.319] [main/DEBUG] [mixin/]: MixinPlatformAgentDefault accepted container SecureJarResource(extragore)
[26Mar2025 23:04:23.319] [main/DEBUG] [mixin/]: Processing prepare() for PlatformAgent[MixinPlatformAgentDefault:SecureJarResource(extragore)]
[26Mar2025 23:04:23.319] [main/DEBUG] [mixin/]: Adding mixin platform agents for container SecureJarResource(mutantmonsters)
[26Mar2025 23:04:23.319] [main/DEBUG] [mixin/]: Instancing new MixinPlatformAgentMinecraftForge for SecureJarResource(mutantmonsters)
[26Mar2025 23:04:23.319] [main/DEBUG] [mixin/]: MixinPlatformAgentMinecraftForge rejected container SecureJarResource(mutantmonsters)
[26Mar2025 23:04:23.319] [main/DEBUG] [mixin/]: Instancing new MixinPlatformAgentDefault for SecureJarResource(mutantmonsters)
[26Mar2025 23:04:23.319] [main/DEBUG] [mixin/]: MixinPlatformAgentDefault accepted container SecureJarResource(mutantmonsters)
[26Mar2025 23:04:23.319] [main/DEBUG] [mixin/]: Processing prepare() for PlatformAgent[MixinPlatformAgentDefault:SecureJarResource(mutantmonsters)]
[26Mar2025 23:04:23.319] [main/DEBUG] [mixin/]: Registering mixin config: mutantmonsters.common.mixins.json
[26Mar2025 23:04:23.321] [main/DEBUG] [mixin/]: Adding mixin platform agents for container SecureJarResource(geckolib)
[26Mar2025 23:04:23.321] [main/DEBUG] [mixin/]: Instancing new MixinPlatformAgentMinecraftForge for SecureJarResource(geckolib)
[26Mar2025 23:04:23.322] [main/DEBUG] [mixin/]: MixinPlatformAgentMinecraftForge rejected container SecureJarResource(geckolib)
[26Mar2025 23:04:23.322] [main/DEBUG] [mixin/]: Instancing new MixinPlatformAgentDefault for SecureJarResource(geckolib)
[26Mar2025 23:04:23.322] [main/DEBUG] [mixin/]: MixinPlatformAgentDefault accepted container SecureJarResource(geckolib)
[26Mar2025 23:04:23.322] [main/DEBUG] [mixin/]: Processing prepare() for PlatformAgent[MixinPlatformAgentDefault:SecureJarResource(geckolib)]
[26Mar2025 23:04:23.322] [main/DEBUG] [mixin/]: Registering mixin config: geckolib.mixins.json
[26Mar2025 23:04:23.324] [main/DEBUG] [mixin/]: Adding mixin platform agents for container SecureJarResource(lrarmor)
[26Mar2025 23:04:23.324] [main/DEBUG] [mixin/]: Instancing new MixinPlatformAgentMinecraftForge for SecureJarResource(lrarmor)
[26Mar2025 23:04:23.324] [main/DEBUG] [mixin/]: MixinPlatformAgentMinecraftForge rejected container SecureJarResource(lrarmor)
[26Mar2025 23:04:23.324] [main/DEBUG] [mixin/]: Instancing new MixinPlatformAgentDefault for SecureJarResource(lrarmor)
[26Mar2025 23:04:23.324] [main/DEBUG] [mixin/]: MixinPlatformAgentDefault accepted container SecureJarResource(lrarmor)
[26Mar2025 23:04:23.324] [main/DEBUG] [mixin/]: Processing prepare() for PlatformAgent[MixinPlatformAgentDefault:SecureJarResource(lrarmor)]
[26Mar2025 23:04:23.324] [main/DEBUG] [mixin/]: Registering mixin config: lrarmor.mixins.json
[26Mar2025 23:04:23.327] [main/DEBUG] [mixin/]: Adding mixin platform agents for container SecureJarResource(zombie_island)
[26Mar2025 23:04:23.327] [main/DEBUG] [mixin/]: Instancing new MixinPlatformAgentMinecraftForge for SecureJarResource(zombie_island)
[26Mar2025 23:04:23.327] [main/DEBUG] [mixin/]: MixinPlatformAgentMinecraftForge rejected container SecureJarResource(zombie_island)
[26Mar2025 23:04:23.327] [main/DEBUG] [mixin/]: Instancing new MixinPlatformAgentDefault for SecureJarResource(zombie_island)
[26Mar2025 23:04:23.327] [main/DEBUG] [mixin/]: MixinPlatformAgentDefault accepted container SecureJarResource(zombie_island)
[26Mar2025 23:04:23.327] [main/DEBUG] [mixin/]: Processing prepare() for PlatformAgent[MixinPlatformAgentDefault:SecureJarResource(zombie_island)]
[26Mar2025 23:04:23.327] [main/DEBUG] [mixin/]: Adding mixin platform agents for container SecureJarResource(jei)
[26Mar2025 23:04:23.327] [main/DEBUG] [mixin/]: Instancing new MixinPlatformAgentMinecraftForge for SecureJarResource(jei)
[26Mar2025 23:04:23.327] [main/DEBUG] [mixin/]: MixinPlatformAgentMinecraftForge rejected container SecureJarResource(jei)
[26Mar2025 23:04:23.327] [main/DEBUG] [mixin/]: Instancing new MixinPlatformAgentDefault for SecureJarResource(jei)
[26Mar2025 23:04:23.328] [main/DEBUG] [mixin/]: MixinPlatformAgentDefault accepted container SecureJarResource(jei)
[26Mar2025 23:04:23.328] [main/DEBUG] [mixin/]: Processing prepare() for PlatformAgent[MixinPlatformAgentDefault:SecureJarResource(jei)]
[26Mar2025 23:04:23.328] [main/DEBUG] [mixin/]: Adding mixin platform agents for container SecureJarResource(eeeabsmobs)
[26Mar2025 23:04:23.328] [main/DEBUG] [mixin/]: Instancing new MixinPlatformAgentMinecraftForge for SecureJarResource(eeeabsmobs)
[26Mar2025 23:04:23.328] [main/DEBUG] [mixin/]: MixinPlatformAgentMinecraftForge rejected container SecureJarResource(eeeabsmobs)
[26Mar2025 23:04:23.328] [main/DEBUG] [mixin/]: Instancing new MixinPlatformAgentDefault for SecureJarResource(eeeabsmobs)
[26Mar2025 23:04:23.328] [main/DEBUG] [mixin/]: MixinPlatformAgentDefault accepted container SecureJarResource(eeeabsmobs)
[26Mar2025 23:04:23.328] [main/DEBUG] [mixin/]: Processing prepare() for PlatformAgent[MixinPlatformAgentDefault:SecureJarResource(eeeabsmobs)]
[26Mar2025 23:04:23.328] [main/DEBUG] [mixin/]: Registering mixin config: eeeabsmobs.mixins.json
[26Mar2025 23:04:23.330] [main/DEBUG] [mixin/]: Adding mixin platform agents for container SecureJarResource(apocalypsenow)
[26Mar2025 23:04:23.330] [main/DEBUG] [mixin/]: Instancing new MixinPlatformAgentMinecraftForge for SecureJarResource(apocalypsenow)
[26Mar2025 23:04:23.330] [main/DEBUG] [mixin/]: MixinPlatformAgentMinecraftForge rejected container SecureJarResource(apocalypsenow)
[26Mar2025 23:04:23.330] [main/DEBUG] [mixin/]: Instancing new MixinPlatformAgentDefault for SecureJarResource(apocalypsenow)
[26Mar2025 23:04:23.330] [main/DEBUG] [mixin/]: MixinPlatformAgentDefault accepted container SecureJarResource(apocalypsenow)
[26Mar2025 23:04:23.330] [main/DEBUG] [mixin/]: Processing prepare() for PlatformAgent[MixinPlatformAgentDefault:SecureJarResource(apocalypsenow)]
[26Mar2025 23:04:23.330] [main/DEBUG] [mixin/]: Adding mixin platform agents for container SecureJarResource(graveyard)
[26Mar2025 23:04:23.330] [main/DEBUG] [mixin/]: Instancing new MixinPlatformAgentMinecraftForge for SecureJarResource(graveyard)
[26Mar2025 23:04:23.331] [main/DEBUG] [mixin/]: MixinPlatformAgentMinecraftForge rejected container SecureJarResource(graveyard)
[26Mar2025 23:04:23.331] [main/DEBUG] [mixin/]: Instancing new MixinPlatformAgentDefault for SecureJarResource(graveyard)
[26Mar2025 23:04:23.331] [main/DEBUG] [mixin/]: MixinPlatformAgentDefault accepted container SecureJarResource(graveyard)
[26Mar2025 23:04:23.331] [main/DEBUG] [mixin/]: Processing prepare() for PlatformAgent[MixinPlatformAgentDefault:SecureJarResource(graveyard)]
[26Mar2025 23:04:23.331] [main/DEBUG] [mixin/]: Registering mixin config: graveyard-common.mixins.json
[26Mar2025 23:04:23.332] [main/DEBUG] [mixin/]: Registering mixin config: graveyard-forge.mixins.json
[26Mar2025 23:04:23.336] [main/DEBUG] [mixin/]: Adding mixin platform agents for container SecureJarResource(tacz)
[26Mar2025 23:04:23.336] [main/DEBUG] [mixin/]: Instancing new MixinPlatformAgentMinecraftForge for SecureJarResource(tacz)
[26Mar2025 23:04:23.336] [main/DEBUG] [mixin/]: MixinPlatformAgentMinecraftForge rejected container SecureJarResource(tacz)
[26Mar2025 23:04:23.336] [main/DEBUG] [mixin/]: Instancing new MixinPlatformAgentDefault for SecureJarResource(tacz)
[26Mar2025 23:04:23.336] [main/DEBUG] [mixin/]: MixinPlatformAgentDefault accepted container SecureJarResource(tacz)
[26Mar2025 23:04:23.336] [main/DEBUG] [mixin/]: Processing prepare() for PlatformAgent[MixinPlatformAgentDefault:SecureJarResource(tacz)]
[26Mar2025 23:04:23.336] [main/DEBUG] [mixin/]: Registering mixin config: tacz.mixins.json
[26Mar2025 23:04:23.338] [main/DEBUG] [mixin/]: Adding mixin platform agents for container SecureJarResource(born_in_chaos_v1)
[26Mar2025 23:04:23.338] [main/DEBUG] [mixin/]: Instancing new MixinPlatformAgentMinecraftForge for SecureJarResource(born_in_chaos_v1)
[26Mar2025 23:04:23.339] [main/DEBUG] [mixin/]: MixinPlatformAgentMinecraftForge rejected container SecureJarResource(born_in_chaos_v1)
[26Mar2025 23:04:23.339] [main/DEBUG] [mixin/]: Instancing new MixinPlatformAgentDefault for SecureJarResource(born_in_chaos_v1)
[26Mar2025 23:04:23.339] [main/DEBUG] [mixin/]: MixinPlatformAgentDefault accepted container SecureJarResource(born_in_chaos_v1)
[26Mar2025 23:04:23.339] [main/DEBUG] [mixin/]: Processing prepare() for PlatformAgent[MixinPlatformAgentDefault:SecureJarResource(born_in_chaos_v1)]
[26Mar2025 23:04:23.339] [main/DEBUG] [mixin/]: Adding mixin platform agents for container SecureJarResource(lionfishapi)
[26Mar2025 23:04:23.339] [main/DEBUG] [mixin/]: Instancing new MixinPlatformAgentMinecraftForge for SecureJarResource(lionfishapi)
[26Mar2025 23:04:23.339] [main/DEBUG] [mixin/]: MixinPlatformAgentMinecraftForge rejected container SecureJarResource(lionfishapi)
[26Mar2025 23:04:23.339] [main/DEBUG] [mixin/]: Instancing new MixinPlatformAgentDefault for SecureJarResource(lionfishapi)
[26Mar2025 23:04:23.340] [main/DEBUG] [mixin/]: MixinPlatformAgentDefault accepted container SecureJarResource(lionfishapi)
[26Mar2025 23:04:23.340] [main/DEBUG] [mixin/]: Processing prepare() for PlatformAgent[MixinPlatformAgentDefault:SecureJarResource(lionfishapi)]
[26Mar2025 23:04:23.340] [main/DEBUG] [mixin/]: Registering mixin config: lionfishapi.mixins.json
[26Mar2025 23:04:23.341] [main/DEBUG] [mixin/]: Adding mixin platform agents for container SecureJarResource(extinction)
[26Mar2025 23:04:23.342] [main/DEBUG] [mixin/]: Instancing new MixinPlatformAgentMinecraftForge for SecureJarResource(extinction)
[26Mar2025 23:04:23.342] [main/DEBUG] [mixin/]: MixinPlatformAgentMinecraftForge rejected container SecureJarResource(extinction)
[26Mar2025 23:04:23.342] [main/DEBUG] [mixin/]: Instancing new MixinPlatformAgentDefault for SecureJarResource(extinction)
[26Mar2025 23:04:23.342] [main/DEBUG] [mixin/]: MixinPlatformAgentDefault accepted container SecureJarResource(extinction)
[26Mar2025 23:04:23.342] [main/DEBUG] [mixin/]: Processing prepare() for PlatformAgent[MixinPlatformAgentDefault:SecureJarResource(extinction)]
[26Mar2025 23:04:23.342] [main/DEBUG] [mixin/]: Adding mixin platform agents for container SecureJarResource(car)
[26Mar2025 23:04:23.342] [main/DEBUG] [mixin/]: Instancing new MixinPlatformAgentMinecraftForge for SecureJarResource(car)
[26Mar2025 23:04:23.342] [main/DEBUG] [mixin/]: MixinPlatformAgentMinecraftForge rejected container SecureJarResource(car)
[26Mar2025 23:04:23.342] [main/DEBUG] [mixin/]: Instancing new MixinPlatformAgentDefault for SecureJarResource(car)
[26Mar2025 23:04:23.342] [main/DEBUG] [mixin/]: MixinPlatformAgentDefault accepted container SecureJarResource(car)
[26Mar2025 23:04:23.343] [main/DEBUG] [mixin/]: Processing prepare() for PlatformAgent[MixinPlatformAgentDefault:SecureJarResource(car)]
[26Mar2025 23:04:23.343] [main/DEBUG] [mixin/]: Adding mixin platform agents for container SecureJarResource(cataclysm)
[26Mar2025 23:04:23.343] [main/DEBUG] [mixin/]: Instancing new MixinPlatformAgentMinecraftForge for SecureJarResource(cataclysm)
[26Mar2025 23:04:23.343] [main/DEBUG] [mixin/]: MixinPlatformAgentMinecraftForge rejected container SecureJarResource(cataclysm)
[26Mar2025 23:04:23.343] [main/DEBUG] [mixin/]: Instancing new MixinPlatformAgentDefault for SecureJarResource(cataclysm)
[26Mar2025 23:04:23.343] [main/DEBUG] [mixin/]: MixinPlatformAgentDefault accepted container SecureJarResource(cataclysm)
[26Mar2025 23:04:23.343] [main/DEBUG] [mixin/]: Processing prepare() for PlatformAgent[MixinPlatformAgentDefault:SecureJarResource(cataclysm)]
[26Mar2025 23:04:23.343] [main/DEBUG] [mixin/]: Registering mixin config: lionfishapi.mixins.json
[26Mar2025 23:04:23.343] [main/DEBUG] [mixin/]: Registering mixin config: cataclysm.mixins.json
[26Mar2025 23:04:23.346] [main/DEBUG] [mixin/]: Adding mixin platform agents for container SecureJarResource(curios)
[26Mar2025 23:04:23.346] [main/DEBUG] [mixin/]: Instancing new MixinPlatformAgentMinecraftForge for SecureJarResource(curios)
[26Mar2025 23:04:23.346] [main/DEBUG] [mixin/]: MixinPlatformAgentMinecraftForge rejected container SecureJarResource(curios)
[26Mar2025 23:04:23.346] [main/DEBUG] [mixin/]: Instancing new MixinPlatformAgentDefault for SecureJarResource(curios)
[26Mar2025 23:04:23.346] [main/DEBUG] [mixin/]: MixinPlatformAgentDefault accepted container SecureJarResource(curios)
[26Mar2025 23:04:23.346] [main/DEBUG] [mixin/]: Processing prepare() for PlatformAgent[MixinPlatformAgentDefault:SecureJarResource(curios)]
[26Mar2025 23:04:23.346] [main/DEBUG] [mixin/]: Registering mixin config: curios.mixins.json
[26Mar2025 23:04:23.348] [main/DEBUG] [mixin/]: Adding mixin platform agents for container SecureJarResource(zombiesmore)
[26Mar2025 23:04:23.348] [main/DEBUG] [mixin/]: Instancing new MixinPlatformAgentMinecraftForge for SecureJarResource(zombiesmore)
[26Mar2025 23:04:23.348] [main/DEBUG] [mixin/]: MixinPlatformAgentMinecraftForge rejected container SecureJarResource(zombiesmore)
[26Mar2025 23:04:23.348] [main/DEBUG] [mixin/]: Instancing new MixinPlatformAgentDefault for SecureJarResource(zombiesmore)
[26Mar2025 23:04:23.348] [main/DEBUG] [mixin/]: MixinPlatformAgentDefault accepted container SecureJarResource(zombiesmore)
[26Mar2025 23:04:23.349] [main/DEBUG] [mixin/]: Processing prepare() for PlatformAgent[MixinPlatformAgentDefault:SecureJarResource(zombiesmore)]
[26Mar2025 23:04:23.349] [main/DEBUG] [mixin/]: Adding mixin platform agents for container SecureJarResource(underground_bunkers)
[26Mar2025 23:04:23.349] [main/DEBUG] [mixin/]: Instancing new MixinPlatformAgentMinecraftForge for SecureJarResource(underground_bunkers)
[26Mar2025 23:04:23.349] [main/DEBUG] [mixin/]: MixinPlatformAgentMinecraftForge rejected container SecureJarResource(underground_bunkers)
[26Mar2025 23:04:23.349] [main/DEBUG] [mixin/]: Instancing new MixinPlatformAgentDefault for SecureJarResource(underground_bunkers)
[26Mar2025 23:04:23.349] [main/DEBUG] [mixin/]: MixinPlatformAgentDefault accepted container SecureJarResource(underground_bunkers)
[26Mar2025 23:04:23.349] [main/DEBUG] [mixin/]: Processing prepare() for PlatformAgent[MixinPlatformAgentDefault:SecureJarResource(underground_bunkers)]
[26Mar2025 23:04:23.349] [main/DEBUG] [mixin/]: Adding mixin platform agents for container SecureJarResource(securitycraft)
[26Mar2025 23:04:23.349] [main/DEBUG] [mixin/]: Instancing new MixinPlatformAgentMinecraftForge for SecureJarResource(securitycraft)
[26Mar2025 23:04:23.349] [main/DEBUG] [mixin/]: MixinPlatformAgentMinecraftForge rejected container SecureJarResource(securitycraft)
[26Mar2025 23:04:23.349] [main/DEBUG] [mixin/]: Instancing new MixinPlatformAgentDefault for SecureJarResource(securitycraft)
[26Mar2025 23:04:23.349] [main/DEBUG] [mixin/]: MixinPlatformAgentDefault accepted container SecureJarResource(securitycraft)
[26Mar2025 23:04:23.349] [main/DEBUG] [mixin/]: Processing prepare() for PlatformAgent[MixinPlatformAgentDefault:SecureJarResource(securitycraft)]
[26Mar2025 23:04:23.349] [main/DEBUG] [mixin/]: Registering mixin config: securitycraft.mixins.json
[26Mar2025 23:04:23.351] [main/DEBUG] [mixin/]: Adding mixin platform agents for container SecureJarResource(legendary_monsters)
[26Mar2025 23:04:23.351] [main/DEBUG] [mixin/]: Instancing new MixinPlatformAgentMinecraftForge for SecureJarResource(legendary_monsters)
[26Mar2025 23:04:23.351] [main/DEBUG] [mixin/]: MixinPlatformAgentMinecraftForge rejected container SecureJarResource(legendary_monsters)
[26Mar2025 23:04:23.352] [main/DEBUG] [mixin/]: Instancing new MixinPlatformAgentDefault for SecureJarResource(legendary_monsters)
[26Mar2025 23:04:23.352] [main/DEBUG] [mixin/]: MixinPlatformAgentDefault accepted container SecureJarResource(legendary_monsters)
[26Mar2025 23:04:23.352] [main/DEBUG] [mixin/]: Processing prepare() for PlatformAgent[MixinPlatformAgentDefault:SecureJarResource(legendary_monsters)]
[26Mar2025 23:04:23.352] [main/DEBUG] [mixin/]: Registering mixin config: legendary_monsters.mixins.json
[26Mar2025 23:04:23.354] [main/DEBUG] [mixin/]: Adding mixin platform agents for container SecureJarResource(horror_element_mod)
[26Mar2025 23:04:23.354] [main/DEBUG] [mixin/]: Instancing new MixinPlatformAgentMinecraftForge for SecureJarResource(horror_element_mod)
[26Mar2025 23:04:23.354] [main/DEBUG] [mixin/]: MixinPlatformAgentMinecraftForge rejected container SecureJarResource(horror_element_mod)
[26Mar2025 23:04:23.354] [main/DEBUG] [mixin/]: Instancing new MixinPlatformAgentDefault for SecureJarResource(horror_element_mod)
[26Mar2025 23:04:23.354] [main/DEBUG] [mixin/]: MixinPlatformAgentDefault accepted container SecureJarResource(horror_element_mod)
[26Mar2025 23:04:23.354] [main/DEBUG] [mixin/]: Processing prepare() for PlatformAgent[MixinPlatformAgentDefault:SecureJarResource(horror_element_mod)]
[26Mar2025 23:04:23.354] [main/DEBUG] [mixin/]: Adding mixin platform agents for container SecureJarResource(lostcities)
[26Mar2025 23:04:23.354] [main/DEBUG] [mixin/]: Instancing new MixinPlatformAgentMinecraftForge for SecureJarResource(lostcities)
[26Mar2025 23:04:23.354] [main/DEBUG] [mixin/]: MixinPlatformAgentMinecraftForge rejected container SecureJarResource(lostcities)
[26Mar2025 23:04:23.354] [main/DEBUG] [mixin/]: Instancing new MixinPlatformAgentDefault for SecureJarResource(lostcities)
[26Mar2025 23:04:23.355] [main/DEBUG] [mixin/]: MixinPlatformAgentDefault accepted container SecureJarResource(lostcities)
[26Mar2025 23:04:23.355] [main/DEBUG] [mixin/]: Processing prepare() for PlatformAgent[MixinPlatformAgentDefault:SecureJarResource(lostcities)]
[26Mar2025 23:04:23.355] [main/DEBUG] [mixin/]: Adding mixin platform agents for container SecureJarResource(mixinextras)
[26Mar2025 23:04:23.355] [main/DEBUG] [mixin/]: Instancing new MixinPlatformAgentMinecraftForge for SecureJarResource(mixinextras)
[26Mar2025 23:04:23.355] [main/DEBUG] [mixin/]: MixinPlatformAgentMinecraftForge rejected container SecureJarResource(mixinextras)
[26Mar2025 23:04:23.355] [main/DEBUG] [mixin/]: Instancing new MixinPlatformAgentDefault for SecureJarResource(mixinextras)
[26Mar2025 23:04:23.355] [main/DEBUG] [mixin/]: MixinPlatformAgentDefault accepted container SecureJarResource(mixinextras)
[26Mar2025 23:04:23.355] [main/DEBUG] [mixin/]: Processing prepare() for PlatformAgent[MixinPlatformAgentDefault:SecureJarResource(mixinextras)]
[26Mar2025 23:04:23.355] [main/DEBUG] [mixin/]: Registering mixin config: mixinextras.init.mixins.json
[26Mar2025 23:04:23.357] [main/DEBUG] [mixin/]: Adding mixin platform agents for container SecureJarResource(pointblank)
[26Mar2025 23:04:23.357] [main/DEBUG] [mixin/]: Instancing new MixinPlatformAgentMinecraftForge for SecureJarResource(pointblank)
[26Mar2025 23:04:23.357] [main/DEBUG] [mixin/]: MixinPlatformAgentMinecraftForge rejected container SecureJarResource(pointblank)
[26Mar2025 23:04:23.357] [main/DEBUG] [mixin/]: Instancing new MixinPlatformAgentDefault for SecureJarResource(pointblank)
[26Mar2025 23:04:23.357] [main/DEBUG] [mixin/]: MixinPlatformAgentDefault accepted container SecureJarResource(pointblank)
[26Mar2025 23:04:23.357] [main/DEBUG] [mixin/]: Processing prepare() for PlatformAgent[MixinPlatformAgentDefault:SecureJarResource(pointblank)]
[26Mar2025 23:04:23.357] [main/DEBUG] [mixin/]: Registering mixin config: pointblank.mixins.json
[26Mar2025 23:04:23.359] [main/DEBUG] [mixin/]: Registering mixin config: pointblank.mixins.compat.iris.json
[26Mar2025 23:04:23.363] [main/DEBUG] [mixin/]: Registering mixin config: pointblank.mixins.compat.iris16.json
[26Mar2025 23:04:23.365] [main/DEBUG] [mixin/]: Adding mixin platform agents for container SecureJarResource(wegotrunnners)
[26Mar2025 23:04:23.365] [main/DEBUG] [mixin/]: Instancing new MixinPlatformAgentMinecraftForge for SecureJarResource(wegotrunnners)
[26Mar2025 23:04:23.365] [main/DEBUG] [mixin/]: MixinPlatformAgentMinecraftForge rejected container SecureJarResource(wegotrunnners)
[26Mar2025 23:04:23.365] [main/DEBUG] [mixin/]: Instancing new MixinPlatformAgentDefault for SecureJarResource(wegotrunnners)
[26Mar2025 23:04:23.365] [main/DEBUG] [mixin/]: MixinPlatformAgentDefault accepted container SecureJarResource(wegotrunnners)
[26Mar2025 23:04:23.365] [main/DEBUG] [mixin/]: Processing prepare() for PlatformAgent[MixinPlatformAgentDefault:SecureJarResource(wegotrunnners)]
[26Mar2025 23:04:23.365] [main/DEBUG] [mixin/]: Adding mixin platform agents for container SecureJarResource(automobility)
[26Mar2025 23:04:23.365] [main/DEBUG] [mixin/]: Instancing new MixinPlatformAgentMinecraftForge for SecureJarResource(automobility)
[26Mar2025 23:04:23.365] [main/DEBUG] [mixin/]: MixinPlatformAgentMinecraftForge rejected container SecureJarResource(automobility)
[26Mar2025 23:04:23.365] [main/DEBUG] [mixin/]: Instancing new MixinPlatformAgentDefault for SecureJarResource(automobility)
[26Mar2025 23:04:23.365] [main/DEBUG] [mixin/]: MixinPlatformAgentDefault accepted container SecureJarResource(automobility)
[26Mar2025 23:04:23.366] [main/DEBUG] [mixin/]: Processing prepare() for PlatformAgent[MixinPlatformAgentDefault:SecureJarResource(automobility)]
[26Mar2025 23:04:23.366] [main/DEBUG] [mixin/]: Registering mixin config: automobility.mixins.json
[26Mar2025 23:04:23.369] [main/DEBUG] [mixin/]: Registering mixin config: automobility_forge.mixins.json
[26Mar2025 23:04:23.371] [main/DEBUG] [mixin/]: Adding mixin platform agents for container SecureJarResource(aiimprovements)
[26Mar2025 23:04:23.371] [main/DEBUG] [mixin/]: Instancing new MixinPlatformAgentMinecraftForge for SecureJarResource(aiimprovements)
[26Mar2025 23:04:23.371] [main/DEBUG] [mixin/]: MixinPlatformAgentMinecraftForge rejected container SecureJarResource(aiimprovements)
[26Mar2025 23:04:23.371] [main/DEBUG] [mixin/]: Instancing new MixinPlatformAgentDefault for SecureJarResource(aiimprovements)
[26Mar2025 23:04:23.371] [main/DEBUG] [mixin/]: MixinPlatformAgentDefault accepted container SecureJarResource(aiimprovements)
[26Mar2025 23:04:23.371] [main/DEBUG] [mixin/]: Processing prepare() for PlatformAgent[MixinPlatformAgentDefault:SecureJarResource(aiimprovements)]
[26Mar2025 23:04:23.371] [main/DEBUG] [mixin/]: Adding mixin platform agents for container SecureJarResource(terralith)
[26Mar2025 23:04:23.371] [main/DEBUG] [mixin/]: Instancing new MixinPlatformAgentMinecraftForge for SecureJarResource(terralith)
[26Mar2025 23:04:23.371] [main/DEBUG] [mixin/]: MixinPlatformAgentMinecraftForge rejected container SecureJarResource(terralith)
[26Mar2025 23:04:23.371] [main/DEBUG] [mixin/]: Instancing new MixinPlatformAgentDefault for SecureJarResource(terralith)
[26Mar2025 23:04:23.372] [main/DEBUG] [mixin/]: MixinPlatformAgentDefault accepted container SecureJarResource(terralith)
[26Mar2025 23:04:23.372] [main/DEBUG] [mixin/]: Processing prepare() for PlatformAgent[MixinPlatformAgentDefault:SecureJarResource(terralith)]
[26Mar2025 23:04:23.372] [main/DEBUG] [mixin/]: Adding mixin platform agents for container SecureJarResource(puzzleslib)
[26Mar2025 23:04:23.372] [main/DEBUG] [mixin/]: Instancing new MixinPlatformAgentMinecraftForge for SecureJarResource(puzzleslib)
[26Mar2025 23:04:23.372] [main/DEBUG] [mixin/]: MixinPlatformAgentMinecraftForge rejected container SecureJarResource(puzzleslib)
[26Mar2025 23:04:23.372] [main/DEBUG] [mixin/]: Instancing new MixinPlatformAgentDefault for SecureJarResource(puzzleslib)
[26Mar2025 23:04:23.372] [main/DEBUG] [mixin/]: MixinPlatformAgentDefault accepted container SecureJarResource(puzzleslib)
[26Mar2025 23:04:23.372] [main/DEBUG] [mixin/]: Processing prepare() for PlatformAgent[MixinPlatformAgentDefault:SecureJarResource(puzzleslib)]
[26Mar2025 23:04:23.372] [main/DEBUG] [mixin/]: Registering mixin config: puzzleslib.common.mixins.json
[26Mar2025 23:04:23.374] [main/DEBUG] [mixin/]: Registering mixin config: puzzleslib.forge.mixins.json
[26Mar2025 23:04:23.376] [main/DEBUG] [mixin/]: Adding mixin platform agents for container SecureJarResource(faded_conquest_2)
[26Mar2025 23:04:23.376] [main/DEBUG] [mixin/]: Instancing new MixinPlatformAgentMinecraftForge for SecureJarResource(faded_conquest_2)
[26Mar2025 23:04:23.376] [main/DEBUG] [mixin/]: MixinPlatformAgentMinecraftForge rejected container SecureJarResource(faded_conquest_2)
[26Mar2025 23:04:23.376] [main/DEBUG] [mixin/]: Instancing new MixinPlatformAgentDefault for SecureJarResource(faded_conquest_2)
[26Mar2025 23:04:23.376] [main/DEBUG] [mixin/]: MixinPlatformAgentDefault accepted container SecureJarResource(faded_conquest_2)
[26Mar2025 23:04:23.376] [main/DEBUG] [mixin/]: Processing prepare() for PlatformAgent[MixinPlatformAgentDefault:SecureJarResource(faded_conquest_2)]
[26Mar2025 23:04:23.376] [main/DEBUG] [mixin/]: Adding mixin platform agents for container SecureJarResource(puzzlesaccessapi)
[26Mar2025 23:04:23.377] [main/DEBUG] [mixin/]: Instancing new MixinPlatformAgentMinecraftForge for SecureJarResource(puzzlesaccessapi)
[26Mar2025 23:04:23.377] [main/DEBUG] [mixin/]: MixinPlatformAgentMinecraftForge rejected container SecureJarResource(puzzlesaccessapi)
[26Mar2025 23:04:23.377] [main/DEBUG] [mixin/]: Instancing new MixinPlatformAgentDefault for SecureJarResource(puzzlesaccessapi)
[26Mar2025 23:04:23.377] [main/DEBUG] [mixin/]: MixinPlatformAgentDefault accepted container SecureJarResource(puzzlesaccessapi)
[26Mar2025 23:04:23.377] [main/DEBUG] [mixin/]: Processing prepare() for PlatformAgent[MixinPlatformAgentDefault:SecureJarResource(puzzlesaccessapi)]
[26Mar2025 23:04:23.377] [main/DEBUG] [mixin/]: Adding mixin platform agents for container SecureJarResource(forge)
[26Mar2025 23:04:23.377] [main/DEBUG] [mixin/]: Instancing new MixinPlatformAgentMinecraftForge for SecureJarResource(forge)
[26Mar2025 23:04:23.377] [main/DEBUG] [mixin/]: MixinPlatformAgentMinecraftForge rejected container SecureJarResource(forge)
[26Mar2025 23:04:23.377] [main/DEBUG] [mixin/]: Instancing new MixinPlatformAgentDefault for SecureJarResource(forge)
[26Mar2025 23:04:23.377] [main/DEBUG] [mixin/]: MixinPlatformAgentDefault accepted container SecureJarResource(forge)
[26Mar2025 23:04:23.377] [main/DEBUG] [mixin/]: Processing prepare() for PlatformAgent[MixinPlatformAgentDefault:SecureJarResource(forge)]
[26Mar2025 23:04:23.377] [main/DEBUG] [mixin/]: Adding mixin platform agents for container SecureJarResource(horde_hoard)
[26Mar2025 23:04:23.377] [main/DEBUG] [mixin/]: Instancing new MixinPlatformAgentMinecraftForge for SecureJarResource(horde_hoard)
[26Mar2025 23:04:23.377] [main/DEBUG] [mixin/]: MixinPlatformAgentMinecraftForge rejected container SecureJarResource(horde_hoard)
[26Mar2025 23:04:23.378] [main/DEBUG] [mixin/]: Instancing new MixinPlatformAgentDefault for SecureJarResource(horde_hoard)
[26Mar2025 23:04:23.378] [main/DEBUG] [mixin/]: MixinPlatformAgentDefault accepted container SecureJarResource(horde_hoard)
[26Mar2025 23:04:23.378] [main/DEBUG] [mixin/]: Processing prepare() for PlatformAgent[MixinPlatformAgentDefault:SecureJarResource(horde_hoard)]
[26Mar2025 23:04:23.378] [main/DEBUG] [mixin/]: Adding mixin platform agents for container SecureJarResource(explosiveenhancement)
[26Mar2025 23:04:23.378] [main/DEBUG] [mixin/]: Instancing new MixinPlatformAgentMinecraftForge for SecureJarResource(explosiveenhancement)
[26Mar2025 23:04:23.378] [main/DEBUG] [mixin/]: MixinPlatformAgentMinecraftForge rejected container SecureJarResource(explosiveenhancement)
[26Mar2025 23:04:23.378] [main/DEBUG] [mixin/]: Instancing new MixinPlatformAgentDefault for SecureJarResource(explosiveenhancement)
[26Mar2025 23:04:23.378] [main/DEBUG] [mixin/]: MixinPlatformAgentDefault accepted container SecureJarResource(explosiveenhancement)
[26Mar2025 23:04:23.378] [main/DEBUG] [mixin/]: Processing prepare() for PlatformAgent[MixinPlatformAgentDefault:SecureJarResource(explosiveenhancement)]
[26Mar2025 23:04:23.378] [main/DEBUG] [mixin/]: Registering mixin config: explosiveenhancement.mixins.json
[26Mar2025 23:04:23.379] [main/DEBUG] [mixin/]: Adding mixin platform agents for container SecureJarResource(sona)
[26Mar2025 23:04:23.380] [main/DEBUG] [mixin/]: Instancing new MixinPlatformAgentMinecraftForge for SecureJarResource(sona)
[26Mar2025 23:04:23.380] [main/DEBUG] [mixin/]: MixinPlatformAgentMinecraftForge rejected container SecureJarResource(sona)
[26Mar2025 23:04:23.380] [main/DEBUG] [mixin/]: Instancing new MixinPlatformAgentDefault for SecureJarResource(sona)
[26Mar2025 23:04:23.380] [main/DEBUG] [mixin/]: MixinPlatformAgentDefault accepted container SecureJarResource(sona)
[26Mar2025 23:04:23.380] [main/DEBUG] [mixin/]: Processing prepare() for PlatformAgent[MixinPlatformAgentDefault:SecureJarResource(sona)]
[26Mar2025 23:04:23.380] [main/DEBUG] [mixin/]: Registering mixin config: sona.mixins.json
[26Mar2025 23:04:23.382] [main/DEBUG] [mixin/]: Adding mixin platform agents for container SecureJarResource(zombiekit)
[26Mar2025 23:04:23.382] [main/DEBUG] [mixin/]: Instancing new MixinPlatformAgentMinecraftForge for SecureJarResource(zombiekit)
[26Mar2025 23:04:23.382] [main/DEBUG] [mixin/]: MixinPlatformAgentMinecraftForge rejected container SecureJarResource(zombiekit)
[26Mar2025 23:04:23.382] [main/DEBUG] [mixin/]: Instancing new MixinPlatformAgentDefault for SecureJarResource(zombiekit)
[26Mar2025 23:04:23.382] [main/DEBUG] [mixin/]: MixinPlatformAgentDefault accepted container SecureJarResource(zombiekit)
[26Mar2025 23:04:23.382] [main/DEBUG] [mixin/]: Processing prepare() for PlatformAgent[MixinPlatformAgentDefault:SecureJarResource(zombiekit)]
[26Mar2025 23:04:23.383] [main/DEBUG] [mixin/]: Registering mixin config: zombiekit.mixins.json
[26Mar2025 23:04:23.384] [main/DEBUG] [mixin/]: Adding mixin platform agents for container SecureJarResource(tectonic)
[26Mar2025 23:04:23.384] [main/DEBUG] [mixin/]: Instancing new MixinPlatformAgentMinecraftForge for SecureJarResource(tectonic)
[26Mar2025 23:04:23.384] [main/DEBUG] [mixin/]: MixinPlatformAgentMinecraftForge rejected container SecureJarResource(tectonic)
[26Mar2025 23:04:23.384] [main/DEBUG] [mixin/]: Instancing new MixinPlatformAgentDefault for SecureJarResource(tectonic)
[26Mar2025 23:04:23.385] [main/DEBUG] [mixin/]: MixinPlatformAgentDefault accepted container SecureJarResource(tectonic)
[26Mar2025 23:04:23.385] [main/DEBUG] [mixin/]: Processing prepare() for PlatformAgent[MixinPlatformAgentDefault:SecureJarResource(tectonic)]
[26Mar2025 23:04:23.385] [main/DEBUG] [mixin/]: Registering mixin config: tectonic.mixins.json
[26Mar2025 23:04:23.386] [main/DEBUG] [mixin/]: Adding mixin platform agents for container SecureJarResource(mclib)
[26Mar2025 23:04:23.386] [main/DEBUG] [mixin/]: Instancing new MixinPlatformAgentMinecraftForge for SecureJarResource(mclib)
[26Mar2025 23:04:23.386] [main/DEBUG] [mixin/]: MixinPlatformAgentMinecraftForge rejected container SecureJarResource(mclib)
[26Mar2025 23:04:23.387] [main/DEBUG] [mixin/]: Instancing new MixinPlatformAgentDefault for SecureJarResource(mclib)
[26Mar2025 23:04:23.387] [main/DEBUG] [mixin/]: MixinPlatformAgentDefault accepted container SecureJarResource(mclib)
[26Mar2025 23:04:23.387] [main/DEBUG] [mixin/]: Processing prepare() for PlatformAgent[MixinPlatformAgentDefault:SecureJarResource(mclib)]
[26Mar2025 23:04:23.387] [main/DEBUG] [mixin/]: Adding mixin platform agents for container SecureJarResource(luaj.jse.figura)
[26Mar2025 23:04:23.387] [main/DEBUG] [mixin/]: Instancing new MixinPlatformAgentMinecraftForge for SecureJarResource(luaj.jse.figura)
[26Mar2025 23:04:23.387] [main/DEBUG] [mixin/]: MixinPlatformAgentMinecraftForge rejected container SecureJarResource(luaj.jse.figura)
[26Mar2025 23:04:23.387] [main/DEBUG] [mixin/]: Instancing new MixinPlatformAgentDefault for SecureJarResource(luaj.jse.figura)
[26Mar2025 23:04:23.387] [main/DEBUG] [mixin/]: MixinPlatformAgentDefault accepted container SecureJarResource(luaj.jse.figura)
[26Mar2025 23:04:23.387] [main/DEBUG] [mixin/]: Processing prepare() for PlatformAgent[MixinPlatformAgentDefault:SecureJarResource(luaj.jse.figura)]
[26Mar2025 23:04:23.387] [main/DEBUG] [mixin/]: Adding mixin platform agents for container SecureJarResource(org.apache.bcel)
[26Mar2025 23:04:23.387] [main/DEBUG] [mixin/]: Instancing new MixinPlatformAgentMinecraftForge for SecureJarResource(org.apache.bcel)
[26Mar2025 23:04:23.387] [main/DEBUG] [mixin/]: MixinPlatformAgentMinecraftForge rejected container SecureJarResource(org.apache.bcel)
[26Mar2025 23:04:23.387] [main/DEBUG] [mixin/]: Instancing new MixinPlatformAgentDefault for SecureJarResource(org.apache.bcel)
[26Mar2025 23:04:23.387] [main/DEBUG] [mixin/]: MixinPlatformAgentDefault accepted container SecureJarResource(org.apache.bcel)
[26Mar2025 23:04:23.387] [main/DEBUG] [mixin/]: Processing prepare() for PlatformAgent[MixinPlatformAgentDefault:SecureJarResource(org.apache.bcel)]
[26Mar2025 23:04:23.387] [main/DEBUG] [mixin/]: Adding mixin platform agents for container SecureJarResource(luaj.core.figura)
[26Mar2025 23:04:23.388] [main/DEBUG] [mixin/]: Instancing new MixinPlatformAgentMinecraftForge for SecureJarResource(luaj.core.figura)
[26Mar2025 23:04:23.388] [main/DEBUG] [mixin/]: MixinPlatformAgentMinecraftForge rejected container SecureJarResource(luaj.core.figura)
[26Mar2025 23:04:23.388] [main/DEBUG] [mixin/]: Instancing new MixinPlatformAgentDefault for SecureJarResource(luaj.core.figura)
[26Mar2025 23:04:23.388] [main/DEBUG] [mixin/]: MixinPlatformAgentDefault accepted container SecureJarResource(luaj.core.figura)
[26Mar2025 23:04:23.388] [main/DEBUG] [mixin/]: Processing prepare() for PlatformAgent[MixinPlatformAgentDefault:SecureJarResource(luaj.core.figura)]
[26Mar2025 23:04:23.388] [main/DEBUG] [mixin/]: Adding mixin platform agents for container SecureJarResource(MixinExtras)
[26Mar2025 23:04:23.388] [main/DEBUG] [mixin/]: Instancing new MixinPlatformAgentMinecraftForge for SecureJarResource(MixinExtras)
[26Mar2025 23:04:23.388] [main/DEBUG] [mixin/]: MixinPlatformAgentMinecraftForge rejected container SecureJarResource(MixinExtras)
[26Mar2025 23:04:23.388] [main/DEBUG] [mixin/]: Instancing new MixinPlatformAgentDefault for SecureJarResource(MixinExtras)
[26Mar2025 23:04:23.388] [main/DEBUG] [mixin/]: MixinPlatformAgentDefault accepted container SecureJarResource(MixinExtras)
[26Mar2025 23:04:23.388] [main/DEBUG] [mixin/]: Processing prepare() for PlatformAgent[MixinPlatformAgentDefault:SecureJarResource(MixinExtras)]
[26Mar2025 23:04:23.388] [main/DEBUG] [mixin/]: Adding mixin platform agents for container SecureJarResource(commons.math3)
[26Mar2025 23:04:23.388] [main/DEBUG] [mixin/]: Instancing new MixinPlatformAgentMinecraftForge for SecureJarResource(commons.math3)
[26Mar2025 23:04:23.388] [main/DEBUG] [mixin/]: MixinPlatformAgentMinecraftForge rejected container SecureJarResource(commons.math3)
[26Mar2025 23:04:23.388] [main/DEBUG] [mixin/]: Instancing new MixinPlatformAgentDefault for SecureJarResource(commons.math3)
[26Mar2025 23:04:23.388] [main/DEBUG] [mixin/]: MixinPlatformAgentDefault accepted container SecureJarResource(commons.math3)
[26Mar2025 23:04:23.389] [main/DEBUG] [mixin/]: Processing prepare() for PlatformAgent[MixinPlatformAgentDefault:SecureJarResource(commons.math3)]
[26Mar2025 23:04:23.389] [main/DEBUG] [mixin/]: inject() running with 47 agents
[26Mar2025 23:04:23.389] [main/DEBUG] [mixin/]: Processing inject() for PlatformAgent[MixinPlatformAgentDefault:ModLauncher Root Container(ModLauncher:4f56a0a2)]
[26Mar2025 23:04:23.389] [main/DEBUG] [mixin/]: Processing inject() for PlatformAgent[MixinPlatformAgentDefault:SecureJarResource(minecraft)]
[26Mar2025 23:04:23.389] [main/DEBUG] [mixin/]: Processing inject() for PlatformAgent[MixinPlatformAgentDefault:SecureJarResource(zombie_extreme)]
[26Mar2025 23:04:23.389] [main/DEBUG] [mixin/]: Processing inject() for PlatformAgent[MixinPlatformAgentDefault:SecureJarResource(mowziesmobs)]
[26Mar2025 23:04:23.389] [main/DEBUG] [mixin/]: Processing inject() for PlatformAgent[MixinPlatformAgentDefault:SecureJarResource(extragore)]
[26Mar2025 23:04:23.389] [main/DEBUG] [mixin/]: Processing inject() for PlatformAgent[MixinPlatformAgentDefault:SecureJarResource(mutantmonsters)]
[26Mar2025 23:04:23.389] [main/DEBUG] [mixin/]: Processing inject() for PlatformAgent[MixinPlatformAgentDefault:SecureJarResource(geckolib)]
[26Mar2025 23:04:23.389] [main/DEBUG] [mixin/]: Processing inject() for PlatformAgent[MixinPlatformAgentDefault:SecureJarResource(lrarmor)]
[26Mar2025 23:04:23.389] [main/DEBUG] [mixin/]: Processing inject() for PlatformAgent[MixinPlatformAgentDefault:SecureJarResource(zombie_island)]
[26Mar2025 23:04:23.389] [main/DEBUG] [mixin/]: Processing inject() for PlatformAgent[MixinPlatformAgentDefault:SecureJarResource(jei)]
[26Mar2025 23:04:23.389] [main/DEBUG] [mixin/]: Processing inject() for PlatformAgent[MixinPlatformAgentDefault:SecureJarResource(eeeabsmobs)]
[26Mar2025 23:04:23.389] [main/DEBUG] [mixin/]: Processing inject() for PlatformAgent[MixinPlatformAgentDefault:SecureJarResource(apocalypsenow)]
[26Mar2025 23:04:23.389] [main/DEBUG] [mixin/]: Processing inject() for PlatformAgent[MixinPlatformAgentDefault:SecureJarResource(graveyard)]
[26Mar2025 23:04:23.389] [main/DEBUG] [mixin/]: Processing inject() for PlatformAgent[MixinPlatformAgentDefault:SecureJarResource(tacz)]
[26Mar2025 23:04:23.389] [main/DEBUG] [mixin/]: Processing inject() for PlatformAgent[MixinPlatformAgentDefault:SecureJarResource(born_in_chaos_v1)]
[26Mar2025 23:04:23.389] [main/DEBUG] [mixin/]: Processing inject() for PlatformAgent[MixinPlatformAgentDefault:SecureJarResource(lionfishapi)]
[26Mar2025 23:04:23.389] [main/DEBUG] [mixin/]: Processing inject() for PlatformAgent[MixinPlatformAgentDefault:SecureJarResource(extinction)]
[26Mar2025 23:04:23.389] [main/DEBUG] [mixin/]: Processing inject() for PlatformAgent[MixinPlatformAgentDefault:SecureJarResource(car)]
[26Mar2025 23:04:23.389] [main/DEBUG] [mixin/]: Processing inject() for PlatformAgent[MixinPlatformAgentDefault:SecureJarResource(cataclysm)]
[26Mar2025 23:04:23.389] [main/DEBUG] [mixin/]: Processing inject() for PlatformAgent[MixinPlatformAgentDefault:SecureJarResource(curios)]
[26Mar2025 23:04:23.390] [main/DEBUG] [mixin/]: Processing inject() for PlatformAgent[MixinPlatformAgentDefault:SecureJarResource(zombiesmore)]
[26Mar2025 23:04:23.390] [main/DEBUG] [mixin/]: Processing inject() for PlatformAgent[MixinPlatformAgentDefault:SecureJarResource(underground_bunkers)]
[26Mar2025 23:04:23.390] [main/DEBUG] [mixin/]: Processing inject() for PlatformAgent[MixinPlatformAgentDefault:SecureJarResource(securitycraft)]
[26Mar2025 23:04:23.390] [main/DEBUG] [mixin/]: Processing inject() for PlatformAgent[MixinPlatformAgentDefault:SecureJarResource(legendary_monsters)]
[26Mar2025 23:04:23.390] [main/DEBUG] [mixin/]: Processing inject() for PlatformAgent[MixinPlatformAgentDefault:SecureJarResource(horror_element_mod)]
[26Mar2025 23:04:23.390] [main/DEBUG] [mixin/]: Processing inject() for PlatformAgent[MixinPlatformAgentDefault:SecureJarResource(lostcities)]
[26Mar2025 23:04:23.390] [main/DEBUG] [mixin/]: Processing inject() for PlatformAgent[MixinPlatformAgentDefault:SecureJarResource(mixinextras)]
[26Mar2025 23:04:23.390] [main/DEBUG] [mixin/]: Processing inject() for PlatformAgent[MixinPlatformAgentDefault:SecureJarResource(pointblank)]
[26Mar2025 23:04:23.390] [main/DEBUG] [mixin/]: Processing inject() for PlatformAgent[MixinPlatformAgentDefault:SecureJarResource(wegotrunnners)]
[26Mar2025 23:04:23.390] [main/DEBUG] [mixin/]: Processing inject() for PlatformAgent[MixinPlatformAgentDefault:SecureJarResource(automobility)]
[26Mar2025 23:04:23.390] [main/DEBUG] [mixin/]: Processing inject() for PlatformAgent[MixinPlatformAgentDefault:SecureJarResource(aiimprovements)]
[26Mar2025 23:04:23.390] [main/DEBUG] [mixin/]: Processing inject() for PlatformAgent[MixinPlatformAgentDefault:SecureJarResource(terralith)]
[26Mar2025 23:04:23.390] [main/DEBUG] [mixin/]: Processing inject() for PlatformAgent[MixinPlatformAgentDefault:SecureJarResource(puzzleslib)]
[26Mar2025 23:04:23.390] [main/DEBUG] [mixin/]: Processing inject() for PlatformAgent[MixinPlatformAgentDefault:SecureJarResource(faded_conquest_2)]
[26Mar2025 23:04:23.390] [main/DEBUG] [mixin/]: Processing inject() for PlatformAgent[MixinPlatformAgentDefault:SecureJarResource(puzzlesaccessapi)]
[26Mar2025 23:04:23.390] [main/DEBUG] [mixin/]: Processing inject() for PlatformAgent[MixinPlatformAgentDefault:SecureJarResource(forge)]
[26Mar2025 23:04:23.390] [main/DEBUG] [mixin/]: Processing inject() for PlatformAgent[MixinPlatformAgentDefault:SecureJarResource(horde_hoard)]
[26Mar2025 23:04:23.390] [main/DEBUG] [mixin/]: Processing inject() for PlatformAgent[MixinPlatformAgentDefault:SecureJarResource(explosiveenhancement)]
[26Mar2025 23:04:23.391] [main/DEBUG] [mixin/]: Processing inject() for PlatformAgent[MixinPlatformAgentDefault:SecureJarResource(sona)]
[26Mar2025 23:04:23.391] [main/DEBUG] [mixin/]: Processing inject() for PlatformAgent[MixinPlatformAgentDefault:SecureJarResource(zombiekit)]
[26Mar2025 23:04:23.391] [main/DEBUG] [mixin/]: Processing inject() for PlatformAgent[MixinPlatformAgentDefault:SecureJarResource(tectonic)]
[26Mar2025 23:04:23.391] [main/DEBUG] [mixin/]: Processing inject() for PlatformAgent[MixinPlatformAgentDefault:SecureJarResource(mclib)]
[26Mar2025 23:04:23.391] [main/DEBUG] [mixin/]: Processing inject() for PlatformAgent[MixinPlatformAgentDefault:SecureJarResource(luaj.jse.figura)]
[26Mar2025 23:04:23.391] [main/DEBUG] [mixin/]: Processing inject() for PlatformAgent[MixinPlatformAgentDefault:SecureJarResource(org.apache.bcel)]
[26Mar2025 23:04:23.391] [main/DEBUG] [mixin/]: Processing inject() for PlatformAgent[MixinPlatformAgentDefault:SecureJarResource(luaj.core.figura)]
[26Mar2025 23:04:23.391] [main/DEBUG] [mixin/]: Processing inject() for PlatformAgent[MixinPlatformAgentDefault:SecureJarResource(MixinExtras)]
[26Mar2025 23:04:23.391] [main/DEBUG] [mixin/]: Processing inject() for PlatformAgent[MixinPlatformAgentDefault:SecureJarResource(commons.math3)]
[26Mar2025 23:04:23.422] [main/DEBUG] [mixin/]: Error cleaning class output directory: .mixin.out
[26Mar2025 23:04:23.423] [main/DEBUG] [mixin/]: Preparing mixins for MixinEnvironment[PREINIT]
[26Mar2025 23:04:23.430] [main/INFO] [mixin/]: Successfully loaded Mixin Connector [de.maxhenkel.car.MixinConnector]
[26Mar2025 23:04:23.433] [main/INFO] [cpw.mods.modlauncher.LaunchServiceHandler/MODLAUNCHER]: Launching target 'forgeserver' with arguments [nogui]
[26Mar2025 23:04:23.435] [main/DEBUG] [mixin/]: Preparing mixins for MixinEnvironment[DEFAULT]
[26Mar2025 23:04:23.435] [main/DEBUG] [mixin/]: Selecting config mowziesmobs.mixins.json
[26Mar2025 23:04:23.439] [main/DEBUG] [mixin/]: Selecting config mutantmonsters.common.mixins.json
[26Mar2025 23:04:23.442] [main/DEBUG] [mixin/]: Selecting config geckolib.mixins.json
[26Mar2025 23:04:23.444] [main/DEBUG] [mixin/]: Selecting config lrarmor.mixins.json
[26Mar2025 23:04:23.445] [main/DEBUG] [mixin/]: Selecting config eeeabsmobs.mixins.json
[26Mar2025 23:04:23.446] [main/DEBUG] [mixin/]: Selecting config graveyard-common.mixins.json
[26Mar2025 23:04:23.449] [main/DEBUG] [mixin/]: Selecting config graveyard-forge.mixins.json
[26Mar2025 23:04:23.451] [main/WARN] [mixin/]: Reference map 'graveyard-FORGE-forge-refmap.json' for graveyard-forge.mixins.json could not be read. If this is a development environment you can ignore this message
[26Mar2025 23:04:23.452] [main/DEBUG] [mixin/]: Selecting config tacz.mixins.json
[26Mar2025 23:04:23.453] [main/DEBUG] [mixin/]: Selecting config lionfishapi.mixins.json
[26Mar2025 23:04:23.455] [main/DEBUG] [mixin/]: Selecting config cataclysm.mixins.json
[26Mar2025 23:04:23.457] [main/DEBUG] [mixin/]: Selecting config curios.mixins.json
[26Mar2025 23:04:23.458] [main/DEBUG] [mixin/]: Selecting config securitycraft.mixins.json
[26Mar2025 23:04:23.461] [main/DEBUG] [mixin/]: Selecting config legendary_monsters.mixins.json
[26Mar2025 23:04:23.462] [main/DEBUG] [mixin/]: Selecting config mixinextras.init.mixins.json
[26Mar2025 23:04:23.494] [main/DEBUG] [MixinExtras|Service/]: com.llamalad7.mixinextras.service.MixinExtrasServiceImpl(version=0.3.6) is taking over from null
[26Mar2025 23:04:23.525] [main/DEBUG] [mixin/]: Registering new injector for @Inject with org.spongepowered.asm.mixin.injection.struct.CallbackInjectionInfo
[26Mar2025 23:04:23.526] [main/DEBUG] [mixin/]: Registering new injector for @ModifyArg with org.spongepowered.asm.mixin.injection.struct.ModifyArgInjectionInfo
[26Mar2025 23:04:23.527] [main/DEBUG] [mixin/]: Registering new injector for @ModifyArgs with org.spongepowered.asm.mixin.injection.struct.ModifyArgsInjectionInfo
[26Mar2025 23:04:23.529] [main/DEBUG] [mixin/]: Registering new injector for @Redirect with org.spongepowered.asm.mixin.injection.struct.RedirectInjectionInfo
[26Mar2025 23:04:23.530] [main/DEBUG] [mixin/]: Registering new injector for @ModifyVariable with org.spongepowered.asm.mixin.injection.struct.ModifyVariableInjectionInfo
[26Mar2025 23:04:23.531] [main/DEBUG] [mixin/]: Registering new injector for @ModifyConstant with org.spongepowered.asm.mixin.injection.struct.ModifyConstantInjectionInfo
[26Mar2025 23:04:23.543] [main/DEBUG] [mixin/]: Selecting config pointblank.mixins.json
[26Mar2025 23:04:23.545] [main/DEBUG] [mixin/]: Selecting config pointblank.mixins.compat.iris.json
[26Mar2025 23:04:23.547] [main/DEBUG] [mixin/]: Selecting config pointblank.mixins.compat.iris16.json
[26Mar2025 23:04:23.549] [main/DEBUG] [mixin/]: Selecting config automobility.mixins.json
[26Mar2025 23:04:23.551] [main/DEBUG] [mixin/]: Selecting config automobility_forge.mixins.json
[26Mar2025 23:04:23.553] [main/DEBUG] [mixin/]: Selecting config puzzleslib.common.mixins.json
[26Mar2025 23:04:23.578] [main/INFO] [Puzzles Lib/]: Loading 40 mods:
	- aiimprovements 0.5.2
	- apocalypsenow 3.0.4
	- automobility 0.4.2+1.20.1-forge
	- born_in_chaos_v1 1.6.3
	- car 1.20.1-1.0.34
	- cataclysm 2.62
	- curios 5.12.1+1.20.1
	- eeeabsmobs 1.20.1-0.97
	- explosiveenhancement 1.1.0
	- extinction 1.1.0
	- extragore 5.2.3.1
	- faded_conquest_2 1.3.0
	- forge 47.3.7
	- geckolib 4.7
	- graveyard 3.1
	- horde_hoard 1.1.0
	- horror_element_mod 1.6.1
	- jei 15.20.0.106
	- legendary_monsters 1.20.1
	- lionfishapi 2.4-Fix
	- lostcities 1.20-7.3.6
	- lrarmor 0.1.4.3
	- minecraft 1.20.1
	- mowziesmobs 1.7.1
	- mutantmonsters 8.0.7
	- pointblank 1.9.6
	- puzzleslib 8.1.25
		\-- puzzlesaccessapi 8.0.7
	- securitycraft 1.9.12
	- sona 1.2.1
	- tacz 1.1.4-hotfix
		\-- mixinextras 0.3.6
	- tectonic 2.4.1
	- terralith 2.5.4
	- underground_bunkers 1.0.5
	- wegotrunnners 1.0.0
	- zombie_extreme 0.2.6.4
	- zombie_island 0.1.3.3
	- zombiekit 2.1.1
	- zombiesmore 2.0.0
[26Mar2025 23:04:23.581] [main/DEBUG] [mixin/]: Selecting config puzzleslib.forge.mixins.json
[26Mar2025 23:04:23.583] [main/DEBUG] [mixin/]: Selecting config explosiveenhancement.mixins.json
[26Mar2025 23:04:23.584] [main/DEBUG] [mixin/]: Selecting config sona.mixins.json
[26Mar2025 23:04:23.588] [main/DEBUG] [mixin/]: Selecting config zombiekit.mixins.json
[26Mar2025 23:04:23.589] [main/DEBUG] [mixin/]: Selecting config tectonic.mixins.json
[26Mar2025 23:04:23.590] [main/DEBUG] [mixin/]: Selecting config car.mixins.json
[26Mar2025 23:04:23.591] [main/DEBUG] [mixin/]: Preparing mowziesmobs.mixins.json (1)
[26Mar2025 23:04:23.611] [main/DEBUG] [mixin/]: Preparing mutantmonsters.common.mixins.json (2)
[26Mar2025 23:04:23.616] [main/DEBUG] [mixin/]: Preparing geckolib.mixins.json (1)
[26Mar2025 23:04:23.616] [main/DEBUG] [mixin/]: Preparing lrarmor.mixins.json (1)
[26Mar2025 23:04:23.616] [main/DEBUG] [mixin/]: Preparing eeeabsmobs.mixins.json (1)
[26Mar2025 23:04:23.634] [main/DEBUG] [mixin/]: Preparing graveyard-common.mixins.json (11)
[26Mar2025 23:04:23.682] [main/DEBUG] [net.minecraftforge.coremod.transformer.CoreModBaseTransformer/COREMOD]: Transforming net/minecraft/world/entity/npc/Villager
[26Mar2025 23:04:23.998] [main/DEBUG] [mixin/]: Preparing graveyard-forge.mixins.json (0)
[26Mar2025 23:04:23.998] [main/DEBUG] [mixin/]: Preparing tacz.mixins.json (14)
[26Mar2025 23:04:24.041] [main/DEBUG] [mixin/]: Preparing lionfishapi.mixins.json (2)
[26Mar2025 23:04:24.068] [main/DEBUG] [mixin/]: Preparing cataclysm.mixins.json (21)
[26Mar2025 23:04:24.093] [main/DEBUG] [net.minecraftforge.coremod.transformer.CoreModBaseTransformer/COREMOD]: Transforming net/minecraft/world/level/levelgen/structure/templatesystem/StructureTemplate
[26Mar2025 23:04:24.286] [main/DEBUG] [mixin/]: Preparing curios.mixins.json (13)
[26Mar2025 23:04:24.313] [main/DEBUG] [mixin/]: Preparing securitycraft.mixins.json (19)
[26Mar2025 23:04:24.359] [main/DEBUG] [mixin/]: Preparing legendary_monsters.mixins.json (1)
[26Mar2025 23:04:24.359] [main/DEBUG] [mixin/]: Preparing mixinextras.init.mixins.json (0)
[26Mar2025 23:04:24.359] [main/DEBUG] [mixin/]: Preparing pointblank.mixins.json (14)
[26Mar2025 23:04:24.363] [main/DEBUG] [mixin/]: Preparing pointblank.mixins.compat.iris.json (6)
[26Mar2025 23:04:24.363] [main/DEBUG] [mixin/]: Preparing pointblank.mixins.compat.iris16.json (1)
[26Mar2025 23:04:24.363] [main/DEBUG] [mixin/]: Preparing automobility.mixins.json (10)
[26Mar2025 23:04:24.378] [main/DEBUG] [mixin/]: Preparing automobility_forge.mixins.json (9)
[26Mar2025 23:04:24.378] [main/DEBUG] [mixin/]: Preparing puzzleslib.common.mixins.json (3)
[26Mar2025 23:04:24.385] [main/DEBUG] [mixin/]: Preparing puzzleslib.forge.mixins.json (13)
[26Mar2025 23:04:24.405] [main/DEBUG] [mixin/]: Preparing explosiveenhancement.mixins.json (1)
[26Mar2025 23:04:24.405] [main/DEBUG] [mixin/]: Preparing sona.mixins.json (31)
[26Mar2025 23:04:24.438] [main/DEBUG] [net.minecraftforge.coremod.transformer.CoreModBaseTransformer/COREMOD]: Transforming net/minecraft/world/item/ItemStack
[26Mar2025 23:04:24.489] [main/DEBUG] [mixin/]: Preparing zombiekit.mixins.json (8)
[26Mar2025 23:04:24.519] [main/DEBUG] [mixin/]: Preparing tectonic.mixins.json (4)
[26Mar2025 23:04:24.523] [main/DEBUG] [net.minecraftforge.coremod.transformer.CoreModBaseTransformer/COREMOD]: Transforming net/minecraft/world/level/biome/Biome
[26Mar2025 23:04:24.542] [main/DEBUG] [mixin/]: Preparing car.mixins.json (3)
[26Mar2025 23:04:24.547] [main/ERROR] [net.minecraftforge.fml.loading.RuntimeDistCleaner/DISTXFORM]: Attempted to load class net/minecraft/client/gui/Gui for invalid dist DEDICATED_SERVER
[26Mar2025 23:04:24.548] [main/WARN] [mixin/]: Error loading class: net/minecraft/client/gui/Gui (java.lang.RuntimeException: Attempted to load class net/minecraft/client/gui/Gui for invalid dist DEDICATED_SERVER)
[26Mar2025 23:04:24.549] [main/WARN] [mixin/]: @Mixin target net.minecraft.client.gui.Gui was not found car.mixins.json:GuiMixin
[26Mar2025 23:04:24.550] [main/WARN] [mixin/]: Error loading class: net/minecraft/client/gui/screens/SoundOptionsScreen (java.lang.ClassNotFoundException: net.minecraft.client.gui.screens.SoundOptionsScreen)
[26Mar2025 23:04:24.551] [main/WARN] [mixin/]: @Mixin target net.minecraft.client.gui.screens.SoundOptionsScreen was not found car.mixins.json:SoundOptionsScreenMixin
[26Mar2025 23:04:24.618] [main/DEBUG] [mixin/]: Prepared 121 mixins in 1.183 sec (9.8ms avg) (0ms load, 0ms transform, 0ms plugin)
[26Mar2025 23:04:24.679] [main/DEBUG] [io.netty.util.internal.logging.InternalLoggerFactory/]: Using SLF4J as the default logging framework
[26Mar2025 23:04:24.682] [main/DEBUG] [io.netty.util.ResourceLeakDetector/]: -Dio.netty.leakDetection.level: simple
[26Mar2025 23:04:24.682] [main/DEBUG] [io.netty.util.ResourceLeakDetector/]: -Dio.netty.leakDetection.targetRecords: 4
[26Mar2025 23:04:24.886] [main/DEBUG] [oshi.util.FileUtil/]: No oshi.properties file found from ClassLoader cpw.mods.modlauncher.TransformingClassLoader@5e8507f1
[26Mar2025 23:04:24.886] [main/DEBUG] [oshi.util.FileUtil/]: No oshi.properties file found from ClassLoader jdk.internal.loader.ClassLoaders$AppClassLoader@76ed5528
[26Mar2025 23:04:24.945] [main/DEBUG] [oshi.util.FileUtil/]: Reading file /proc/self/auxv
[26Mar2025 23:04:24.945] [main/DEBUG] [oshi.util.FileUtil/]: Reading file /proc/self/auxv
[26Mar2025 23:04:24.950] [main/DEBUG] [oshi.util.FileUtil/]: Reading file /proc/stat
[26Mar2025 23:04:24.957] [main/DEBUG] [oshi.util.FileUtil/]: Reading file /sys/devices/system/cpu/cpu0/topology/core_id
[26Mar2025 23:04:24.957] [main/DEBUG] [oshi.util.FileUtil/]: Reading file /sys/devices/system/cpu/cpu0/topology/core_id
[26Mar2025 23:04:24.957] [main/DEBUG] [oshi.util.FileUtil/]: Reading file /sys/devices/system/cpu/cpu0/topology/physical_package_id
[26Mar2025 23:04:24.957] [main/DEBUG] [oshi.util.FileUtil/]: Reading file /sys/devices/system/cpu/cpu0/topology/physical_package_id
[26Mar2025 23:04:24.958] [main/DEBUG] [oshi.util.FileUtil/]: Reading file /sys/devices/system/cpu/cpu0/cpu_capacity
[26Mar2025 23:04:24.959] [main/DEBUG] [oshi.util.FileUtil/]: Reading file /sys/devices/system/cpu/cpu1/topology/core_id
[26Mar2025 23:04:24.959] [main/DEBUG] [oshi.util.FileUtil/]: Reading file /sys/devices/system/cpu/cpu1/topology/core_id
[26Mar2025 23:04:24.959] [main/DEBUG] [oshi.util.FileUtil/]: Reading file /sys/devices/system/cpu/cpu1/topology/physical_package_id
[26Mar2025 23:04:24.959] [main/DEBUG] [oshi.util.FileUtil/]: Reading file /sys/devices/system/cpu/cpu1/topology/physical_package_id
[26Mar2025 23:04:24.960] [main/DEBUG] [oshi.util.FileUtil/]: Reading file /sys/devices/system/cpu/cpu1/cpu_capacity
[26Mar2025 23:04:24.960] [main/DEBUG] [oshi.util.FileUtil/]: Reading file /sys/devices/system/cpu/cpu2/topology/core_id
[26Mar2025 23:04:24.960] [main/DEBUG] [oshi.util.FileUtil/]: Reading file /sys/devices/system/cpu/cpu2/topology/core_id
[26Mar2025 23:04:24.960] [main/DEBUG] [oshi.util.FileUtil/]: Reading file /sys/devices/system/cpu/cpu2/topology/physical_package_id
[26Mar2025 23:04:24.960] [main/DEBUG] [oshi.util.FileUtil/]: Reading file /sys/devices/system/cpu/cpu2/topology/physical_package_id
[26Mar2025 23:04:24.960] [main/DEBUG] [oshi.util.FileUtil/]: Reading file /sys/devices/system/cpu/cpu2/cpu_capacity
[26Mar2025 23:04:24.961] [main/DEBUG] [oshi.util.FileUtil/]: Reading file /sys/devices/system/cpu/cpu3/topology/core_id
[26Mar2025 23:04:24.961] [main/DEBUG] [oshi.util.FileUtil/]: Reading file /sys/devices/system/cpu/cpu3/topology/core_id
[26Mar2025 23:04:24.961] [main/DEBUG] [oshi.util.FileUtil/]: Reading file /sys/devices/system/cpu/cpu3/topology/physical_package_id
[26Mar2025 23:04:24.961] [main/DEBUG] [oshi.util.FileUtil/]: Reading file /sys/devices/system/cpu/cpu3/topology/physical_package_id
[26Mar2025 23:04:24.961] [main/DEBUG] [oshi.util.FileUtil/]: Reading file /sys/devices/system/cpu/cpu3/cpu_capacity
[26Mar2025 23:04:24.963] [main/DEBUG] [oshi.util.FileUtil/]: Reading file /proc/cpuinfo
[26Mar2025 23:04:24.972] [main/DEBUG] [oshi.util.FileUtil/]: Reading file /proc/self/auxv
[26Mar2025 23:04:24.975] [main/DEBUG] [oshi.util.FileUtil/]: No oshi.architecture.properties file found from ClassLoader cpw.mods.modlauncher.TransformingClassLoader@5e8507f1
[26Mar2025 23:04:24.975] [main/DEBUG] [oshi.util.FileUtil/]: No oshi.architecture.properties file found from ClassLoader jdk.internal.loader.ClassLoaders$AppClassLoader@76ed5528
[26Mar2025 23:04:24.991] [main/DEBUG] [oshi.util.FileUtil/]: Reading file /proc/meminfo
[26Mar2025 23:04:24.992] [main/DEBUG] [oshi.util.FileUtil/]: Reading file /proc/meminfo
[26Mar2025 23:04:25.087] [main/INFO] [MixinExtras|Service/]: Initializing MixinExtras via com.llamalad7.mixinextras.service.MixinExtrasServiceImpl(version=0.3.6).
[26Mar2025 23:04:25.089] [main/DEBUG] [mixin/]: Registering new injector for @SugarWrapper with com.llamalad7.mixinextras.sugar.impl.SugarWrapperInjectionInfo
[26Mar2025 23:04:25.089] [main/DEBUG] [mixin/]: Registering new injector for @FactoryRedirectWrapper with com.llamalad7.mixinextras.wrapper.factory.FactoryRedirectWrapperInjectionInfo
[26Mar2025 23:04:25.093] [main/DEBUG] [mixin/]: Mixing accessor.ForgeRegistryForgeAccessor from puzzleslib.forge.mixins.json into net.minecraftforge.registries.ForgeRegistry
[26Mar2025 23:04:25.128] [main/DEBUG] [mixin/]: Mixing accessor.BlockAccessor from puzzleslib.common.mixins.json into net.minecraft.world.level.block.Block
[26Mar2025 23:04:25.151] [main/DEBUG] [mixin/]: Mixing EntityMixin from lionfishapi.mixins.json into net.minecraft.world.entity.Entity
[26Mar2025 23:04:25.181] [main/DEBUG] [mixin/]: Mixing AccessorEntity from curios.mixins.json into net.minecraft.world.entity.Entity
[26Mar2025 23:04:25.182] [main/DEBUG] [mixin/]: Mixing EntityMixin from pointblank.mixins.json into net.minecraft.world.entity.Entity
[26Mar2025 23:04:25.184] [main/DEBUG] [mixin/]: Mixing EntityMixin from automobility.mixins.json into net.minecraft.world.entity.Entity
[26Mar2025 23:04:25.298] [main/DEBUG] [mixin/]: Mixing common.LivingEntityMixin from tacz.mixins.json into net.minecraft.world.entity.LivingEntity
[26Mar2025 23:04:25.307] [main/DEBUG] [mixin/]: Renaming synthetic method lambda$initialData$0()Lnet/minecraft/world/item/ItemStack; to md29ba66$lambda$initialData$0$0 in tacz.mixins.json:common.LivingEntityMixin
[26Mar2025 23:04:25.341] [main/DEBUG] [mixin/]: Mixing LivingEntityMixin from cataclysm.mixins.json into net.minecraft.world.entity.LivingEntity
[26Mar2025 23:04:25.344] [main/DEBUG] [mixin/]: Mixing MixinLivingEntity from curios.mixins.json into net.minecraft.world.entity.LivingEntity
[26Mar2025 23:04:25.346] [main/DEBUG] [mixin/]: Mixing LivingEntityMixin from legendary_monsters.mixins.json into net.minecraft.world.entity.LivingEntity
[26Mar2025 23:04:25.351] [main/DEBUG] [mixin/]: Mixing LivingEntityMixin from pointblank.mixins.json into net.minecraft.world.entity.LivingEntity
[26Mar2025 23:04:25.366] [main/DEBUG] [mixin/]: Mixing LivingEntityMixin from sona.mixins.json into net.minecraft.world.entity.LivingEntity
[26Mar2025 23:04:25.389] [main/DEBUG] [net.minecraftforge.coremod.transformer.CoreModBaseTransformer/COREMOD]: Transforming net/minecraft/world/effect/MobEffectInstance
[26Mar2025 23:04:25.421] [main/DEBUG] [mixin/]: Mixing LivingEntityMixin from zombiekit.mixins.json into net.minecraft.world.entity.LivingEntity
[26Mar2025 23:04:25.433] [main/DEBUG] [net.minecraftforge.coremod.transformer.CoreModBaseTransformer/COREMOD]: Transforming net/minecraft/world/entity/EntityType
[26Mar2025 23:04:25.728] [main/DEBUG] [mixin/]: Mixing ServerLevelMixin from sona.mixins.json into net.minecraft.server.level.ServerLevel
[26Mar2025 23:04:25.748] [main/DEBUG] [mixin/]: Mixing ServerLevelMixin from zombiekit.mixins.json into net.minecraft.server.level.ServerLevel
[26Mar2025 23:04:25.785] [main/DEBUG] [mixin/]: Mixing ItemMixin from cataclysm.mixins.json into net.minecraft.world.entity.item.ItemEntity
[26Mar2025 23:04:25.790] [main/DEBUG] [mixin/]: Mixing ItemEntityMixin from sona.mixins.json into net.minecraft.world.entity.item.ItemEntity
[26Mar2025 23:04:25.811] [main/DEBUG] [mixin/]: Mixing PlayerMixin from zombiekit.mixins.json into net.minecraft.world.entity.player.Player
[26Mar2025 23:04:25.939] [main/DEBUG] [net.minecraftforge.coremod.transformer.CoreModBaseTransformer/COREMOD]: Transforming net/minecraft/world/entity/EntityType
[26Mar2025 23:04:26.073] [main/DEBUG] [mixin/]: Mixing TrunkPlacerTypeInvoker from graveyard-common.mixins.json into net.minecraft.world.level.levelgen.feature.trunkplacers.TrunkPlacerType
[26Mar2025 23:04:26.074] [main/DEBUG] [mixin/]: Renaming @Invoker method callRegister(Ljava/lang/String;Lcom/mojang/serialization/Codec;)Lnet/minecraft/world/level/levelgen/feature/trunkplacers/TrunkPlacerType; to callRegister_$md$29ba66$0 in graveyard-common.mixins.json:TrunkPlacerTypeInvoker
[26Mar2025 23:04:26.107] [main/DEBUG] [mixin/]: Mixing accessor.FireBlockForgeAccessor from puzzleslib.forge.mixins.json into net.minecraft.world.level.block.FireBlock
[26Mar2025 23:04:26.296] [main/DEBUG] [mixin/]: Mixing PlantBlockMixin from graveyard-common.mixins.json into net.minecraft.world.level.block.BushBlock
[26Mar2025 23:04:26.315] [main/DEBUG] [net.minecraftforge.coremod.transformer.CoreModBaseTransformer/COREMOD]: Transforming net/minecraft/world/level/block/LiquidBlock
[26Mar2025 23:04:26.321] [main/DEBUG] [mixin/]: Mixing BaseEntityBlockMixin from sona.mixins.json into net.minecraft.world.level.block.BaseEntityBlock
[26Mar2025 23:04:26.360] [main/DEBUG] [net.minecraftforge.coremod.transformer.CoreModBaseTransformer/COREMOD]: Transforming net/minecraft/world/level/block/StairBlock
[26Mar2025 23:04:26.460] [main/DEBUG] [net.minecraftforge.coremod.transformer.CoreModBaseTransformer/COREMOD]: Transforming net/minecraft/world/level/block/FlowerPotBlock
[26Mar2025 23:04:26.535] [main/DEBUG] [mixin/]: Mixing reinforced.BubbleColumnBlockMixin from securitycraft.mixins.json into net.minecraft.world.level.block.BubbleColumnBlock
[26Mar2025 23:04:26.639] [main/DEBUG] [mixin/]: Mixing MixinPowderSnowBlock from curios.mixins.json into net.minecraft.world.level.block.PowderSnowBlock
[26Mar2025 23:04:26.685] [main/DEBUG] [mixin/]: Mixing BlockBehaviourMixin from mowziesmobs.mixins.json into net.minecraft.world.level.block.state.BlockBehaviour$Properties
[26Mar2025 23:04:26.861] [main/DEBUG] [mixin/]: Mixing BaseContainerBlockEntityMixin from sona.mixins.json into net.minecraft.world.level.block.entity.BaseContainerBlockEntity
[26Mar2025 23:04:27.441] [main/DEBUG] [mixin/]: Mixing AbstractContainerMenuMixin from automobility.mixins.json into net.minecraft.world.inventory.AbstractContainerMenu
[26Mar2025 23:04:27.441] [main/DEBUG] [mixin/]: Renaming synthetic method lambda$automobility$spoofAutomobileAttachmentScreens$0(Lnet/minecraft/world/entity/player/Player;Lnet/minecraft/world/level/Level;Lnet/minecraft/core/BlockPos;)Ljava/lang/Boolean; to md29ba66$lambda$automobility$spoofAutomobileAttachmentScreens$0$0 in automobility.mixins.json:AbstractContainerMenuMixin
[26Mar2025 23:04:27.446] [main/DEBUG] [mixin/]: Mixing AbstractContainerMenuMixin from sona.mixins.json into net.minecraft.world.inventory.AbstractContainerMenu
[26Mar2025 23:04:27.562] [main/DEBUG] [mixin/]: Mixing AABBMixin from automobility.mixins.json into net.minecraft.world.phys.AABB
[26Mar2025 23:04:27.580] [main/DEBUG] [mixin/]: Mixing AbstractArrowMixin from zombiekit.mixins.json into net.minecraft.world.entity.projectile.AbstractArrow
[26Mar2025 23:04:27.623] [main/DEBUG] [mixin/]: Mixing MobMixin from eeeabsmobs.mixins.json into net.minecraft.world.entity.Mob
[26Mar2025 23:04:27.625] [main/DEBUG] [mixin/]: Mixing MobMixin from sona.mixins.json into net.minecraft.world.entity.Mob
[26Mar2025 23:04:27.733] [main/DEBUG] [net.minecraftforge.coremod.transformer.CoreModBaseTransformer/COREMOD]: Transforming net/minecraft/world/item/ItemStack
[26Mar2025 23:04:27.734] [main/DEBUG] [mixin/]: Mixing ItemStackMixin from sona.mixins.json into net.minecraft.world.item.ItemStack
[26Mar2025 23:04:27.822] [main/WARN] [mixin/]: Mixin sona.mixins.json:ItemStackMixin has multiple constructors, (Ljava/lang/Class;)V was selected

[26Mar2025 23:04:27.909] [main/DEBUG] [mixin/]: Mixing ItemCombinerMenuMixin from automobility.mixins.json into net.minecraft.world.inventory.ItemCombinerMenu
[26Mar2025 23:04:27.909] [main/DEBUG] [mixin/]: Renaming synthetic method lambda$automobility$allowSmithingMenuAutomobileSpoof$0(Lnet/minecraft/world/entity/player/Player;Lnet/minecraft/world/level/Level;Lnet/minecraft/core/BlockPos;)Ljava/lang/Boolean; to md29ba66$lambda$automobility$allowSmithingMenuAutomobileSpoof$0$0 in automobility.mixins.json:ItemCombinerMenuMixin
[26Mar2025 23:04:27.922] [main/DEBUG] [mixin/]: Mixing HopperBlockEntityMixin from sona.mixins.json into net.minecraft.world.level.block.entity.HopperBlockEntity
[26Mar2025 23:04:28.576] [main/DEBUG] [net.minecraftforge.coremod.transformer.CoreModBaseTransformer/COREMOD]: Transforming net/minecraft/world/entity/animal/frog/Tadpole
[26Mar2025 23:04:28.609] [main/DEBUG] [mixin/]: Mixing accessor.BlockItemAccessor from puzzleslib.common.mixins.json into net.minecraft.world.item.BlockItem
[26Mar2025 23:04:28.616] [main/DEBUG] [mixin/]: Mixing boat.BoatItemMixin from securitycraft.mixins.json into net.minecraft.world.item.BoatItem
[26Mar2025 23:04:28.628] [main/DEBUG] [mixin/]: Mixing ShovelItemAccess from automobility.mixins.json into net.minecraft.world.item.ShovelItem
[26Mar2025 23:04:28.629] [main/DEBUG] [mixin/]: Renaming @Accessor method getFlattenables()Ljava/util/Map; to getFlattenables_$md$29ba66$0 in automobility.mixins.json:ShovelItemAccess
[26Mar2025 23:04:28.638] [main/DEBUG] [net.minecraftforge.coremod.transformer.CoreModBaseTransformer/COREMOD]: Transforming net/minecraft/world/item/BucketItem
[26Mar2025 23:04:28.655] [main/DEBUG] [mixin/]: Mixing MixinShearsItem from curios.mixins.json into net.minecraft.world.item.ShearsItem
[26Mar2025 23:04:28.664] [main/DEBUG] [mixin/]: Mixing reinforced.WritableAndWrittenBookItemMixin from securitycraft.mixins.json into net.minecraft.world.item.WritableBookItem
[26Mar2025 23:04:28.672] [main/DEBUG] [mixin/]: Mixing reinforced.WritableAndWrittenBookItemMixin from securitycraft.mixins.json into net.minecraft.world.item.WrittenBookItem
[26Mar2025 23:04:28.696] [main/DEBUG] [mixin/]: Mixing suspiciousmines.BrushItemMixin from securitycraft.mixins.json into net.minecraft.world.item.BrushItem
[26Mar2025 23:04:28.696] [main/DEBUG] [mixin/]: Renaming synthetic method lambda$securitycraft$checkForSuspiciousMine$1(Lnet/minecraft/world/entity/player/Player;)V to md29ba66$lambda$securitycraft$checkForSuspiciousMine$1$0 in securitycraft.mixins.json:suspiciousmines.BrushItemMixin
[26Mar2025 23:04:28.696] [main/DEBUG] [mixin/]: Renaming synthetic method lambda$securitycraft$makeSuspiciousMinesBrushablePartTwo$0(Lnet/minecraft/world/entity/Entity;)Z to md29ba66$lambda$securitycraft$makeSuspiciousMinesBrushablePartTwo$0$1 in securitycraft.mixins.json:suspiciousmines.BrushItemMixin
[26Mar2025 23:04:29.034] [main/DEBUG] [mixin/]: Mixing CompoundTagMixin from sona.mixins.json into net.minecraft.nbt.CompoundTag
[26Mar2025 23:04:29.515] [main/DEBUG] [mixin/]: Mixing TargetGoalMixin from sona.mixins.json into net.minecraft.world.entity.ai.goal.target.TargetGoal
[26Mar2025 23:04:29.536] [main/DEBUG] [mixin/]: Mixing boat.BoatMixin from securitycraft.mixins.json into net.minecraft.world.entity.vehicle.Boat
[26Mar2025 23:04:29.627] [main/DEBUG] [net.minecraftforge.coremod.transformer.CoreModBaseTransformer/COREMOD]: Transforming net/minecraft/world/entity/monster/Spider
[26Mar2025 23:04:29.677] [main/DEBUG] [mixin/]: Mixing CreeperEntityMixin from graveyard-common.mixins.json into net.minecraft.world.entity.monster.Creeper
[26Mar2025 23:04:29.701] [main/DEBUG] [net.minecraftforge.coremod.transformer.CoreModBaseTransformer/COREMOD]: Transforming net/minecraft/world/entity/monster/Zombie
[26Mar2025 23:04:29.814] [main/DEBUG] [net.minecraftforge.coremod.transformer.CoreModBaseTransformer/COREMOD]: Transforming net/minecraft/world/entity/monster/ZombieVillager
[26Mar2025 23:04:29.915] [main/DEBUG] [net.minecraftforge.coremod.transformer.CoreModBaseTransformer/COREMOD]: Transforming net/minecraft/world/entity/monster/Evoker$EvokerSummonSpellGoal
[26Mar2025 23:04:29.972] [main/DEBUG] [mixin/]: Mixing HoglinMixin from sona.mixins.json into net.minecraft.world.entity.monster.hoglin.Hoglin
[26Mar2025 23:04:29.984] [main/DEBUG] [mixin/]: Mixing ZoglinMixin from sona.mixins.json into net.minecraft.world.entity.monster.Zoglin
[26Mar2025 23:04:30.056] [main/DEBUG] [mixin/]: Mixing PiglinMixin from sona.mixins.json into net.minecraft.world.entity.monster.piglin.Piglin
[26Mar2025 23:04:30.074] [main/DEBUG] [mixin/]: Mixing PillagerMixin from zombiekit.mixins.json into net.minecraft.world.entity.monster.Pillager
[26Mar2025 23:04:30.077] [main/DEBUG] [mixin/]: Renaming synthetic method lambda$onGetArmPose$0(Lnet/minecraft/world/item/ItemStack;)Z to md29ba66$lambda$onGetArmPose$0$0 in zombiekit.mixins.json:PillagerMixin
[26Mar2025 23:04:30.100] [main/DEBUG] [mixin/]: Mixing accessor.RavagerAccessor from mutantmonsters.common.mixins.json into net.minecraft.world.entity.monster.Ravager
[26Mar2025 23:04:30.122] [main/DEBUG] [net.minecraftforge.coremod.transformer.CoreModBaseTransformer/COREMOD]: Transforming net/minecraft/world/entity/animal/horse/SkeletonTrapGoal
[26Mar2025 23:04:30.149] [main/DEBUG] [net.minecraftforge.coremod.transformer.CoreModBaseTransformer/COREMOD]: Transforming net/minecraft/world/entity/monster/Strider
[26Mar2025 23:04:30.233] [main/DEBUG] [mixin/]: Mixing common.ServerPlayerMixin from tacz.mixins.json into net.minecraft.server.level.ServerPlayer
[26Mar2025 23:04:30.233] [main/DEBUG] [mixin/]: Mixing camera.ServerPlayerMixin from securitycraft.mixins.json into net.minecraft.server.level.ServerPlayer
[26Mar2025 23:04:30.280] [main/DEBUG] [net.minecraftforge.coremod.transformer.CoreModBaseTransformer/COREMOD]: Transforming net/minecraft/world/entity/npc/Villager
[26Mar2025 23:04:30.390] [main/DEBUG] [mixin/]: Mixing VillagerEntityMixin from graveyard-common.mixins.json into net.minecraft.world.entity.npc.Villager
[26Mar2025 23:04:30.393] [main/DEBUG] [mixin/]: Mixing VillagerEntityMixin from car.mixins.json into net.minecraft.world.entity.npc.Villager
[26Mar2025 23:04:30.421] [main/DEBUG] [mixin/]: Mixing WanderingTraderEntityMixin from graveyard-common.mixins.json into net.minecraft.world.entity.npc.WanderingTrader
[26Mar2025 23:04:30.459] [main/DEBUG] [net.minecraftforge.coremod.transformer.CoreModBaseTransformer/COREMOD]: Transforming net/minecraft/world/effect/MobEffectInstance
[26Mar2025 23:04:30.487] [main/DEBUG] [mixin/]: Mixing ServerPlayNetworkHandlerMixin from graveyard-common.mixins.json into net.minecraft.server.network.ServerGamePacketListenerImpl
[26Mar2025 23:04:30.489] [main/DEBUG] [mixin/]: Mixing common.ServerGamePacketListenerImplMixin from tacz.mixins.json into net.minecraft.server.network.ServerGamePacketListenerImpl
[26Mar2025 23:04:30.490] [main/DEBUG] [mixin/]: Mixing common.ServerPlayNetHandlerMixin from tacz.mixins.json into net.minecraft.server.network.ServerGamePacketListenerImpl
[26Mar2025 23:04:30.492] [main/DEBUG] [mixin/]: Mixing ServerGamePacketListenerImplMixin from automobility.mixins.json into net.minecraft.server.network.ServerGamePacketListenerImpl
[26Mar2025 23:04:30.495] [main/DEBUG] [mixin/]: Mixing ServerGamePacketListenerImplMixin from sona.mixins.json into net.minecraft.server.network.ServerGamePacketListenerImpl
[26Mar2025 23:04:30.495] [main/DEBUG] [mixin/]: Renaming synthetic method lambda$onHandleChat$3(Lnet/minecraft/network/protocol/game/ServerboundChatPacket;Lnet/minecraft/network/chat/LastSeenMessages;)V to md29ba66$lambda$onHandleChat$3$0 in sona.mixins.json:ServerGamePacketListenerImplMixin
[26Mar2025 23:04:30.497] [main/DEBUG] [mixin/]: Renaming synthetic method lambda$onHandleChat$2(Lnet/minecraft/network/protocol/game/ServerboundChatPacket;Lnet/minecraft/network/chat/LastSeenMessages;)V to md29ba66$lambda$onHandleChat$2$1 in sona.mixins.json:ServerGamePacketListenerImplMixin
[26Mar2025 23:04:30.497] [main/DEBUG] [mixin/]: Renaming synthetic method lambda$onHandleChat$1(Ljava/util/concurrent/CompletableFuture;Ljava/util/concurrent/CompletableFuture;Lnet/minecraft/network/chat/PlayerChatMessage;Ljava/util/concurrent/Executor;)Ljava/util/concurrent/CompletableFuture; to md29ba66$lambda$onHandleChat$1$2 in sona.mixins.json:ServerGamePacketListenerImplMixin
[26Mar2025 23:04:30.498] [main/DEBUG] [mixin/]: Renaming synthetic method lambda$onHandleChat$0(Ljava/util/concurrent/CompletableFuture;Lnet/minecraft/network/chat/PlayerChatMessage;Ljava/util/concurrent/CompletableFuture;Ljava/lang/Void;)V to md29ba66$lambda$onHandleChat$0$3 in sona.mixins.json:ServerGamePacketListenerImplMixin
[26Mar2025 23:04:30.537] [main/DEBUG] [mixin/]: Mixing accessor.PotionBrewingForgeAccessor from puzzleslib.forge.mixins.json into net.minecraft.world.item.alchemy.PotionBrewing
[26Mar2025 23:04:30.538] [main/DEBUG] [mixin/]: Renaming @Accessor method puzzleslib$getPotionMixes()Ljava/util/List; to puzzleslib$getPotionMixes_$md$29ba66$0 in puzzleslib.forge.mixins.json:accessor.PotionBrewingForgeAccessor
[26Mar2025 23:04:30.538] [main/DEBUG] [mixin/]: Renaming @Accessor method puzzleslib$getContainerMixes()Ljava/util/List; to puzzleslib$getContainerMixes_$md$29ba66$1 in puzzleslib.forge.mixins.json:accessor.PotionBrewingForgeAccessor
[26Mar2025 23:04:30.538] [main/DEBUG] [mixin/]: Renaming @Accessor method puzzleslib$getAllowedContainers()Ljava/util/List; to puzzleslib$getAllowedContainers_$md$29ba66$2 in puzzleslib.forge.mixins.json:accessor.PotionBrewingForgeAccessor
[26Mar2025 23:04:30.615] [main/DEBUG] [mixin/]: Mixing potion.BrewingStandMenuMixin from securitycraft.mixins.json into net.minecraft.world.inventory.BrewingStandMenu
[26Mar2025 23:04:30.622] [main/DEBUG] [mixin/]: Mixing StructureProcessorAccessor from cataclysm.mixins.json into net.minecraft.world.level.levelgen.structure.templatesystem.StructureProcessor
[26Mar2025 23:04:30.680] [main/DEBUG] [mixin/]: Mixing MixinInventory from curios.mixins.json into net.minecraft.world.entity.player.Inventory
[26Mar2025 23:04:30.681] [main/DEBUG] [mixin/]: Mixing InventoryMixin from sona.mixins.json into net.minecraft.world.entity.player.Inventory
[26Mar2025 23:04:30.691] [main/DEBUG] [mixin/]: Mixing SlotMixin from pointblank.mixins.json into net.minecraft.world.inventory.Slot
[26Mar2025 23:04:30.692] [main/DEBUG] [mixin/]: Mixing SlotMixin from sona.mixins.json into net.minecraft.world.inventory.Slot
[26Mar2025 23:04:30.827] [main/DEBUG] [mixin/]: Mixing MixinApplyBonusCount from curios.mixins.json into net.minecraft.world.level.storage.loot.functions.ApplyBonusCount
[26Mar2025 23:04:30.914] [main/DEBUG] [mixin/]: Mixing TreeFeatureMixin from graveyard-common.mixins.json into net.minecraft.world.level.levelgen.feature.TreeFeature
[26Mar2025 23:04:30.926] [main/DEBUG] [mixin/]: Mixing NoMultifaceGrowthFeatureInStructuresMixin from cataclysm.mixins.json into net.minecraft.world.level.levelgen.feature.MultifaceGrowthFeature
[26Mar2025 23:04:30.933] [main/DEBUG] [mixin/]: Mixing NoMagmaBlockInStructuresMixin from cataclysm.mixins.json into net.minecraft.world.level.levelgen.feature.UnderwaterMagmaFeature
[26Mar2025 23:04:30.938] [main/DEBUG] [mixin/]: Mixing LakeFeatureMixin from graveyard-common.mixins.json into net.minecraft.world.level.levelgen.feature.LakeFeature
[26Mar2025 23:04:30.939] [main/DEBUG] [mixin/]: Mixing NoLakesInStructuresMixin from cataclysm.mixins.json into net.minecraft.world.level.levelgen.feature.LakeFeature
[26Mar2025 23:04:30.940] [main/DEBUG] [net.minecraftforge.coremod.transformer.CoreModBaseTransformer/COREMOD]: Transforming net/minecraft/world/level/levelgen/structure/Structure
[26Mar2025 23:04:30.946] [main/DEBUG] [mixin/]: Mixing NoOreInStructuresMixin from cataclysm.mixins.json into net.minecraft.world.level.levelgen.feature.OreFeature
[26Mar2025 23:04:30.956] [main/DEBUG] [mixin/]: Mixing NoBasaltColumnsInStructuresMixin from cataclysm.mixins.json into net.minecraft.world.level.levelgen.feature.BasaltColumnsFeature
[26Mar2025 23:04:30.959] [main/DEBUG] [mixin/]: Mixing NoDeltasInStructuresMixin from cataclysm.mixins.json into net.minecraft.world.level.levelgen.feature.DeltaFeature
[26Mar2025 23:04:30.964] [main/DEBUG] [mixin/]: Mixing NoGeodeInStructuresMixin from cataclysm.mixins.json into net.minecraft.world.level.levelgen.feature.GeodeFeature
[26Mar2025 23:04:31.055] [main/DEBUG] [net.minecraftforge.coremod.transformer.CoreModBaseTransformer/COREMOD]: Transforming net/minecraft/world/level/levelgen/structure/Structure
[26Mar2025 23:04:31.062] [main/DEBUG] [mixin/]: Mixing StructurePieceMixin from tectonic.mixins.json into net.minecraft.world.level.levelgen.structure.StructurePiece
[26Mar2025 23:04:31.090] [main/DEBUG] [net.minecraftforge.coremod.transformer.CoreModBaseTransformer/COREMOD]: Transforming net/minecraft/world/level/levelgen/structure/structures/OceanRuinPieces$OceanRuinPiece
[26Mar2025 23:04:31.103] [main/DEBUG] [net.minecraftforge.coremod.transformer.CoreModBaseTransformer/COREMOD]: Transforming net/minecraft/world/level/levelgen/structure/structures/SwampHutPiece
[26Mar2025 23:04:31.113] [main/DEBUG] [net.minecraftforge.coremod.transformer.CoreModBaseTransformer/COREMOD]: Transforming net/minecraft/world/level/levelgen/structure/structures/OceanMonumentPieces$OceanMonumentPiece
[26Mar2025 23:04:31.130] [main/DEBUG] [net.minecraftforge.coremod.transformer.CoreModBaseTransformer/COREMOD]: Transforming net/minecraft/world/level/levelgen/structure/structures/WoodlandMansionPieces$WoodlandMansionPiece
[26Mar2025 23:04:31.156] [main/DEBUG] [mixin/]: Mixing accessor.StructureTemplatePoolAccessor from cataclysm.mixins.json into net.minecraft.world.level.levelgen.structure.pools.StructureTemplatePool
[26Mar2025 23:04:31.156] [main/DEBUG] [mixin/]: Mixing StructureTemplatePoolMixin from pointblank.mixins.json into net.minecraft.world.level.levelgen.structure.pools.StructureTemplatePool
[26Mar2025 23:04:31.157] [main/DEBUG] [mixin/]: Unexpected: Registered method getRawTemplates()Ljava/util/List; in net.minecraft.world.level.levelgen.structure.pools.StructureTemplatePool was not merged
[26Mar2025 23:04:31.224] [main/DEBUG] [net.minecraftforge.coremod.transformer.CoreModBaseTransformer/COREMOD]: Transforming net/minecraft/world/level/biome/Biome
[26Mar2025 23:04:31.224] [main/DEBUG] [mixin/]: Mixing BiomeMixin from tectonic.mixins.json into net.minecraft.world.level.biome.Biome
[26Mar2025 23:04:31.234] [main/DEBUG] [mixin/]: Mixing TemperatureModifierMixin from tectonic.mixins.json into net.minecraft.world.level.biome.Biome$TemperatureModifier$2
[26Mar2025 23:04:31.248] [main/DEBUG] [mixin/]: Mixing accessor.MobSpawnSettingsBuilderForgeAccessor from puzzleslib.forge.mixins.json into net.minecraft.world.level.biome.MobSpawnSettings$Builder
[26Mar2025 23:04:31.340] [main/DEBUG] [mixin/]: Mixing accessor.SinglePoolElementAccessor from cataclysm.mixins.json into net.minecraft.world.level.levelgen.structure.pools.SinglePoolElement
[26Mar2025 23:04:31.345] [main/DEBUG] [mixin/]: Mixing accessor.ListPoolElementAccessor from cataclysm.mixins.json into net.minecraft.world.level.levelgen.structure.pools.ListPoolElement
[26Mar2025 23:04:31.348] [main/DEBUG] [mixin/]: Mixing accessor.FeaturePoolElementAccessor from cataclysm.mixins.json into net.minecraft.world.level.levelgen.structure.pools.FeaturePoolElement
[26Mar2025 23:04:31.455] [main/DEBUG] [net.minecraftforge.common.ForgeI18n/CORE]: Loading I18N data entries: 6430
[26Mar2025 23:04:31.470] [main/DEBUG] [net.minecraftforge.fml.ModWorkManager/LOADING]: Using 4 threads for parallel mod-loading
[26Mar2025 23:04:31.476] [main/DEBUG] [net.minecraftforge.fml.javafmlmod.FMLJavaModLanguageProvider/LOADING]: Loading FMLModContainer from classloader cpw.mods.modlauncher.TransformingClassLoader@5e8507f1 - got cpw.mods.cl.ModuleClassLoader@50825a02
[26Mar2025 23:04:31.476] [main/DEBUG] [net.minecraftforge.fml.javafmlmod.FMLModContainer/LOADING]: Creating FMLModContainer instance for zombie_extreme.ZombieExtremeMod
[26Mar2025 23:04:31.479] [main/DEBUG] [net.minecraftforge.fml.javafmlmod.FMLJavaModLanguageProvider/LOADING]: Loading FMLModContainer from classloader cpw.mods.modlauncher.TransformingClassLoader@5e8507f1 - got cpw.mods.cl.ModuleClassLoader@50825a02
[26Mar2025 23:04:31.479] [main/DEBUG] [net.minecraftforge.fml.javafmlmod.FMLModContainer/LOADING]: Creating FMLModContainer instance for com.bobmowzie.mowziesmobs.MowziesMobs
[26Mar2025 23:04:31.480] [main/DEBUG] [net.minecraftforge.fml.javafmlmod.FMLJavaModLanguageProvider/LOADING]: Loading FMLModContainer from classloader cpw.mods.modlauncher.TransformingClassLoader@5e8507f1 - got cpw.mods.cl.ModuleClassLoader@50825a02
[26Mar2025 23:04:31.480] [main/DEBUG] [net.minecraftforge.fml.javafmlmod.FMLModContainer/LOADING]: Creating FMLModContainer instance for com.eruannie_9.extragore.ExtraGore
[26Mar2025 23:04:31.481] [main/DEBUG] [net.minecraftforge.fml.javafmlmod.FMLJavaModLanguageProvider/LOADING]: Loading FMLModContainer from classloader cpw.mods.modlauncher.TransformingClassLoader@5e8507f1 - got cpw.mods.cl.ModuleClassLoader@50825a02
[26Mar2025 23:04:31.481] [main/DEBUG] [net.minecraftforge.fml.javafmlmod.FMLModContainer/LOADING]: Creating FMLModContainer instance for fuzs.mutantmonsters.MutantMonstersForge
[26Mar2025 23:04:31.481] [main/DEBUG] [net.minecraftforge.fml.javafmlmod.FMLJavaModLanguageProvider/LOADING]: Loading FMLModContainer from classloader cpw.mods.modlauncher.TransformingClassLoader@5e8507f1 - got cpw.mods.cl.ModuleClassLoader@50825a02
[26Mar2025 23:04:31.481] [main/DEBUG] [net.minecraftforge.fml.javafmlmod.FMLModContainer/LOADING]: Creating FMLModContainer instance for software.bernie.example.GeckoLibMod
[26Mar2025 23:04:31.482] [main/DEBUG] [net.minecraftforge.fml.javafmlmod.FMLJavaModLanguageProvider/LOADING]: Loading FMLModContainer from classloader cpw.mods.modlauncher.TransformingClassLoader@5e8507f1 - got cpw.mods.cl.ModuleClassLoader@50825a02
[26Mar2025 23:04:31.482] [main/DEBUG] [net.minecraftforge.fml.javafmlmod.FMLModContainer/LOADING]: Creating FMLModContainer instance for me.xjqsh.lesraisinsarmor.LesRaisinsArmor
[26Mar2025 23:04:31.482] [main/DEBUG] [net.minecraftforge.fml.javafmlmod.FMLJavaModLanguageProvider/LOADING]: Loading FMLModContainer from classloader cpw.mods.modlauncher.TransformingClassLoader@5e8507f1 - got cpw.mods.cl.ModuleClassLoader@50825a02
[26Mar2025 23:04:31.482] [main/DEBUG] [net.minecraftforge.fml.javafmlmod.FMLModContainer/LOADING]: Creating FMLModContainer instance for zombie_island.ZombieIslandMod
[26Mar2025 23:04:31.483] [main/DEBUG] [net.minecraftforge.fml.javafmlmod.FMLJavaModLanguageProvider/LOADING]: Loading FMLModContainer from classloader cpw.mods.modlauncher.TransformingClassLoader@5e8507f1 - got cpw.mods.cl.ModuleClassLoader@50825a02
[26Mar2025 23:04:31.483] [main/DEBUG] [net.minecraftforge.fml.javafmlmod.FMLModContainer/LOADING]: Creating FMLModContainer instance for mezz.jei.forge.JustEnoughItems
[26Mar2025 23:04:31.484] [main/DEBUG] [net.minecraftforge.fml.javafmlmod.FMLJavaModLanguageProvider/LOADING]: Loading FMLModContainer from classloader cpw.mods.modlauncher.TransformingClassLoader@5e8507f1 - got cpw.mods.cl.ModuleClassLoader@50825a02
[26Mar2025 23:04:31.484] [main/DEBUG] [net.minecraftforge.fml.javafmlmod.FMLModContainer/LOADING]: Creating FMLModContainer instance for com.eeeab.eeeabsmobs.EEEABMobs
[26Mar2025 23:04:31.484] [main/DEBUG] [net.minecraftforge.fml.javafmlmod.FMLJavaModLanguageProvider/LOADING]: Loading FMLModContainer from classloader cpw.mods.modlauncher.TransformingClassLoader@5e8507f1 - got cpw.mods.cl.ModuleClassLoader@50825a02
[26Mar2025 23:04:31.484] [main/DEBUG] [net.minecraftforge.fml.javafmlmod.FMLModContainer/LOADING]: Creating FMLModContainer instance for net.mcreator.apocalypsenow.ApocalypsenowMod
[26Mar2025 23:04:31.485] [main/DEBUG] [net.minecraftforge.fml.javafmlmod.FMLJavaModLanguageProvider/LOADING]: Loading FMLModContainer from classloader cpw.mods.modlauncher.TransformingClassLoader@5e8507f1 - got cpw.mods.cl.ModuleClassLoader@50825a02
[26Mar2025 23:04:31.485] [main/DEBUG] [net.minecraftforge.fml.javafmlmod.FMLModContainer/LOADING]: Creating FMLModContainer instance for com.lion.graveyard.forge.GraveyardForge
[26Mar2025 23:04:31.486] [main/DEBUG] [net.minecraftforge.fml.javafmlmod.FMLJavaModLanguageProvider/LOADING]: Loading FMLModContainer from classloader cpw.mods.modlauncher.TransformingClassLoader@5e8507f1 - got cpw.mods.cl.ModuleClassLoader@50825a02
[26Mar2025 23:04:31.486] [main/DEBUG] [net.minecraftforge.fml.javafmlmod.FMLModContainer/LOADING]: Creating FMLModContainer instance for com.tacz.guns.GunMod
[26Mar2025 23:04:31.486] [main/DEBUG] [net.minecraftforge.fml.javafmlmod.FMLJavaModLanguageProvider/LOADING]: Loading FMLModContainer from classloader cpw.mods.modlauncher.TransformingClassLoader@5e8507f1 - got cpw.mods.cl.ModuleClassLoader@50825a02
[26Mar2025 23:04:31.486] [main/DEBUG] [net.minecraftforge.fml.javafmlmod.FMLModContainer/LOADING]: Creating FMLModContainer instance for net.mcreator.borninchaosv.BornInChaosV1Mod
[26Mar2025 23:04:31.487] [main/DEBUG] [net.minecraftforge.fml.javafmlmod.FMLJavaModLanguageProvider/LOADING]: Loading FMLModContainer from classloader cpw.mods.modlauncher.TransformingClassLoader@5e8507f1 - got cpw.mods.cl.ModuleClassLoader@50825a02
[26Mar2025 23:04:31.487] [main/DEBUG] [net.minecraftforge.fml.javafmlmod.FMLModContainer/LOADING]: Creating FMLModContainer instance for com.github.L_Ender.lionfishapi.LionfishAPI
[26Mar2025 23:04:31.487] [main/DEBUG] [net.minecraftforge.fml.javafmlmod.FMLJavaModLanguageProvider/LOADING]: Loading FMLModContainer from classloader cpw.mods.modlauncher.TransformingClassLoader@5e8507f1 - got cpw.mods.cl.ModuleClassLoader@50825a02
[26Mar2025 23:04:31.487] [main/DEBUG] [net.minecraftforge.fml.javafmlmod.FMLModContainer/LOADING]: Creating FMLModContainer instance for net.mcreator.extinction.ExtinctionMod
[26Mar2025 23:04:31.488] [main/DEBUG] [net.minecraftforge.fml.javafmlmod.FMLJavaModLanguageProvider/LOADING]: Loading FMLModContainer from classloader cpw.mods.modlauncher.TransformingClassLoader@5e8507f1 - got cpw.mods.cl.ModuleClassLoader@50825a02
[26Mar2025 23:04:31.488] [main/DEBUG] [net.minecraftforge.fml.javafmlmod.FMLModContainer/LOADING]: Creating FMLModContainer instance for de.maxhenkel.car.Main
[26Mar2025 23:04:31.491] [main/DEBUG] [net.minecraftforge.fml.javafmlmod.FMLJavaModLanguageProvider/LOADING]: Loading FMLModContainer from classloader cpw.mods.modlauncher.TransformingClassLoader@5e8507f1 - got cpw.mods.cl.ModuleClassLoader@50825a02
[26Mar2025 23:04:31.491] [main/DEBUG] [net.minecraftforge.fml.javafmlmod.FMLModContainer/LOADING]: Creating FMLModContainer instance for com.github.L_Ender.cataclysm.Cataclysm
[26Mar2025 23:04:31.492] [main/DEBUG] [net.minecraftforge.fml.javafmlmod.FMLJavaModLanguageProvider/LOADING]: Loading FMLModContainer from classloader cpw.mods.modlauncher.TransformingClassLoader@5e8507f1 - got cpw.mods.cl.ModuleClassLoader@50825a02
[26Mar2025 23:04:31.492] [main/DEBUG] [net.minecraftforge.fml.javafmlmod.FMLModContainer/LOADING]: Creating FMLModContainer instance for top.theillusivec4.curios.Curios
[26Mar2025 23:04:31.493] [main/DEBUG] [net.minecraftforge.fml.javafmlmod.FMLJavaModLanguageProvider/LOADING]: Loading FMLModContainer from classloader cpw.mods.modlauncher.TransformingClassLoader@5e8507f1 - got cpw.mods.cl.ModuleClassLoader@50825a02
[26Mar2025 23:04:31.493] [main/DEBUG] [net.minecraftforge.fml.javafmlmod.FMLModContainer/LOADING]: Creating FMLModContainer instance for net.mcreator.zombiesmore.ZombiesmoreMod
[26Mar2025 23:04:31.494] [main/DEBUG] [net.minecraftforge.fml.javafmlmod.FMLJavaModLanguageProvider/LOADING]: Loading FMLModContainer from classloader cpw.mods.modlauncher.TransformingClassLoader@5e8507f1 - got cpw.mods.cl.ModuleClassLoader@50825a02
[26Mar2025 23:04:31.494] [main/DEBUG] [net.minecraftforge.fml.javafmlmod.FMLModContainer/LOADING]: Creating FMLModContainer instance for net.aurelj.underground_bunkers.UndergroundBunkersMain
[26Mar2025 23:04:31.494] [main/DEBUG] [net.minecraftforge.fml.javafmlmod.FMLJavaModLanguageProvider/LOADING]: Loading FMLModContainer from classloader cpw.mods.modlauncher.TransformingClassLoader@5e8507f1 - got cpw.mods.cl.ModuleClassLoader@50825a02
[26Mar2025 23:04:31.494] [main/DEBUG] [net.minecraftforge.fml.javafmlmod.FMLModContainer/LOADING]: Creating FMLModContainer instance for net.geforcemods.securitycraft.SecurityCraft
[26Mar2025 23:04:31.496] [main/DEBUG] [net.minecraftforge.fml.javafmlmod.FMLJavaModLanguageProvider/LOADING]: Loading FMLModContainer from classloader cpw.mods.modlauncher.TransformingClassLoader@5e8507f1 - got cpw.mods.cl.ModuleClassLoader@50825a02
[26Mar2025 23:04:31.496] [main/DEBUG] [net.minecraftforge.fml.javafmlmod.FMLModContainer/LOADING]: Creating FMLModContainer instance for net.miauczel.legendary_monsters.LegendaryMonsters
[26Mar2025 23:04:31.497] [main/DEBUG] [net.minecraftforge.fml.javafmlmod.FMLJavaModLanguageProvider/LOADING]: Loading FMLModContainer from classloader cpw.mods.modlauncher.TransformingClassLoader@5e8507f1 - got cpw.mods.cl.ModuleClassLoader@50825a02
[26Mar2025 23:04:31.497] [main/DEBUG] [net.minecraftforge.fml.javafmlmod.FMLModContainer/LOADING]: Creating FMLModContainer instance for en.predator.horrorelementmod.HorrorElementModMod
[26Mar2025 23:04:31.498] [main/DEBUG] [net.minecraftforge.fml.javafmlmod.FMLJavaModLanguageProvider/LOADING]: Loading FMLModContainer from classloader cpw.mods.modlauncher.TransformingClassLoader@5e8507f1 - got cpw.mods.cl.ModuleClassLoader@50825a02
[26Mar2025 23:04:31.498] [main/DEBUG] [net.minecraftforge.fml.javafmlmod.FMLModContainer/LOADING]: Creating FMLModContainer instance for mcjty.lostcities.LostCities
[26Mar2025 23:04:31.498] [main/DEBUG] [net.minecraftforge.fml.javafmlmod.FMLJavaModLanguageProvider/LOADING]: Loading FMLModContainer from classloader cpw.mods.modlauncher.TransformingClassLoader@5e8507f1 - got cpw.mods.cl.ModuleClassLoader@50825a02
[26Mar2025 23:04:31.499] [main/DEBUG] [net.minecraftforge.fml.javafmlmod.FMLModContainer/LOADING]: Creating FMLModContainer instance for com.llamalad7.mixinextras.platform.forge.MixinExtrasMod
[26Mar2025 23:04:31.499] [main/DEBUG] [net.minecraftforge.fml.javafmlmod.FMLJavaModLanguageProvider/LOADING]: Loading FMLModContainer from classloader cpw.mods.modlauncher.TransformingClassLoader@5e8507f1 - got cpw.mods.cl.ModuleClassLoader@50825a02
[26Mar2025 23:04:31.500] [main/DEBUG] [net.minecraftforge.fml.javafmlmod.FMLModContainer/LOADING]: Creating FMLModContainer instance for com.vicmatskiv.pointblank.PointBlankMod
[26Mar2025 23:04:31.501] [main/DEBUG] [net.minecraftforge.fml.javafmlmod.FMLJavaModLanguageProvider/LOADING]: Loading FMLModContainer from classloader cpw.mods.modlauncher.TransformingClassLoader@5e8507f1 - got cpw.mods.cl.ModuleClassLoader@50825a02
[26Mar2025 23:04:31.501] [main/DEBUG] [net.minecraftforge.fml.javafmlmod.FMLModContainer/LOADING]: Creating FMLModContainer instance for net.mcreator.wegotrunnners.WegotrunnnersMod
[26Mar2025 23:04:31.502] [main/DEBUG] [net.minecraftforge.fml.javafmlmod.FMLJavaModLanguageProvider/LOADING]: Loading FMLModContainer from classloader cpw.mods.modlauncher.TransformingClassLoader@5e8507f1 - got cpw.mods.cl.ModuleClassLoader@50825a02
[26Mar2025 23:04:31.502] [main/DEBUG] [net.minecraftforge.fml.javafmlmod.FMLModContainer/LOADING]: Creating FMLModContainer instance for io.github.foundationgames.automobility.forge.AutomobilityForge
[26Mar2025 23:04:31.502] [main/DEBUG] [net.minecraftforge.fml.javafmlmod.FMLJavaModLanguageProvider/LOADING]: Loading FMLModContainer from classloader cpw.mods.modlauncher.TransformingClassLoader@5e8507f1 - got cpw.mods.cl.ModuleClassLoader@50825a02
[26Mar2025 23:04:31.502] [main/DEBUG] [net.minecraftforge.fml.javafmlmod.FMLModContainer/LOADING]: Creating FMLModContainer instance for com.builtbroken.ai.improvements.AIImprovements
[26Mar2025 23:04:31.503] [main/DEBUG] [net.minecraftforge.fml.lowcodemod.LowCodeModLanguageProvider.LowCodeModTarget/LOADING]: Loading LowCodeModContainer from classloader cpw.mods.modlauncher.TransformingClassLoader@5e8507f1 - got cpw.mods.cl.ModuleClassLoader@50825a02
[26Mar2025 23:04:31.503] [main/DEBUG] [net.minecraftforge.fml.lowcodemod.LowCodeModContainer/LOADING]: Creating LowCodeModContainer for terralith
[26Mar2025 23:04:31.503] [main/DEBUG] [net.minecraftforge.fml.javafmlmod.FMLJavaModLanguageProvider/LOADING]: Loading FMLModContainer from classloader cpw.mods.modlauncher.TransformingClassLoader@5e8507f1 - got cpw.mods.cl.ModuleClassLoader@50825a02
[26Mar2025 23:04:31.503] [main/DEBUG] [net.minecraftforge.fml.javafmlmod.FMLModContainer/LOADING]: Creating FMLModContainer instance for fuzs.puzzleslib.impl.PuzzlesLibForge
[26Mar2025 23:04:31.504] [main/DEBUG] [net.minecraftforge.fml.javafmlmod.FMLJavaModLanguageProvider/LOADING]: Loading FMLModContainer from classloader cpw.mods.modlauncher.TransformingClassLoader@5e8507f1 - got cpw.mods.cl.ModuleClassLoader@50825a02
[26Mar2025 23:04:31.504] [main/DEBUG] [net.minecraftforge.fml.javafmlmod.FMLModContainer/LOADING]: Creating FMLModContainer instance for net.fadedconquest2.FadedConquest2Mod
[26Mar2025 23:04:31.504] [main/DEBUG] [net.minecraftforge.fml.javafmlmod.FMLJavaModLanguageProvider/LOADING]: Loading FMLModContainer from classloader cpw.mods.modlauncher.TransformingClassLoader@5e8507f1 - got cpw.mods.cl.ModuleClassLoader@50825a02
[26Mar2025 23:04:31.504] [main/DEBUG] [net.minecraftforge.fml.javafmlmod.FMLModContainer/LOADING]: Creating FMLModContainer instance for fuzs.puzzlesaccessapi.impl.PuzzlesAccessApiForge
[26Mar2025 23:04:31.505] [main/DEBUG] [net.minecraftforge.fml.javafmlmod.FMLJavaModLanguageProvider/LOADING]: Loading FMLModContainer from classloader cpw.mods.modlauncher.TransformingClassLoader@5e8507f1 - got cpw.mods.cl.ModuleClassLoader@50825a02
[26Mar2025 23:04:31.505] [main/DEBUG] [net.minecraftforge.fml.javafmlmod.FMLModContainer/LOADING]: Creating FMLModContainer instance for net.minecraftforge.common.ForgeMod
[26Mar2025 23:04:31.507] [main/DEBUG] [net.minecraftforge.fml.javafmlmod.FMLJavaModLanguageProvider/LOADING]: Loading FMLModContainer from classloader cpw.mods.modlauncher.TransformingClassLoader@5e8507f1 - got cpw.mods.cl.ModuleClassLoader@50825a02
[26Mar2025 23:04:31.507] [main/DEBUG] [net.minecraftforge.fml.javafmlmod.FMLModContainer/LOADING]: Creating FMLModContainer instance for net.mcreator.horde_hoard.HordeHoardMod
[26Mar2025 23:04:31.507] [main/DEBUG] [net.minecraftforge.fml.javafmlmod.FMLJavaModLanguageProvider/LOADING]: Loading FMLModContainer from classloader cpw.mods.modlauncher.TransformingClassLoader@5e8507f1 - got cpw.mods.cl.ModuleClassLoader@50825a02
[26Mar2025 23:04:31.507] [main/DEBUG] [net.minecraftforge.fml.javafmlmod.FMLModContainer/LOADING]: Creating FMLModContainer instance for dev.xylonity.explosiveenhancement.ExplosiveEnhancement
[26Mar2025 23:04:31.508] [main/DEBUG] [net.minecraftforge.fml.javafmlmod.FMLJavaModLanguageProvider/LOADING]: Loading FMLModContainer from classloader cpw.mods.modlauncher.TransformingClassLoader@5e8507f1 - got cpw.mods.cl.ModuleClassLoader@50825a02
[26Mar2025 23:04:31.508] [main/DEBUG] [net.minecraftforge.fml.javafmlmod.FMLModContainer/LOADING]: Creating FMLModContainer instance for com.scarasol.sona.SonaMod
[26Mar2025 23:04:31.508] [main/DEBUG] [net.minecraftforge.fml.javafmlmod.FMLJavaModLanguageProvider/LOADING]: Loading FMLModContainer from classloader cpw.mods.modlauncher.TransformingClassLoader@5e8507f1 - got cpw.mods.cl.ModuleClassLoader@50825a02
[26Mar2025 23:04:31.508] [main/DEBUG] [net.minecraftforge.fml.javafmlmod.FMLModContainer/LOADING]: Creating FMLModContainer instance for com.scarasol.zombiekit.ZombieKitMod
[26Mar2025 23:04:31.509] [main/DEBUG] [net.minecraftforge.fml.javafmlmod.FMLJavaModLanguageProvider/LOADING]: Loading FMLModContainer from classloader cpw.mods.modlauncher.TransformingClassLoader@5e8507f1 - got cpw.mods.cl.ModuleClassLoader@50825a02
[26Mar2025 23:04:31.509] [main/DEBUG] [net.minecraftforge.fml.javafmlmod.FMLModContainer/LOADING]: Creating FMLModContainer instance for dev.worldgen.tectonic.TectonicForge
[26Mar2025 23:04:31.542] [modloading-worker-0/DEBUG] [net.minecraftforge.fml.javafmlmod.AutomaticEventSubscriber/LOADING]: Attempting to inject @EventBusSubscriber classes into the eventbus for mutantmonsters
[26Mar2025 23:04:31.544] [modloading-worker-0/DEBUG] [net.minecraftforge.fml.config.ConfigTracker/CONFIG]: Config file extragore-common.toml for extragore tracking
[26Mar2025 23:04:31.556] [modloading-worker-0/DEBUG] [net.minecraftforge.fml.javafmlmod.AutomaticEventSubscriber/LOADING]: Auto-subscribing fuzs.mutantmonsters.MutantMonstersForge to MOD
[26Mar2025 23:04:31.576] [modloading-worker-0/DEBUG] [net.minecraftforge.fml.javafmlmod.AutomaticEventSubscriber/LOADING]: Attempting to inject @EventBusSubscriber classes into the eventbus for extragore
[26Mar2025 23:04:31.576] [modloading-worker-0/DEBUG] [net.minecraftforge.fml.javafmlmod.AutomaticEventSubscriber/LOADING]: Auto-subscribing com.eruannie_9.extragore.events.EntityHurtEvent to FORGE
[26Mar2025 23:04:31.604] [modloading-worker-0/DEBUG] [net.minecraftforge.fml.javafmlmod.AutomaticEventSubscriber/LOADING]: Attempting to inject @EventBusSubscriber classes into the eventbus for geckolib
[26Mar2025 23:04:31.604] [modloading-worker-0/DEBUG] [net.minecraftforge.fml.javafmlmod.AutomaticEventSubscriber/LOADING]: Auto-subscribing software.bernie.example.GeckoLibMod to FORGE
[26Mar2025 23:04:31.604] [modloading-worker-0/DEBUG] [net.minecraftforge.fml.javafmlmod.AutomaticEventSubscriber/LOADING]: Auto-subscribing software.bernie.example.CommonListener to MOD
[26Mar2025 23:04:31.610] [modloading-worker-0/DEBUG] [net.minecraftforge.fml.config.ConfigTracker/CONFIG]: Config file lrarmor-common.toml for lrarmor tracking
[26Mar2025 23:04:31.609] [modloading-worker-0/INFO] [Puzzles Lib/]: Constructing common components for mutantmonsters:main
[26Mar2025 23:04:31.628] [modloading-worker-0/DEBUG] [net.minecraftforge.fml.javafmlmod.AutomaticEventSubscriber/LOADING]: Attempting to inject @EventBusSubscriber classes into the eventbus for lrarmor
[26Mar2025 23:04:31.629] [modloading-worker-0/DEBUG] [net.minecraftforge.fml.javafmlmod.AutomaticEventSubscriber/LOADING]: Auto-subscribing me.xjqsh.lesraisinsarmor.init.CompatRegistry to MOD
[26Mar2025 23:04:31.630] [modloading-worker-0/DEBUG] [net.minecraftforge.fml.javafmlmod.AutomaticEventSubscriber/LOADING]: Auto-subscribing me.xjqsh.lesraisinsarmor.handler.SuitHandler to FORGE
[26Mar2025 23:04:31.635] [modloading-worker-0/DEBUG] [net.minecraftforge.fml.javafmlmod.AutomaticEventSubscriber/LOADING]: Auto-subscribing me.xjqsh.lesraisinsarmor.handler.CommonSetupHandler to MOD
[26Mar2025 23:04:31.636] [modloading-worker-0/DEBUG] [net.minecraftforge.fml.javafmlmod.AutomaticEventSubscriber/LOADING]: Auto-subscribing me.xjqsh.lesraisinsarmor.handler.CommonHandler to FORGE
[26Mar2025 23:04:31.641] [modloading-worker-0/DEBUG] [mixin/]: Mixing camera.PlayerListMixin from securitycraft.mixins.json into net.minecraft.server.players.PlayerList
[26Mar2025 23:04:31.639] [modloading-worker-0/DEBUG] [net.minecraftforge.fml.config.ConfigTracker/CONFIG]: Config file mutantmonsters-server.toml for mutantmonsters tracking
[26Mar2025 23:04:31.643] [modloading-worker-0/DEBUG] [net.minecraftforge.fml.config.ConfigTracker/CONFIG]: Config file mutantmonsters-common.toml for mutantmonsters tracking
[26Mar2025 23:04:31.653] [modloading-worker-0/DEBUG] [net.minecraftforge.fml.javafmlmod.AutomaticEventSubscriber/LOADING]: Auto-subscribing me.xjqsh.lesraisinsarmor.datagen.Items to MOD
[26Mar2025 23:04:31.750] [modloading-worker-0/DEBUG] [mixin/]: Mixing accessor.LootContextParamSetsAccessor from mutantmonsters.common.mixins.json into net.minecraft.world.level.storage.loot.parameters.LootContextParamSets
[26Mar2025 23:04:31.824] [modloading-worker-0/DEBUG] [net.minecraftforge.fml.javafmlmod.AutomaticEventSubscriber/LOADING]: Attempting to inject @EventBusSubscriber classes into the eventbus for zombie_island
[26Mar2025 23:04:31.824] [modloading-worker-0/DEBUG] [net.minecraftforge.fml.javafmlmod.AutomaticEventSubscriber/LOADING]: Auto-subscribing zombie_island.init.ZombieIslandModEntities to MOD
[26Mar2025 23:04:31.825] [modloading-worker-0/DEBUG] [net.minecraftforge.fml.javafmlmod.AutomaticEventSubscriber/LOADING]: Auto-subscribing zombie_island.init.EntityAnimationFactory to FORGE
[26Mar2025 23:04:31.826] [modloading-worker-0/DEBUG] [net.minecraftforge.fml.config.ConfigTracker/CONFIG]: Config file jei-server.toml for jei tracking
[26Mar2025 23:04:31.836] [modloading-worker-0/DEBUG] [net.minecraftforge.fml.javafmlmod.AutomaticEventSubscriber/LOADING]: Attempting to inject @EventBusSubscriber classes into the eventbus for jei
[26Mar2025 23:04:31.841] [modloading-worker-0/DEBUG] [net.minecraftforge.fml.config.ConfigTracker/CONFIG]: Config file mowziesmobs-common.toml for mowziesmobs tracking
[26Mar2025 23:04:31.931] [modloading-worker-0/DEBUG] [net.minecraftforge.fml.javafmlmod.AutomaticEventSubscriber/LOADING]: Attempting to inject @EventBusSubscriber classes into the eventbus for mowziesmobs
[26Mar2025 23:04:31.931] [modloading-worker-0/DEBUG] [net.minecraftforge.fml.javafmlmod.AutomaticEventSubscriber/LOADING]: Auto-subscribing com.bobmowzie.mowziesmobs.server.sound.MMSounds to FORGE
[26Mar2025 23:04:31.931] [modloading-worker-0/DEBUG] [net.minecraftforge.fml.javafmlmod.AutomaticEventSubscriber/LOADING]: Auto-subscribing com.bobmowzie.mowziesmobs.server.inventory.ContainerHandler to MOD
[26Mar2025 23:04:31.931] [modloading-worker-0/DEBUG] [net.minecraftforge.fml.javafmlmod.AutomaticEventSubscriber/LOADING]: Auto-subscribing com.bobmowzie.mowziesmobs.server.entity.EntityHandler to MOD
[26Mar2025 23:04:31.931] [modloading-worker-0/DEBUG] [net.minecraftforge.fml.javafmlmod.AutomaticEventSubscriber/LOADING]: Auto-subscribing com.bobmowzie.mowziesmobs.server.config.ConfigHandler to MOD
[26Mar2025 23:04:31.932] [modloading-worker-0/DEBUG] [net.minecraftforge.fml.javafmlmod.AutomaticEventSubscriber/LOADING]: Auto-subscribing com.bobmowzie.mowziesmobs.MowziesMobs to FORGE
[26Mar2025 23:04:31.932] [modloading-worker-0/DEBUG] [net.minecraftforge.fml.javafmlmod.AutomaticEventSubscriber/LOADING]: Auto-subscribing com.bobmowzie.mowziesmobs.datagen.DataGenerators to MOD
[26Mar2025 23:04:31.966] [modloading-worker-0/DEBUG] [mixin/]: Mixing accessor.CriteriaTriggersAccessor from cataclysm.mixins.json into net.minecraft.advancements.CriteriaTriggers
[26Mar2025 23:04:31.966] [modloading-worker-0/DEBUG] [mixin/]: Renaming @Accessor method getValues()Ljava/util/Map; to getValues_$md$29ba66$0 in cataclysm.mixins.json:accessor.CriteriaTriggersAccessor
[26Mar2025 23:04:32.001] [modloading-worker-0/DEBUG] [net.minecraftforge.fml.config.ConfigTracker/CONFIG]: Config file eeeabsmobs-common.toml for eeeabsmobs tracking
[26Mar2025 23:04:32.007] [modloading-worker-0/DEBUG] [net.minecraftforge.fml.javafmlmod.AutomaticEventSubscriber/LOADING]: Attempting to inject @EventBusSubscriber classes into the eventbus for eeeabsmobs
[26Mar2025 23:04:32.008] [modloading-worker-0/DEBUG] [net.minecraftforge.fml.javafmlmod.AutomaticEventSubscriber/LOADING]: Auto-subscribing com.eeeab.eeeabsmobs.sever.world.datagen.DataGenerators to MOD
[26Mar2025 23:04:32.010] [modloading-worker-0/DEBUG] [net.minecraftforge.fml.javafmlmod.AutomaticEventSubscriber/LOADING]: Auto-subscribing com.eeeab.eeeabsmobs.sever.init.EntityInit to MOD
[26Mar2025 23:04:32.010] [modloading-worker-0/DEBUG] [net.minecraftforge.fml.javafmlmod.AutomaticEventSubscriber/LOADING]: Auto-subscribing com.eeeab.eeeabsmobs.sever.config.EMConfigHandler to MOD
[26Mar2025 23:04:32.012] [modloading-worker-0/DEBUG] [net.minecraftforge.fml.javafmlmod.AutomaticEventSubscriber/LOADING]: Auto-subscribing com.eeeab.eeeabsmobs.EEEABMobs to FORGE
[26Mar2025 23:04:32.016] [modloading-worker-0/DEBUG] [net.minecraftforge.fml.config.ConfigTracker/CONFIG]: Config file tacz-common.toml for tacz tracking
[26Mar2025 23:04:32.017] [modloading-worker-0/DEBUG] [net.minecraftforge.fml.config.ConfigTracker/CONFIG]: Config file tacz-server.toml for tacz tracking
[26Mar2025 23:04:32.025] [modloading-worker-0/DEBUG] [net.minecraftforge.fml.config.ConfigTracker/CONFIG]: Config file tacz-client.toml for tacz tracking
[26Mar2025 23:04:32.028] [modloading-worker-0/DEBUG] [net.minecraftforge.fml.javafmlmod.AutomaticEventSubscriber/LOADING]: Attempting to inject @EventBusSubscriber classes into the eventbus for zombie_extreme
[26Mar2025 23:04:32.030] [modloading-worker-0/DEBUG] [net.minecraftforge.fml.javafmlmod.AutomaticEventSubscriber/LOADING]: Auto-subscribing zombie_extreme.procedures.RadiationBiomeEffectProcedure to FORGE
[26Mar2025 23:04:32.031] [modloading-worker-0/DEBUG] [net.minecraftforge.fml.javafmlmod.AutomaticEventSubscriber/LOADING]: Auto-subscribing zombie_extreme.procedures.PlayNightMusicProcedure to FORGE
[26Mar2025 23:04:32.032] [modloading-worker-0/DEBUG] [net.minecraftforge.fml.javafmlmod.AutomaticEventSubscriber/LOADING]: Auto-subscribing zombie_extreme.procedures.NightVisionGlassesEffectProcedure to FORGE
[26Mar2025 23:04:32.036] [modloading-worker-0/DEBUG] [net.minecraftforge.fml.javafmlmod.AutomaticEventSubscriber/LOADING]: Auto-subscribing zombie_extreme.procedures.ExoSuitEffectProcedure to FORGE
[26Mar2025 23:04:32.039] [modloading-worker-0/DEBUG] [net.minecraftforge.fml.javafmlmod.AutomaticEventSubscriber/LOADING]: Auto-subscribing zombie_extreme.procedures.BlackOpsNightVisionProcedure to FORGE
[26Mar2025 23:04:32.045] [modloading-worker-0/DEBUG] [net.minecraftforge.fml.javafmlmod.AutomaticEventSubscriber/LOADING]: Auto-subscribing zombie_extreme.init.ZombieExtremeModEntities to MOD
[26Mar2025 23:04:32.046] [modloading-worker-0/DEBUG] [net.minecraftforge.fml.javafmlmod.AutomaticEventSubscriber/LOADING]: Auto-subscribing zombie_extreme.init.ZombieExtremeModBiomes to FORGE
[26Mar2025 23:04:32.055] [modloading-worker-0/DEBUG] [net.minecraftforge.fml.javafmlmod.AutomaticEventSubscriber/LOADING]: Auto-subscribing zombie_extreme.init.EntityAnimationFactory to FORGE
[26Mar2025 23:04:32.360] [modloading-worker-0/DEBUG] [net.minecraftforge.fml.javafmlmod.AutomaticEventSubscriber/LOADING]: Attempting to inject @EventBusSubscriber classes into the eventbus for tacz
[26Mar2025 23:04:32.361] [modloading-worker-0/DEBUG] [net.minecraftforge.fml.javafmlmod.AutomaticEventSubscriber/LOADING]: Auto-subscribing com.tacz.guns.resource.CommonAssetsManager to FORGE
[26Mar2025 23:04:32.359] [modloading-worker-0/INFO] [graveyard/]: Registered JSON trade offer adapter.
[26Mar2025 23:04:32.396] [modloading-worker-0/DEBUG] [net.minecraftforge.fml.javafmlmod.AutomaticEventSubscriber/LOADING]: Attempting to inject @EventBusSubscriber classes into the eventbus for graveyard
[26Mar2025 23:04:32.396] [modloading-worker-0/DEBUG] [net.minecraftforge.fml.javafmlmod.AutomaticEventSubscriber/LOADING]: Auto-subscribing com.lion.graveyard.platform.forge.HordeSpawner to FORGE
[26Mar2025 23:04:32.397] [modloading-worker-0/DEBUG] [net.minecraftforge.fml.javafmlmod.AutomaticEventSubscriber/LOADING]: Auto-subscribing com.tacz.guns.init.ModRecipe to MOD
[26Mar2025 23:04:32.398] [modloading-worker-0/DEBUG] [net.minecraftforge.fml.javafmlmod.AutomaticEventSubscriber/LOADING]: Auto-subscribing com.tacz.guns.init.ModItems to MOD
[26Mar2025 23:04:32.404] [modloading-worker-0/DEBUG] [net.minecraftforge.fml.javafmlmod.AutomaticEventSubscriber/LOADING]: Auto-subscribing com.tacz.guns.init.CompatRegistry to MOD
[26Mar2025 23:04:32.405] [modloading-worker-0/DEBUG] [net.minecraftforge.fml.javafmlmod.AutomaticEventSubscriber/LOADING]: Auto-subscribing com.tacz.guns.init.CommonRegistry to MOD
[26Mar2025 23:04:32.407] [modloading-worker-0/DEBUG] [net.minecraftforge.fml.javafmlmod.AutomaticEventSubscriber/LOADING]: Auto-subscribing com.tacz.guns.init.CommandRegistry to FORGE
[26Mar2025 23:04:32.412] [modloading-worker-0/DEBUG] [net.minecraftforge.fml.javafmlmod.AutomaticEventSubscriber/LOADING]: Auto-subscribing com.tacz.guns.init.CapabilityRegistry to MOD
[26Mar2025 23:04:32.412] [modloading-worker-0/DEBUG] [net.minecraftforge.fml.javafmlmod.AutomaticEventSubscriber/LOADING]: Auto-subscribing com.tacz.guns.event.TravelToDimensionEvent to FORGE
[26Mar2025 23:04:32.417] [modloading-worker-0/DEBUG] [net.minecraftforge.fml.javafmlmod.AutomaticEventSubscriber/LOADING]: Attempting to inject @EventBusSubscriber classes into the eventbus for lionfishapi
[26Mar2025 23:04:32.417] [modloading-worker-0/DEBUG] [net.minecraftforge.fml.javafmlmod.AutomaticEventSubscriber/LOADING]: Auto-subscribing com.github.L_Ender.lionfishapi.LionfishAPI to FORGE
[26Mar2025 23:04:32.417] [modloading-worker-0/DEBUG] [net.minecraftforge.fml.javafmlmod.AutomaticEventSubscriber/LOADING]: Auto-subscribing com.github.L_Ender.lionfishapi.CommonProxy to MOD
[26Mar2025 23:04:32.417] [modloading-worker-0/DEBUG] [net.minecraftforge.fml.javafmlmod.AutomaticEventSubscriber/LOADING]: Auto-subscribing com.tacz.guns.event.SyncedEntityDataEvent to FORGE
[26Mar2025 23:04:32.423] [modloading-worker-0/DEBUG] [net.minecraftforge.fml.javafmlmod.AutomaticEventSubscriber/LOADING]: Auto-subscribing com.tacz.guns.event.SyncBaseTimestamp to FORGE
[26Mar2025 23:04:32.424] [modloading-worker-0/DEBUG] [net.minecraftforge.fml.javafmlmod.AutomaticEventSubscriber/LOADING]: Auto-subscribing com.tacz.guns.event.ServerTickEvent to FORGE
[26Mar2025 23:04:32.425] [modloading-worker-0/DEBUG] [net.minecraftforge.fml.javafmlmod.AutomaticEventSubscriber/LOADING]: Auto-subscribing com.tacz.guns.event.PreventGunClick to FORGE
[26Mar2025 23:04:32.427] [modloading-worker-0/DEBUG] [net.minecraftforge.fml.javafmlmod.AutomaticEventSubscriber/LOADING]: Auto-subscribing com.tacz.guns.event.PlayerRespawnEvent to FORGE
[26Mar2025 23:04:32.428] [modloading-worker-0/DEBUG] [net.minecraftforge.fml.javafmlmod.AutomaticEventSubscriber/LOADING]: Auto-subscribing com.tacz.guns.event.LoadingConfigEvent to MOD
[26Mar2025 23:04:32.432] [modloading-worker-0/DEBUG] [net.minecraftforge.fml.javafmlmod.AutomaticEventSubscriber/LOADING]: Auto-subscribing com.tacz.guns.event.KnockbackChange to FORGE
[26Mar2025 23:04:32.433] [modloading-worker-0/DEBUG] [net.minecraftforge.fml.javafmlmod.AutomaticEventSubscriber/LOADING]: Auto-subscribing com.tacz.guns.event.HitboxHelperEvent to FORGE
[26Mar2025 23:04:32.435] [modloading-worker-0/DEBUG] [net.minecraftforge.fml.javafmlmod.AutomaticEventSubscriber/LOADING]: Auto-subscribing com.tacz.guns.event.EntityDamageEvent to FORGE
[26Mar2025 23:04:32.438] [modloading-worker-0/DEBUG] [net.minecraftforge.fml.javafmlmod.AutomaticEventSubscriber/LOADING]: Auto-subscribing com.tacz.guns.event.CommonLoadPack to MOD
[26Mar2025 23:04:32.439] [modloading-worker-0/DEBUG] [net.minecraftforge.fml.javafmlmod.AutomaticEventSubscriber/LOADING]: Auto-subscribing com.tacz.guns.event.ChangeGunPropertyEvent to FORGE
[26Mar2025 23:04:32.441] [modloading-worker-0/DEBUG] [net.minecraftforge.fml.javafmlmod.AutomaticEventSubscriber/LOADING]: Auto-subscribing com.tacz.guns.event.ammo.DestroyGlassBlock to FORGE
[26Mar2025 23:04:32.453] [modloading-worker-0/DEBUG] [net.minecraftforge.fml.javafmlmod.AutomaticEventSubscriber/LOADING]: Auto-subscribing com.tacz.guns.event.ammo.BellRing to FORGE
[26Mar2025 23:04:32.454] [modloading-worker-0/DEBUG] [net.minecraftforge.fml.javafmlmod.AutomaticEventSubscriber/LOADING]: Auto-subscribing com.tacz.guns.client.event.TooltipEvent to FORGE
[26Mar2025 23:04:32.503] [modloading-worker-0/DEBUG] [net.minecraftforge.fml.config.ConfigTracker/CONFIG]: Config file car-server.toml for car tracking
[26Mar2025 23:04:32.513] [modloading-worker-0/DEBUG] [net.minecraftforge.fml.config.ConfigTracker/CONFIG]: Config file car-client.toml for car tracking
[26Mar2025 23:04:32.775] [modloading-worker-0/DEBUG] [net.minecraftforge.fml.javafmlmod.AutomaticEventSubscriber/LOADING]: Attempting to inject @EventBusSubscriber classes into the eventbus for car
[26Mar2025 23:04:32.828] [modloading-worker-0/DEBUG] [net.minecraftforge.fml.config.ConfigTracker/CONFIG]: Config file cataclysm.toml for cataclysm tracking
[26Mar2025 23:04:33.084] [modloading-worker-0/DEBUG] [net.minecraftforge.fml.javafmlmod.AutomaticEventSubscriber/LOADING]: Attempting to inject @EventBusSubscriber classes into the eventbus for extinction
[26Mar2025 23:04:33.084] [modloading-worker-0/DEBUG] [net.minecraftforge.fml.javafmlmod.AutomaticEventSubscriber/LOADING]: Auto-subscribing net.mcreator.extinction.procedures.RadProcedure to FORGE
[26Mar2025 23:04:33.085] [modloading-worker-0/DEBUG] [net.minecraftforge.fml.javafmlmod.AutomaticEventSubscriber/LOADING]: Auto-subscribing net.mcreator.extinction.init.ExtinctionModVillagerProfessions to MOD
[26Mar2025 23:04:33.086] [modloading-worker-0/DEBUG] [net.minecraftforge.fml.javafmlmod.AutomaticEventSubscriber/LOADING]: Auto-subscribing net.mcreator.extinction.init.ExtinctionModTrades to FORGE
[26Mar2025 23:04:33.090] [modloading-worker-0/DEBUG] [net.minecraftforge.fml.javafmlmod.AutomaticEventSubscriber/LOADING]: Auto-subscribing net.mcreator.extinction.init.ExtinctionModEntities to MOD
[26Mar2025 23:04:33.091] [modloading-worker-0/DEBUG] [net.minecraftforge.fml.javafmlmod.AutomaticEventSubscriber/LOADING]: Auto-subscribing net.mcreator.extinction.init.ExtinctionModCuriosSlots to MOD
[26Mar2025 23:04:33.092] [modloading-worker-0/DEBUG] [net.minecraftforge.fml.javafmlmod.AutomaticEventSubscriber/LOADING]: Auto-subscribing net.mcreator.extinction.init.ExtinctionModCuriosRenderers to MOD
[26Mar2025 23:04:33.093] [modloading-worker-0/DEBUG] [net.minecraftforge.fml.javafmlmod.AutomaticEventSubscriber/LOADING]: Auto-subscribing net.mcreator.extinction.init.ExtinctionModBiomes to FORGE
[26Mar2025 23:04:33.097] [modloading-worker-0/DEBUG] [net.minecraftforge.fml.javafmlmod.AutomaticEventSubscriber/LOADING]: Auto-subscribing net.mcreator.extinction.init.EntityAnimationFactory to FORGE
[26Mar2025 23:04:33.101] [modloading-worker-0/DEBUG] [net.minecraftforge.fml.javafmlmod.AutomaticEventSubscriber/LOADING]: Auto-subscribing net.mcreator.extinction.block.listener.ClientListener to MOD
[26Mar2025 23:04:33.112] [modloading-worker-0/DEBUG] [net.minecraftforge.fml.config.ConfigTracker/CONFIG]: Config file curios-client.toml for curios tracking
[26Mar2025 23:04:33.117] [modloading-worker-0/DEBUG] [net.minecraftforge.fml.config.ConfigTracker/CONFIG]: Config file curios-common.toml for curios tracking
[26Mar2025 23:04:33.117] [modloading-worker-0/DEBUG] [net.minecraftforge.fml.config.ConfigTracker/CONFIG]: Config file curios-server.toml for curios tracking
[26Mar2025 23:04:33.117] [modloading-worker-0/DEBUG] [net.minecraftforge.fml.javafmlmod.AutomaticEventSubscriber/LOADING]: Attempting to inject @EventBusSubscriber classes into the eventbus for curios
[26Mar2025 23:04:33.215] [modloading-worker-0/DEBUG] [net.minecraftforge.fml.javafmlmod.AutomaticEventSubscriber/LOADING]: Attempting to inject @EventBusSubscriber classes into the eventbus for born_in_chaos_v1
[26Mar2025 23:04:33.215] [modloading-worker-0/DEBUG] [net.minecraftforge.fml.javafmlmod.AutomaticEventSubscriber/LOADING]: Auto-subscribing net.mcreator.borninchaosv.recipes.brewing.StimulatingDecoctionPBrewingRecipe to MOD
[26Mar2025 23:04:33.219] [modloading-worker-0/DEBUG] [net.minecraftforge.fml.javafmlmod.AutomaticEventSubscriber/LOADING]: Auto-subscribing net.mcreator.borninchaosv.recipes.brewing.SeaTerrorEyeKBrewingRecipe to MOD
[26Mar2025 23:04:33.220] [modloading-worker-0/DEBUG] [net.minecraftforge.fml.javafmlmod.AutomaticEventSubscriber/LOADING]: Auto-subscribing net.mcreator.borninchaosv.recipes.brewing.PotionofRampagekBrewingRecipe to MOD
[26Mar2025 23:04:33.221] [modloading-worker-0/DEBUG] [net.minecraftforge.fml.javafmlmod.AutomaticEventSubscriber/LOADING]: Attempting to inject @EventBusSubscriber classes into the eventbus for zombiesmore
[26Mar2025 23:04:33.221] [modloading-worker-0/DEBUG] [net.minecraftforge.fml.javafmlmod.AutomaticEventSubscriber/LOADING]: Auto-subscribing net.mcreator.zombiesmore.recipes.brewing.PotionOfIntoxicationCraftBrewingRecipe to MOD
[26Mar2025 23:04:33.222] [modloading-worker-0/DEBUG] [net.minecraftforge.fml.javafmlmod.AutomaticEventSubscriber/LOADING]: Auto-subscribing net.mcreator.borninchaosv.recipes.brewing.PotionofMagicalDepletionKBrewingRecipe to MOD
[26Mar2025 23:04:33.224] [modloading-worker-0/DEBUG] [net.minecraftforge.fml.javafmlmod.AutomaticEventSubscriber/LOADING]: Auto-subscribing net.mcreator.borninchaosv.recipes.brewing.PotionofLivingCocoonCraftBrewingRecipe to MOD
[26Mar2025 23:04:33.224] [modloading-worker-0/DEBUG] [net.minecraftforge.fml.javafmlmod.AutomaticEventSubscriber/LOADING]: Auto-subscribing net.mcreator.zombiesmore.recipes.brewing.PoisonCraftRecipe2BrewingRecipe to MOD
[26Mar2025 23:04:33.226] [modloading-worker-0/DEBUG] [net.minecraftforge.fml.javafmlmod.AutomaticEventSubscriber/LOADING]: Auto-subscribing net.mcreator.zombiesmore.recipes.brewing.CursedInstinctCraftBrewingRecipe to MOD
[26Mar2025 23:04:33.226] [modloading-worker-0/DEBUG] [net.minecraftforge.fml.javafmlmod.AutomaticEventSubscriber/LOADING]: Auto-subscribing net.mcreator.borninchaosv.recipes.brewing.IntoxicationPotionKBrewingRecipe to MOD
[26Mar2025 23:04:33.227] [modloading-worker-0/DEBUG] [net.minecraftforge.fml.javafmlmod.AutomaticEventSubscriber/LOADING]: Auto-subscribing net.mcreator.zombiesmore.recipes.brewing.BruteForceCraftBrewingRecipe to MOD
[26Mar2025 23:04:33.228] [modloading-worker-0/DEBUG] [net.minecraftforge.fml.javafmlmod.AutomaticEventSubscriber/LOADING]: Auto-subscribing net.mcreator.zombiesmore.recipes.brewing.AgileInstinctCraftBrewingRecipe to MOD
[26Mar2025 23:04:33.231] [modloading-worker-0/DEBUG] [net.minecraftforge.fml.javafmlmod.AutomaticEventSubscriber/LOADING]: Auto-subscribing net.mcreator.borninchaosv.recipes.brewing.ElixirofWitherResistanceCraftBrewingRecipe to MOD
[26Mar2025 23:04:33.232] [modloading-worker-0/DEBUG] [net.minecraftforge.fml.javafmlmod.AutomaticEventSubscriber/LOADING]: Auto-subscribing net.mcreator.borninchaosv.recipes.brewing.ElixirofVampirismKBrewingRecipe to MOD
[26Mar2025 23:04:33.233] [modloading-worker-0/DEBUG] [net.minecraftforge.fml.javafmlmod.AutomaticEventSubscriber/LOADING]: Auto-subscribing net.mcreator.borninchaosv.recipes.brewing.ElixirofInsectProtectionCraftBrewingRecipe to MOD
[26Mar2025 23:04:33.233] [modloading-worker-0/DEBUG] [net.minecraftforge.fml.javafmlmod.AutomaticEventSubscriber/LOADING]: Auto-subscribing net.mcreator.zombiesmore.procedures.WitherDropsFlammableBoneProcedure to FORGE
[26Mar2025 23:04:33.234] [modloading-worker-0/DEBUG] [net.minecraftforge.fml.javafmlmod.AutomaticEventSubscriber/LOADING]: Auto-subscribing net.mcreator.zombiesmore.init.ZombiesmoreModTabs to MOD
[26Mar2025 23:04:33.234] [modloading-worker-0/DEBUG] [net.minecraftforge.fml.javafmlmod.AutomaticEventSubscriber/LOADING]: Auto-subscribing net.mcreator.zombiesmore.init.ZombiesmoreModFuels to FORGE
[26Mar2025 23:04:33.235] [modloading-worker-0/DEBUG] [net.minecraftforge.fml.javafmlmod.AutomaticEventSubscriber/LOADING]: Auto-subscribing net.mcreator.zombiesmore.init.ZombiesmoreModEntities to MOD
[26Mar2025 23:04:33.236] [modloading-worker-0/DEBUG] [net.minecraftforge.fml.javafmlmod.AutomaticEventSubscriber/LOADING]: Auto-subscribing net.mcreator.borninchaosv.recipes.brewing.ElixirofIceBarrierCraftBrewingRecipe to MOD
[26Mar2025 23:04:33.239] [modloading-worker-0/DEBUG] [net.minecraftforge.fml.javafmlmod.AutomaticEventSubscriber/LOADING]: Auto-subscribing net.mcreator.zombiesmore.init.EntityAnimationFactory to FORGE
[26Mar2025 23:04:33.240] [modloading-worker-0/DEBUG] [net.minecraftforge.fml.javafmlmod.AutomaticEventSubscriber/LOADING]: Auto-subscribing net.mcreator.zombiesmore.block.listener.ClientListener to MOD
[26Mar2025 23:04:33.240] [modloading-worker-0/DEBUG] [net.minecraftforge.fml.javafmlmod.AutomaticEventSubscriber/LOADING]: Auto-subscribing net.mcreator.borninchaosv.recipes.brewing.ChaosComponentCraftBrewingRecipe to MOD
[26Mar2025 23:04:33.241] [modloading-worker-0/DEBUG] [net.minecraftforge.fml.javafmlmod.AutomaticEventSubscriber/LOADING]: Attempting to inject @EventBusSubscriber classes into the eventbus for underground_bunkers
[26Mar2025 23:04:33.241] [modloading-worker-0/DEBUG] [net.minecraftforge.fml.javafmlmod.AutomaticEventSubscriber/LOADING]: Auto-subscribing net.mcreator.borninchaosv.recipes.brewing.BottleOfMagicalEnergyKBrewingRecipe to MOD
[26Mar2025 23:04:33.242] [modloading-worker-0/DEBUG] [net.minecraftforge.fml.javafmlmod.AutomaticEventSubscriber/LOADING]: Auto-subscribing net.mcreator.borninchaosv.procedures.ZombieswithDoorPriObnovlieniiTaktaSushchnostiProcedure to FORGE
[26Mar2025 23:04:33.246] [modloading-worker-0/DEBUG] [net.minecraftforge.fml.javafmlmod.AutomaticEventSubscriber/LOADING]: Auto-subscribing net.mcreator.borninchaosv.procedures.ZombiefishermanatackProcedure to FORGE
[26Mar2025 23:04:33.247] [modloading-worker-0/DEBUG] [net.minecraftforge.fml.javafmlmod.AutomaticEventSubscriber/LOADING]: Auto-subscribing net.mcreator.borninchaosv.procedures.ZombieclownatacProcedure to FORGE
[26Mar2025 23:04:33.249] [modloading-worker-0/DEBUG] [net.minecraftforge.fml.javafmlmod.AutomaticEventSubscriber/LOADING]: Auto-subscribing net.mcreator.borninchaosv.procedures.ZombieMaggotsProcedure to FORGE
[26Mar2025 23:04:33.250] [modloading-worker-0/DEBUG] [net.minecraftforge.fml.javafmlmod.AutomaticEventSubscriber/LOADING]: Auto-subscribing net.mcreator.borninchaosv.procedures.ZombieLumberjackAtackProcedure to FORGE
[26Mar2025 23:04:33.251] [modloading-worker-0/DEBUG] [net.minecraftforge.fml.javafmlmod.AutomaticEventSubscriber/LOADING]: Auto-subscribing net.mcreator.borninchaosv.procedures.ZombieBruiseratackProcedure to FORGE
[26Mar2025 23:04:33.256] [modloading-worker-0/DEBUG] [net.minecraftforge.fml.javafmlmod.AutomaticEventSubscriber/LOADING]: Auto-subscribing net.mcreator.borninchaosv.procedures.WeaponDescriptionProcedure to FORGE
[26Mar2025 23:04:33.260] [modloading-worker-0/DEBUG] [net.minecraftforge.fml.javafmlmod.AutomaticEventSubscriber/LOADING]: Attempting to inject @EventBusSubscriber classes into the eventbus for cataclysm
[26Mar2025 23:04:33.262] [modloading-worker-0/DEBUG] [net.minecraftforge.fml.javafmlmod.AutomaticEventSubscriber/LOADING]: Auto-subscribing net.mcreator.borninchaosv.procedures.WarningSoundProcedure to FORGE
[26Mar2025 23:04:33.263] [modloading-worker-0/DEBUG] [net.minecraftforge.fml.javafmlmod.AutomaticEventSubscriber/LOADING]: Auto-subscribing net.mcreator.borninchaosv.procedures.VampiricTouchAtackProcedure to FORGE
[26Mar2025 23:04:33.264] [modloading-worker-0/DEBUG] [net.minecraftforge.fml.javafmlmod.AutomaticEventSubscriber/LOADING]: Auto-subscribing net.mcreator.borninchaosv.procedures.TransmutingElixirclicProcedure to FORGE
[26Mar2025 23:04:33.266] [modloading-worker-0/DEBUG] [net.minecraftforge.fml.javafmlmod.AutomaticEventSubscriber/LOADING]: Auto-subscribing net.mcreator.borninchaosv.procedures.ThornshellCrabPriShchielchkiePKMPoSushchnostiProcedure to FORGE
[26Mar2025 23:04:33.267] [modloading-worker-0/DEBUG] [net.minecraftforge.fml.javafmlmod.AutomaticEventSubscriber/LOADING]: Auto-subscribing net.mcreator.borninchaosv.procedures.SweetItemDescriptionProcedure to FORGE
[26Mar2025 23:04:33.268] [modloading-worker-0/DEBUG] [net.minecraftforge.fml.javafmlmod.AutomaticEventSubscriber/LOADING]: Auto-subscribing com.github.L_Ender.cataclysm.world.CMWorldRegistry to MOD
[26Mar2025 23:04:33.268] [modloading-worker-0/DEBUG] [net.minecraftforge.fml.javafmlmod.AutomaticEventSubscriber/LOADING]: Auto-subscribing net.mcreator.borninchaosv.procedures.SwarmerPreparationProcedure to FORGE
[26Mar2025 23:04:33.269] [modloading-worker-0/DEBUG] [net.minecraftforge.fml.javafmlmod.AutomaticEventSubscriber/LOADING]: Auto-subscribing net.mcreator.borninchaosv.procedures.SpiritofChaosAtackProcedure to FORGE
[26Mar2025 23:04:33.269] [modloading-worker-0/DEBUG] [net.minecraftforge.fml.javafmlmod.AutomaticEventSubscriber/LOADING]: Auto-subscribing com.github.L_Ender.cataclysm.init.ModEntities to MOD
[26Mar2025 23:04:33.270] [modloading-worker-0/DEBUG] [net.minecraftforge.fml.javafmlmod.AutomaticEventSubscriber/LOADING]: Auto-subscribing com.github.L_Ender.cataclysm.event.ServerEventHandler to FORGE
[26Mar2025 23:04:33.270] [modloading-worker-0/DEBUG] [net.minecraftforge.fml.javafmlmod.AutomaticEventSubscriber/LOADING]: Auto-subscribing com.github.L_Ender.cataclysm.CommonProxy to MOD
[26Mar2025 23:04:33.270] [modloading-worker-0/DEBUG] [net.minecraftforge.fml.javafmlmod.AutomaticEventSubscriber/LOADING]: Auto-subscribing com.github.L_Ender.cataclysm.Cataclysm to FORGE
[26Mar2025 23:04:33.273] [modloading-worker-0/DEBUG] [net.minecraftforge.fml.config.ConfigTracker/CONFIG]: Config file securitycraft-client.toml for securitycraft tracking
[26Mar2025 23:04:33.273] [modloading-worker-0/DEBUG] [net.minecraftforge.fml.config.ConfigTracker/CONFIG]: Config file securitycraft-server.toml for securitycraft tracking
[26Mar2025 23:04:33.276] [modloading-worker-0/DEBUG] [net.minecraftforge.fml.javafmlmod.AutomaticEventSubscriber/LOADING]: Auto-subscribing net.mcreator.borninchaosv.procedures.SpiritGuideAtacProcedure to FORGE
[26Mar2025 23:04:33.277] [modloading-worker-0/DEBUG] [net.minecraftforge.fml.javafmlmod.AutomaticEventSubscriber/LOADING]: Auto-subscribing net.mcreator.borninchaosv.procedures.SpinyShellArmorKazhdyiTikDliaShliemaProcedure to FORGE
[26Mar2025 23:04:33.278] [modloading-worker-0/DEBUG] [net.minecraftforge.fml.javafmlmod.AutomaticEventSubscriber/LOADING]: Auto-subscribing net.mcreator.borninchaosv.procedures.SkeletonThrasherDProcedure to FORGE
[26Mar2025 23:04:33.282] [modloading-worker-0/DEBUG] [net.minecraftforge.fml.javafmlmod.AutomaticEventSubscriber/LOADING]: Auto-subscribing net.mcreator.borninchaosv.procedures.SerPumpkinheadAtacProcedure to FORGE
[26Mar2025 23:04:33.283] [modloading-worker-0/DEBUG] [net.minecraftforge.fml.javafmlmod.AutomaticEventSubscriber/LOADING]: Auto-subscribing net.mcreator.borninchaosv.procedures.SearedspiritPProcedure to FORGE
[26Mar2025 23:04:33.284] [modloading-worker-0/DEBUG] [net.minecraftforge.fml.javafmlmod.AutomaticEventSubscriber/LOADING]: Auto-subscribing net.mcreator.borninchaosv.procedures.RampagePProcedure to FORGE
[26Mar2025 23:04:33.286] [modloading-worker-0/DEBUG] [net.minecraftforge.fml.javafmlmod.AutomaticEventSubscriber/LOADING]: Auto-subscribing net.mcreator.borninchaosv.procedures.PumpkinbruiserAtacProcedure to FORGE
[26Mar2025 23:04:33.289] [modloading-worker-0/DEBUG] [net.minecraftforge.fml.javafmlmod.AutomaticEventSubscriber/LOADING]: Auto-subscribing net.mcreator.borninchaosv.procedures.PositiveTamingProcedure to FORGE
[26Mar2025 23:04:33.293] [modloading-worker-0/DEBUG] [net.minecraftforge.fml.javafmlmod.AutomaticEventSubscriber/LOADING]: Auto-subscribing net.mcreator.borninchaosv.procedures.PositiveFertilizerProcedure to FORGE
[26Mar2025 23:04:33.296] [modloading-worker-0/DEBUG] [net.minecraftforge.fml.javafmlmod.AutomaticEventSubscriber/LOADING]: Auto-subscribing net.mcreator.borninchaosv.procedures.PiritAtacProcedure to FORGE
[26Mar2025 23:04:33.297] [modloading-worker-0/DEBUG] [net.minecraftforge.fml.javafmlmod.AutomaticEventSubscriber/LOADING]: Auto-subscribing net.mcreator.borninchaosv.procedures.ObsessiondeadProcedure to FORGE
[26Mar2025 23:04:33.301] [modloading-worker-0/DEBUG] [net.minecraftforge.fml.javafmlmod.AutomaticEventSubscriber/LOADING]: Auto-subscribing net.mcreator.borninchaosv.procedures.NightmareStalkerDamProcedure to FORGE
[26Mar2025 23:04:33.302] [modloading-worker-0/DEBUG] [net.minecraftforge.fml.javafmlmod.AutomaticEventSubscriber/LOADING]: Auto-subscribing net.mcreator.borninchaosv.procedures.MrPumpkinAtacProcedure to FORGE
[26Mar2025 23:04:33.306] [modloading-worker-0/DEBUG] [net.minecraftforge.fml.javafmlmod.AutomaticEventSubscriber/LOADING]: Auto-subscribing net.mcreator.borninchaosv.procedures.MotherSpiderAtackProcedure to FORGE
[26Mar2025 23:04:33.307] [modloading-worker-0/DEBUG] [net.minecraftforge.fml.javafmlmod.AutomaticEventSubscriber/LOADING]: Auto-subscribing net.mcreator.borninchaosv.procedures.MissionaryHatpProcedure to FORGE
[26Mar2025 23:04:33.308] [modloading-worker-0/DEBUG] [net.minecraftforge.fml.javafmlmod.AutomaticEventSubscriber/LOADING]: Auto-subscribing net.mcreator.borninchaosv.procedures.MissionaryAtacktargetProcedure to FORGE
[26Mar2025 23:04:33.309] [modloading-worker-0/DEBUG] [net.minecraftforge.fml.javafmlmod.AutomaticEventSubscriber/LOADING]: Auto-subscribing net.mcreator.borninchaosv.procedures.MinionsattacktargetProcedure to FORGE
[26Mar2025 23:04:33.309] [modloading-worker-0/DEBUG] [net.minecraftforge.fml.javafmlmod.AutomaticEventSubscriber/LOADING]: Auto-subscribing net.mcreator.borninchaosv.procedures.LunarSpruceCowboyPProcedure to FORGE
[26Mar2025 23:04:33.316] [modloading-worker-0/DEBUG] [net.minecraftforge.fml.javafmlmod.AutomaticEventSubscriber/LOADING]: Auto-subscribing net.mcreator.borninchaosv.procedures.LordsFelsteedatackProcedure to FORGE
[26Mar2025 23:04:33.317] [modloading-worker-0/DEBUG] [net.minecraftforge.fml.javafmlmod.AutomaticEventSubscriber/LOADING]: Auto-subscribing net.mcreator.borninchaosv.procedures.LordTheHeadlessAtackProcedure to FORGE
[26Mar2025 23:04:33.318] [modloading-worker-0/DEBUG] [net.minecraftforge.fml.javafmlmod.AutomaticEventSubscriber/LOADING]: Auto-subscribing net.mcreator.borninchaosv.procedures.LordPumpkinheadsHatHitProcedure to FORGE
[26Mar2025 23:04:33.319] [modloading-worker-0/DEBUG] [net.minecraftforge.fml.javafmlmod.AutomaticEventSubscriber/LOADING]: Auto-subscribing net.mcreator.borninchaosv.procedures.LordPumpkinheadatackProcedure to FORGE
[26Mar2025 23:04:33.321] [modloading-worker-0/DEBUG] [net.minecraftforge.fml.javafmlmod.AutomaticEventSubscriber/LOADING]: Auto-subscribing net.mcreator.borninchaosv.procedures.LivingcocoonplayersideDeadProcedure to FORGE
[26Mar2025 23:04:33.322] [modloading-worker-0/DEBUG] [net.minecraftforge.fml.javafmlmod.AutomaticEventSubscriber/LOADING]: Auto-subscribing net.mcreator.borninchaosv.procedures.LivingCocoonDeadProcedure to FORGE
[26Mar2025 23:04:33.327] [modloading-worker-0/DEBUG] [net.minecraftforge.fml.javafmlmod.AutomaticEventSubscriber/LOADING]: Auto-subscribing net.mcreator.borninchaosv.procedures.LifestealerTFAtackProcedure to FORGE
[26Mar2025 23:04:33.336] [modloading-worker-0/DEBUG] [net.minecraftforge.fml.javafmlmod.AutomaticEventSubscriber/LOADING]: Auto-subscribing net.mcreator.borninchaosv.procedures.LifestealerAtackProcedure to FORGE
[26Mar2025 23:04:33.337] [modloading-worker-0/DEBUG] [net.minecraftforge.fml.javafmlmod.AutomaticEventSubscriber/LOADING]: Auto-subscribing net.mcreator.borninchaosv.procedures.KrampusHenchmanAttackProcedure to FORGE
[26Mar2025 23:04:33.339] [modloading-worker-0/DEBUG] [net.minecraftforge.fml.javafmlmod.AutomaticEventSubscriber/LOADING]: Auto-subscribing net.mcreator.borninchaosv.procedures.KrampusAttackProcedure to FORGE
[26Mar2025 23:04:33.343] [modloading-worker-0/DEBUG] [net.minecraftforge.fml.javafmlmod.AutomaticEventSubscriber/LOADING]: Auto-subscribing net.mcreator.borninchaosv.procedures.KillinganimalsProcedure to FORGE
[26Mar2025 23:04:33.345] [modloading-worker-0/DEBUG] [net.minecraftforge.fml.javafmlmod.AutomaticEventSubscriber/LOADING]: Auto-subscribing net.mcreator.borninchaosv.procedures.KillingVillagersProcedure to FORGE
[26Mar2025 23:04:33.352] [modloading-worker-0/DEBUG] [net.minecraftforge.fml.javafmlmod.AutomaticEventSubscriber/LOADING]: Auto-subscribing net.mcreator.borninchaosv.procedures.ItemsDescriptionTooltipProcedure to FORGE
[26Mar2025 23:04:33.353] [modloading-worker-0/DEBUG] [net.minecraftforge.fml.javafmlmod.AutomaticEventSubscriber/LOADING]: Auto-subscribing net.mcreator.borninchaosv.procedures.InsectProtectionTrigerProcedure to FORGE
[26Mar2025 23:04:33.354] [modloading-worker-0/DEBUG] [net.minecraftforge.fml.javafmlmod.AutomaticEventSubscriber/LOADING]: Auto-subscribing net.mcreator.borninchaosv.procedures.InfernalSpiritAtackProcedure to FORGE
[26Mar2025 23:04:33.358] [modloading-worker-0/DEBUG] [net.minecraftforge.fml.javafmlmod.AutomaticEventSubscriber/LOADING]: Auto-subscribing net.mcreator.borninchaosv.procedures.IceBarrierAttackProcedure to FORGE
[26Mar2025 23:04:33.358] [modloading-worker-0/DEBUG] [net.minecraftforge.fml.javafmlmod.AutomaticEventSubscriber/LOADING]: Auto-subscribing net.mcreator.borninchaosv.procedures.HewnScorchedLogPProcedure to FORGE
[26Mar2025 23:04:33.360] [modloading-worker-0/DEBUG] [net.minecraftforge.fml.javafmlmod.AutomaticEventSubscriber/LOADING]: Auto-subscribing net.mcreator.borninchaosv.procedures.HatsDescriptionProcedure to FORGE
[26Mar2025 23:04:33.361] [modloading-worker-0/DEBUG] [net.minecraftforge.fml.javafmlmod.AutomaticEventSubscriber/LOADING]: Auto-subscribing net.mcreator.borninchaosv.procedures.GluttonfishatackProcedure to FORGE
[26Mar2025 23:04:33.362] [modloading-worker-0/DEBUG] [net.minecraftforge.fml.javafmlmod.AutomaticEventSubscriber/LOADING]: Auto-subscribing net.mcreator.borninchaosv.procedures.FragileScorchedPlanksPProcedure to FORGE
[26Mar2025 23:04:33.363] [modloading-worker-0/DEBUG] [net.minecraftforge.fml.javafmlmod.AutomaticEventSubscriber/LOADING]: Auto-subscribing net.mcreator.borninchaosv.procedures.FirelightDProcedure to FORGE
[26Mar2025 23:04:33.368] [modloading-worker-0/DEBUG] [net.minecraftforge.fml.javafmlmod.AutomaticEventSubscriber/LOADING]: Auto-subscribing net.mcreator.borninchaosv.procedures.EvilCarvedPumpkinPProcedure to FORGE
[26Mar2025 23:04:33.369] [modloading-worker-0/DEBUG] [net.minecraftforge.fml.javafmlmod.AutomaticEventSubscriber/LOADING]: Auto-subscribing net.mcreator.borninchaosv.procedures.EatingRottenFleshProcedure to FORGE
[26Mar2025 23:04:33.375] [modloading-worker-0/DEBUG] [net.minecraftforge.fml.javafmlmod.AutomaticEventSubscriber/LOADING]: Auto-subscribing net.mcreator.borninchaosv.procedures.DreadHoundPriNazhatiiPravoiKnopkiNaSushchnostProcedure to FORGE
[26Mar2025 23:04:33.376] [modloading-worker-0/DEBUG] [net.minecraftforge.fml.javafmlmod.AutomaticEventSubscriber/LOADING]: Auto-subscribing net.mcreator.borninchaosv.procedures.DreadHoundAtacProcedure to FORGE
[26Mar2025 23:04:33.376] [modloading-worker-0/DEBUG] [net.minecraftforge.fml.javafmlmod.AutomaticEventSubscriber/LOADING]: Auto-subscribing net.mcreator.borninchaosv.procedures.DireHoundLeaderAtackProcedure to FORGE
[26Mar2025 23:04:33.377] [modloading-worker-0/DEBUG] [net.minecraftforge.fml.javafmlmod.AutomaticEventSubscriber/LOADING]: Auto-subscribing net.mcreator.borninchaosv.procedures.DimonBaitProcedure to FORGE
[26Mar2025 23:04:33.381] [modloading-worker-0/DEBUG] [net.minecraftforge.fml.javafmlmod.AutomaticEventSubscriber/LOADING]: Auto-subscribing net.mcreator.borninchaosv.procedures.DescriptionArmorProcedure to FORGE
[26Mar2025 23:04:33.382] [modloading-worker-0/DEBUG] [net.minecraftforge.fml.javafmlmod.AutomaticEventSubscriber/LOADING]: Auto-subscribing net.mcreator.borninchaosv.procedures.DeathTotemKoghdaPriedmietNakhoditsiaVRukieProcedure to FORGE
[26Mar2025 23:04:33.383] [modloading-worker-0/DEBUG] [net.minecraftforge.fml.javafmlmod.AutomaticEventSubscriber/LOADING]: Auto-subscribing net.mcreator.borninchaosv.procedures.DarkWardActivProcedure to FORGE
[26Mar2025 23:04:33.384] [modloading-worker-0/DEBUG] [net.minecraftforge.fml.javafmlmod.AutomaticEventSubscriber/LOADING]: Auto-subscribing net.mcreator.borninchaosv.procedures.DarkRitualDaggerPProcedure to FORGE
[26Mar2025 23:04:33.387] [modloading-worker-0/DEBUG] [net.minecraftforge.fml.javafmlmod.AutomaticEventSubscriber/LOADING]: Auto-subscribing net.mcreator.borninchaosv.procedures.DZombieDProcedure to FORGE
[26Mar2025 23:04:33.394] [modloading-worker-0/DEBUG] [net.minecraftforge.fml.javafmlmod.AutomaticEventSubscriber/LOADING]: Auto-subscribing net.mcreator.borninchaosv.procedures.CursedMarkAtacProcedure to FORGE
[26Mar2025 23:04:33.395] [modloading-worker-0/DEBUG] [net.minecraftforge.fml.javafmlmod.AutomaticEventSubscriber/LOADING]: Auto-subscribing net.mcreator.borninchaosv.procedures.CorpseflyatacProcedure to FORGE
[26Mar2025 23:04:33.398] [modloading-worker-0/DEBUG] [net.minecraftforge.fml.javafmlmod.AutomaticEventSubscriber/LOADING]: Auto-subscribing net.mcreator.borninchaosv.procedures.BoneBarrierProProcedure to FORGE
[26Mar2025 23:04:33.399] [modloading-worker-0/DEBUG] [net.minecraftforge.fml.javafmlmod.AutomaticEventSubscriber/LOADING]: Auto-subscribing net.mcreator.borninchaosv.procedures.BloodyGadflyAtacProcedure to FORGE
[26Mar2025 23:04:33.400] [modloading-worker-0/DEBUG] [net.minecraftforge.fml.javafmlmod.AutomaticEventSubscriber/LOADING]: Auto-subscribing net.mcreator.borninchaosv.procedures.BlockSkeletonTrasherProcedure to FORGE
[26Mar2025 23:04:33.400] [modloading-worker-0/DEBUG] [net.minecraftforge.fml.javafmlmod.AutomaticEventSubscriber/LOADING]: Auto-subscribing net.mcreator.borninchaosv.procedures.BabyspidercontrolledAtackProcedure to FORGE
[26Mar2025 23:04:33.402] [modloading-worker-0/DEBUG] [net.minecraftforge.fml.javafmlmod.AutomaticEventSubscriber/LOADING]: Auto-subscribing net.mcreator.borninchaosv.procedures.BabySpiderAtackProcedure to FORGE
[26Mar2025 23:04:33.402] [modloading-worker-0/DEBUG] [net.minecraftforge.fml.javafmlmod.AutomaticEventSubscriber/LOADING]: Auto-subscribing net.mcreator.borninchaosv.procedures.AxeAtackProcedure to FORGE
[26Mar2025 23:04:33.405] [modloading-worker-0/DEBUG] [net.minecraftforge.fml.javafmlmod.AutomaticEventSubscriber/LOADING]: Auto-subscribing net.mcreator.borninchaosv.procedures.AttackoftheDisobedientProcedure to FORGE
[26Mar2025 23:04:33.406] [modloading-worker-0/DEBUG] [net.minecraftforge.fml.javafmlmod.AutomaticEventSubscriber/LOADING]: Auto-subscribing net.mcreator.borninchaosv.network.BornInChaosV1ModVariables to MOD
[26Mar2025 23:04:33.407] [modloading-worker-0/DEBUG] [net.minecraftforge.fml.javafmlmod.AutomaticEventSubscriber/LOADING]: Auto-subscribing net.mcreator.borninchaosv.network.BornInChaosV1ModVariables$PlayerVariablesProvider to FORGE
[26Mar2025 23:04:33.412] [modloading-worker-0/DEBUG] [net.minecraftforge.fml.javafmlmod.AutomaticEventSubscriber/LOADING]: Auto-subscribing net.mcreator.borninchaosv.network.BornInChaosV1ModVariables$EventBusVariableHandlers to FORGE
[26Mar2025 23:04:33.415] [modloading-worker-0/DEBUG] [net.minecraftforge.fml.javafmlmod.AutomaticEventSubscriber/LOADING]: Auto-subscribing net.mcreator.borninchaosv.init.ItemAnimationFactory to FORGE
[26Mar2025 23:04:33.415] [modloading-worker-0/DEBUG] [net.minecraftforge.fml.config.ConfigTracker/CONFIG]: Config file legendary_monsters-common.toml for legendary_monsters tracking
[26Mar2025 23:04:33.415] [modloading-worker-0/DEBUG] [net.minecraftforge.fml.javafmlmod.AutomaticEventSubscriber/LOADING]: Attempting to inject @EventBusSubscriber classes into the eventbus for legendary_monsters
[26Mar2025 23:04:33.417] [modloading-worker-0/DEBUG] [net.minecraftforge.fml.javafmlmod.AutomaticEventSubscriber/LOADING]: Auto-subscribing net.miauczel.legendary_monsters.item.custom.WitheredRibcageItem to FORGE
[26Mar2025 23:04:33.415] [modloading-worker-0/DEBUG] [net.minecraftforge.fml.javafmlmod.AutomaticEventSubscriber/LOADING]: Auto-subscribing net.mcreator.borninchaosv.init.EntityAnimationFactory to FORGE
[26Mar2025 23:04:33.422] [modloading-worker-0/DEBUG] [net.minecraftforge.fml.javafmlmod.AutomaticEventSubscriber/LOADING]: Auto-subscribing net.miauczel.legendary_monsters.item.custom.ShulkerShieldHurtEvent to FORGE
[26Mar2025 23:04:33.422] [modloading-worker-0/DEBUG] [net.minecraftforge.fml.javafmlmod.AutomaticEventSubscriber/LOADING]: Auto-subscribing net.mcreator.borninchaosv.init.BornInChaosV1ModGameRules to MOD
[26Mar2025 23:04:33.423] [modloading-worker-0/DEBUG] [net.minecraftforge.fml.javafmlmod.AutomaticEventSubscriber/LOADING]: Auto-subscribing net.miauczel.legendary_monsters.item.custom.ShulkerHelmetItem to FORGE
[26Mar2025 23:04:33.423] [modloading-worker-0/DEBUG] [net.minecraftforge.fml.javafmlmod.AutomaticEventSubscriber/LOADING]: Auto-subscribing net.mcreator.borninchaosv.init.BornInChaosV1ModFuels to FORGE
[26Mar2025 23:04:33.423] [modloading-worker-0/DEBUG] [net.minecraftforge.fml.javafmlmod.AutomaticEventSubscriber/LOADING]: Auto-subscribing net.mcreator.borninchaosv.init.BornInChaosV1ModFeatures to FORGE
[26Mar2025 23:04:33.424] [modloading-worker-0/DEBUG] [net.minecraftforge.fml.javafmlmod.AutomaticEventSubscriber/LOADING]: Auto-subscribing net.mcreator.borninchaosv.init.BornInChaosV1ModEntities to MOD
[26Mar2025 23:04:33.424] [modloading-worker-0/DEBUG] [net.minecraftforge.fml.javafmlmod.AutomaticEventSubscriber/LOADING]: Auto-subscribing net.mcreator.borninchaosv.init.BornInChaosV1ModCompostableItems to MOD
[26Mar2025 23:04:33.425] [modloading-worker-0/DEBUG] [net.minecraftforge.fml.javafmlmod.AutomaticEventSubscriber/LOADING]: Auto-subscribing net.miauczel.legendary_monsters.item.custom.MossyChestplateItem to FORGE
[26Mar2025 23:04:33.430] [modloading-worker-0/DEBUG] [net.minecraftforge.fml.javafmlmod.AutomaticEventSubscriber/LOADING]: Auto-subscribing net.miauczel.legendary_monsters.item.custom.FrostbittenShieldHurtEvent to FORGE
[26Mar2025 23:04:33.435] [modloading-worker-0/DEBUG] [net.minecraftforge.fml.javafmlmod.AutomaticEventSubscriber/LOADING]: Auto-subscribing net.miauczel.legendary_monsters.item.custom.FieryJawEventHandler to FORGE
[26Mar2025 23:04:33.436] [modloading-worker-0/DEBUG] [net.minecraftforge.fml.javafmlmod.AutomaticEventSubscriber/LOADING]: Auto-subscribing net.miauczel.legendary_monsters.item.custom.FieryBootsItem to FORGE
[26Mar2025 23:04:33.440] [modloading-worker-0/DEBUG] [net.minecraftforge.fml.javafmlmod.AutomaticEventSubscriber/LOADING]: Auto-subscribing net.miauczel.legendary_monsters.item.custom.DinosaurBoneHelmet to FORGE
[26Mar2025 23:04:33.444] [modloading-worker-0/DEBUG] [net.minecraftforge.fml.javafmlmod.AutomaticEventSubscriber/LOADING]: Auto-subscribing net.miauczel.legendary_monsters.item.custom.CustomItemEvents.WitheredScytheDropGoldEventHandler to FORGE
[26Mar2025 23:04:33.444] [modloading-worker-0/DEBUG] [net.minecraftforge.fml.javafmlmod.AutomaticEventSubscriber/LOADING]: Auto-subscribing net.miauczel.legendary_monsters.item.custom.CustomItemEvents.WitheredScytheAttackedEvent to FORGE
[26Mar2025 23:04:33.445] [modloading-worker-0/DEBUG] [net.minecraftforge.fml.javafmlmod.AutomaticEventSubscriber/LOADING]: Auto-subscribing net.miauczel.legendary_monsters.item.custom.CustomItemEvents.WitheredRibcageHurt to FORGE
[26Mar2025 23:04:33.450] [modloading-worker-0/DEBUG] [net.minecraftforge.fml.javafmlmod.AutomaticEventSubscriber/LOADING]: Auto-subscribing net.miauczel.legendary_monsters.item.custom.CustomItemEvents.WandOfCloudsRightClickEvent to FORGE
[26Mar2025 23:04:33.451] [modloading-worker-0/DEBUG] [net.minecraftforge.fml.javafmlmod.AutomaticEventSubscriber/LOADING]: Auto-subscribing net.miauczel.legendary_monsters.item.custom.CustomItemEvents.WandOfCloudsRightClickEffect to FORGE
[26Mar2025 23:04:33.451] [modloading-worker-0/DEBUG] [net.minecraftforge.fml.javafmlmod.AutomaticEventSubscriber/LOADING]: Auto-subscribing net.miauczel.legendary_monsters.item.custom.CustomItemEvents.SpikyShieldEvent to FORGE
[26Mar2025 23:04:33.455] [modloading-worker-0/DEBUG] [net.minecraftforge.fml.javafmlmod.AutomaticEventSubscriber/LOADING]: Auto-subscribing net.miauczel.legendary_monsters.item.custom.CustomItemEvents.SoulGreatSwordEventHandler to FORGE
[26Mar2025 23:04:33.456] [modloading-worker-0/DEBUG] [net.minecraftforge.fml.javafmlmod.AutomaticEventSubscriber/LOADING]: Auto-subscribing net.miauczel.legendary_monsters.item.custom.CustomItemEvents.SharpSaiAttackedEvent to FORGE
[26Mar2025 23:04:33.457] [modloading-worker-0/DEBUG] [net.minecraftforge.fml.javafmlmod.AutomaticEventSubscriber/LOADING]: Auto-subscribing net.miauczel.legendary_monsters.item.custom.CustomItemEvents.SharpAxeAttackedEvent to FORGE
[26Mar2025 23:04:33.458] [modloading-worker-0/DEBUG] [net.minecraftforge.fml.javafmlmod.AutomaticEventSubscriber/LOADING]: Auto-subscribing net.miauczel.legendary_monsters.item.custom.CustomItemEvents.GoldenHalbertAttackEventHandler to FORGE
[26Mar2025 23:04:33.461] [modloading-worker-0/DEBUG] [net.minecraftforge.fml.javafmlmod.AutomaticEventSubscriber/LOADING]: Auto-subscribing net.miauczel.legendary_monsters.item.custom.CustomItemEvents.AxeOfLightningEventHandler to FORGE
[26Mar2025 23:04:33.462] [modloading-worker-0/DEBUG] [net.minecraftforge.fml.javafmlmod.AutomaticEventSubscriber/LOADING]: Auto-subscribing net.miauczel.legendary_monsters.item.custom.ChorusHelmetItem to FORGE
[26Mar2025 23:04:33.463] [modloading-worker-0/DEBUG] [net.minecraftforge.fml.javafmlmod.AutomaticEventSubscriber/LOADING]: Auto-subscribing net.miauczel.legendary_monsters.item.custom.BlastProofHelmet to FORGE
[26Mar2025 23:04:33.463] [modloading-worker-0/DEBUG] [net.minecraftforge.fml.javafmlmod.AutomaticEventSubscriber/LOADING]: Auto-subscribing net.miauczel.legendary_monsters.item.custom.AtmosphericBootsItem to FORGE
[26Mar2025 23:04:33.463] [modloading-worker-0/DEBUG] [net.minecraftforge.fml.javafmlmod.AutomaticEventSubscriber/LOADING]: Auto-subscribing net.miauczel.legendary_monsters.item.ShieldEventHandler to FORGE
[26Mar2025 23:04:33.469] [modloading-worker-0/DEBUG] [net.minecraftforge.fml.javafmlmod.AutomaticEventSubscriber/LOADING]: Auto-subscribing net.miauczel.legendary_monsters.event.WitheredAbominationAttackedEvent to FORGE
[26Mar2025 23:04:33.470] [modloading-worker-0/DEBUG] [net.minecraftforge.fml.javafmlmod.AutomaticEventSubscriber/LOADING]: Auto-subscribing net.miauczel.legendary_monsters.event.ModEventBusEvents to MOD
[26Mar2025 23:04:33.480] [modloading-worker-0/DEBUG] [net.minecraftforge.fml.javafmlmod.AutomaticEventSubscriber/LOADING]: Auto-subscribing net.miauczel.legendary_monsters.event.ModEventBusClientEvents to MOD
[26Mar2025 23:04:33.496] [modloading-worker-0/DEBUG] [net.minecraftforge.fml.javafmlmod.AutomaticEventSubscriber/LOADING]: Auto-subscribing net.miauczel.legendary_monsters.event.Events to MOD
[26Mar2025 23:04:33.496] [modloading-worker-0/DEBUG] [net.minecraftforge.fml.javafmlmod.AutomaticEventSubscriber/LOADING]: Auto-subscribing net.miauczel.legendary_monsters.entity.custom.event.DuneSentinelDrops to FORGE
[26Mar2025 23:04:33.497] [modloading-worker-0/DEBUG] [net.minecraftforge.fml.javafmlmod.AutomaticEventSubscriber/LOADING]: Auto-subscribing net.miauczel.legendary_monsters.entity.custom.event.CloudGolemDrops to FORGE
[26Mar2025 23:04:33.504] [modloading-worker-0/DEBUG] [net.minecraftforge.fml.javafmlmod.AutomaticEventSubscriber/LOADING]: Auto-subscribing net.miauczel.legendary_monsters.entity.custom.ModArmorItem to FORGE
[26Mar2025 23:04:33.505] [modloading-worker-0/DEBUG] [net.minecraftforge.fml.javafmlmod.AutomaticEventSubscriber/LOADING]: Auto-subscribing net.miauczel.legendary_monsters.entity.custom.EntityTypes.MathHelper to MOD
[26Mar2025 23:04:33.505] [modloading-worker-0/DEBUG] [net.minecraftforge.fml.javafmlmod.AutomaticEventSubscriber/LOADING]: Auto-subscribing net.miauczel.legendary_monsters.entity.custom.EntityTypes.LockAngle to MOD
[26Mar2025 23:04:33.506] [modloading-worker-0/DEBUG] [net.minecraftforge.fml.javafmlmod.AutomaticEventSubscriber/LOADING]: Auto-subscribing net.miauczel.legendary_monsters.entity.ai.MossyGolemAttackGoal to FORGE
[26Mar2025 23:04:33.509] [modloading-worker-0/DEBUG] [net.minecraftforge.fml.javafmlmod.AutomaticEventSubscriber/LOADING]: Auto-subscribing net.miauczel.legendary_monsters.entity.ai.LivingArmorAttackGoal to FORGE
[26Mar2025 23:04:33.510] [modloading-worker-0/DEBUG] [net.minecraftforge.fml.javafmlmod.AutomaticEventSubscriber/LOADING]: Auto-subscribing net.miauczel.legendary_monsters.entity.ai.HauntedGuardAttackGoal to FORGE
[26Mar2025 23:04:33.510] [modloading-worker-0/DEBUG] [net.minecraftforge.fml.javafmlmod.AutomaticEventSubscriber/LOADING]: Auto-subscribing net.miauczel.legendary_monsters.entity.ai.FLivingArmorAttackGoal to FORGE
[26Mar2025 23:04:33.513] [modloading-worker-0/DEBUG] [net.minecraftforge.fml.javafmlmod.AutomaticEventSubscriber/LOADING]: Auto-subscribing net.miauczel.legendary_monsters.entity.ai.FHauntedKnightAttackGoal to FORGE
[26Mar2025 23:04:33.515] [modloading-worker-0/DEBUG] [net.minecraftforge.fml.javafmlmod.AutomaticEventSubscriber/LOADING]: Auto-subscribing net.miauczel.legendary_monsters.entity.ai.AncientGuardianHurtEvent to FORGE
[26Mar2025 23:04:33.516] [modloading-worker-0/DEBUG] [net.minecraftforge.fml.javafmlmod.AutomaticEventSubscriber/LOADING]: Auto-subscribing net.miauczel.legendary_monsters.entity.ai.AmbusherHurtEvent to FORGE
[26Mar2025 23:04:33.517] [modloading-worker-0/DEBUG] [net.minecraftforge.fml.javafmlmod.AutomaticEventSubscriber/LOADING]: Auto-subscribing net.miauczel.legendary_monsters.entity.ai.AmbusherAttackGoal to FORGE
[26Mar2025 23:04:33.517] [modloading-worker-0/DEBUG] [net.minecraftforge.fml.javafmlmod.AutomaticEventSubscriber/LOADING]: Auto-subscribing net.miauczel.legendary_monsters.entity.OpenContainerEvent to FORGE
[26Mar2025 23:04:33.519] [modloading-worker-0/DEBUG] [net.minecraftforge.fml.javafmlmod.AutomaticEventSubscriber/LOADING]: Auto-subscribing net.miauczel.legendary_monsters.effect.StunJumpRemover to FORGE
[26Mar2025 23:04:33.520] [modloading-worker-0/DEBUG] [net.minecraftforge.fml.javafmlmod.AutomaticEventSubscriber/LOADING]: Auto-subscribing net.miauczel.legendary_monsters.datagen.DataGenerators to MOD
[26Mar2025 23:04:33.522] [modloading-worker-0/DEBUG] [net.minecraftforge.fml.javafmlmod.AutomaticEventSubscriber/LOADING]: Auto-subscribing net.miauczel.legendary_monsters.CommonProxy to MOD
[26Mar2025 23:04:33.536] [modloading-worker-0/DEBUG] [net.minecraftforge.fml.ModLoadingContext/]: Attempted to register an empty config for type CLIENT on mod lostcities using file name lostcities/client.toml
[26Mar2025 23:04:33.537] [modloading-worker-0/DEBUG] [net.minecraftforge.fml.config.ConfigTracker/CONFIG]: Config file lostcities/common.toml for lostcities tracking
[26Mar2025 23:04:33.537] [modloading-worker-0/DEBUG] [net.minecraftforge.fml.config.ConfigTracker/CONFIG]: Config file lostcities-server.toml for lostcities tracking
[26Mar2025 23:04:33.545] [modloading-worker-0/DEBUG] [net.minecraftforge.fml.javafmlmod.AutomaticEventSubscriber/LOADING]: Attempting to inject @EventBusSubscriber classes into the eventbus for lostcities
[26Mar2025 23:04:33.545] [modloading-worker-0/DEBUG] [net.minecraftforge.fml.javafmlmod.AutomaticEventSubscriber/LOADING]: Auto-subscribing mcjty.lostcities.datagen.DataGenerators to MOD
[26Mar2025 23:04:33.545] [modloading-worker-0/DEBUG] [net.minecraftforge.fml.javafmlmod.AutomaticEventSubscriber/LOADING]: Attempting to inject @EventBusSubscriber classes into the eventbus for horror_element_mod
[26Mar2025 23:04:33.545] [modloading-worker-0/DEBUG] [net.minecraftforge.fml.javafmlmod.AutomaticEventSubscriber/LOADING]: Auto-subscribing en.predator.horrorelementmod.network.HorrorElementModModVariables to MOD
[26Mar2025 23:04:33.546] [modloading-worker-0/DEBUG] [net.minecraftforge.fml.javafmlmod.AutomaticEventSubscriber/LOADING]: Auto-subscribing mcjty.lostcities.LostCities to MOD
[26Mar2025 23:04:33.546] [modloading-worker-0/DEBUG] [net.minecraftforge.fml.javafmlmod.AutomaticEventSubscriber/LOADING]: Auto-subscribing en.predator.horrorelementmod.network.HorrorElementModModVariables$EventBusVariableHandlers to FORGE
[26Mar2025 23:04:33.550] [modloading-worker-0/DEBUG] [net.minecraftforge.fml.javafmlmod.AutomaticEventSubscriber/LOADING]: Auto-subscribing en.predator.horrorelementmod.command.DoDayResetCommand to FORGE
[26Mar2025 23:04:33.552] [modloading-worker-0/DEBUG] [net.minecraftforge.fml.javafmlmod.AutomaticEventSubscriber/LOADING]: Attempting to inject @EventBusSubscriber classes into the eventbus for mixinextras
[26Mar2025 23:04:33.557] [modloading-worker-0/INFO] [pointblank/]: Loading mod pointblank
[26Mar2025 23:04:33.560] [modloading-worker-0/DEBUG] [net.minecraftforge.fml.config.ConfigTracker/CONFIG]: Config file pointblank-common.toml for pointblank tracking
[26Mar2025 23:04:33.567] [modloading-worker-0/DEBUG] [net.minecraftforge.fml.javafmlmod.AutomaticEventSubscriber/LOADING]: Attempting to inject @EventBusSubscriber classes into the eventbus for wegotrunnners
[26Mar2025 23:04:33.567] [modloading-worker-0/DEBUG] [net.minecraftforge.fml.javafmlmod.AutomaticEventSubscriber/LOADING]: Auto-subscribing net.mcreator.wegotrunnners.procedures.RunnerssProcedure to FORGE
[26Mar2025 23:04:33.572] [modloading-worker-0/DEBUG] [net.minecraftforge.fml.javafmlmod.AutomaticEventSubscriber/LOADING]: Auto-subscribing net.mcreator.wegotrunnners.procedures.IrontoughProcedure to FORGE
[26Mar2025 23:04:33.572] [modloading-worker-0/DEBUG] [net.minecraftforge.fml.javafmlmod.AutomaticEventSubscriber/LOADING]: Auto-subscribing net.mcreator.wegotrunnners.procedures.IronmightProcedure to FORGE
[26Mar2025 23:04:33.573] [modloading-worker-0/DEBUG] [net.minecraftforge.fml.javafmlmod.AutomaticEventSubscriber/LOADING]: Auto-subscribing net.mcreator.wegotrunnners.procedures.HurtProcedure to FORGE
[26Mar2025 23:04:33.579] [modloading-worker-0/DEBUG] [net.minecraftforge.fml.javafmlmod.AutomaticEventSubscriber/LOADING]: Auto-subscribing net.mcreator.wegotrunnners.procedures.GroundtackeProcedure to FORGE
[26Mar2025 23:04:33.580] [modloading-worker-0/DEBUG] [net.minecraftforge.fml.javafmlmod.AutomaticEventSubscriber/LOADING]: Auto-subscribing net.mcreator.wegotrunnners.init.WegotrunnnersModConfigs to MOD
[26Mar2025 23:04:33.667] [modloading-worker-0/DEBUG] [net.minecraftforge.fml.javafmlmod.AutomaticEventSubscriber/LOADING]: Attempting to inject @EventBusSubscriber classes into the eventbus for automobility
[26Mar2025 23:04:33.670] [modloading-worker-0/DEBUG] [net.minecraftforge.fml.javafmlmod.AutomaticEventSubscriber/LOADING]: Auto-subscribing io.github.foundationgames.automobility.forge.AutomobilityForge to MOD
[26Mar2025 23:04:33.673] [modloading-worker-0/DEBUG] [net.minecraftforge.fml.config.ConfigTracker/CONFIG]: Config file aiimprovements-common.toml for aiimprovements tracking
[26Mar2025 23:04:33.675] [modloading-worker-0/DEBUG] [net.minecraftforge.fml.javafmlmod.AutomaticEventSubscriber/LOADING]: Attempting to inject @EventBusSubscriber classes into the eventbus for aiimprovements
[26Mar2025 23:04:33.675] [modloading-worker-0/DEBUG] [net.minecraftforge.fml.javafmlmod.AutomaticEventSubscriber/LOADING]: Auto-subscribing com.builtbroken.ai.improvements.modifier.ModifierSystem to FORGE
[26Mar2025 23:04:33.681] [modloading-worker-0/DEBUG] [net.minecraftforge.fml.javafmlmod.AutomaticEventSubscriber/LOADING]: Auto-subscribing com.builtbroken.ai.improvements.AIImprovements to MOD
[26Mar2025 23:04:33.681] [modloading-worker-0/DEBUG] [net.minecraftforge.fml.javafmlmod.AutomaticEventSubscriber/LOADING]: Attempting to inject @EventBusSubscriber classes into the eventbus for puzzleslib
[26Mar2025 23:04:33.681] [modloading-worker-0/DEBUG] [net.minecraftforge.fml.javafmlmod.AutomaticEventSubscriber/LOADING]: Auto-subscribing fuzs.puzzleslib.impl.PuzzlesLibForge to MOD
[26Mar2025 23:04:33.713] [modloading-worker-0/INFO] [Puzzles Lib/]: Constructing common components for puzzleslib:main
[26Mar2025 23:04:33.749] [modloading-worker-0/DEBUG] [net.minecraftforge.fml.javafmlmod.AutomaticEventSubscriber/LOADING]: Attempting to inject @EventBusSubscriber classes into the eventbus for securitycraft
[26Mar2025 23:04:33.749] [modloading-worker-0/DEBUG] [net.minecraftforge.fml.javafmlmod.AutomaticEventSubscriber/LOADING]: Auto-subscribing net.geforcemods.securitycraft.api.SecurityCraftAPI to MOD
[26Mar2025 23:04:33.751] [modloading-worker-0/DEBUG] [net.minecraftforge.fml.javafmlmod.AutomaticEventSubscriber/LOADING]: Auto-subscribing net.geforcemods.securitycraft.SecurityCraft to MOD
[26Mar2025 23:04:33.753] [modloading-worker-0/DEBUG] [net.minecraftforge.fml.javafmlmod.AutomaticEventSubscriber/LOADING]: Auto-subscribing net.geforcemods.securitycraft.SCEventHandler to FORGE
[26Mar2025 23:04:33.773] [modloading-worker-0/DEBUG] [net.minecraftforge.fml.javafmlmod.AutomaticEventSubscriber/LOADING]: Auto-subscribing net.geforcemods.securitycraft.RegistrationHandler to MOD
[26Mar2025 23:04:33.775] [modloading-worker-0/DEBUG] [net.minecraftforge.fml.javafmlmod.AutomaticEventSubscriber/LOADING]: Auto-subscribing net.geforcemods.securitycraft.ConfigHandler to MOD
[26Mar2025 23:04:33.776] [modloading-worker-0/DEBUG] [net.minecraftforge.fml.javafmlmod.AutomaticEventSubscriber/LOADING]: Attempting to inject @EventBusSubscriber classes into the eventbus for puzzlesaccessapi
[26Mar2025 23:04:33.790] [modloading-worker-0/DEBUG] [net.minecraftforge.versions.forge.ForgeVersion/CORE]: Forge Version package package net.minecraftforge.versions.forge, Forge, version 47.3 from cpw.mods.modlauncher.TransformingClassLoader@5e8507f1
[26Mar2025 23:04:33.792] [modloading-worker-0/DEBUG] [net.minecraftforge.versions.forge.ForgeVersion/CORE]: Found Forge version 47.3.7
[26Mar2025 23:04:33.792] [modloading-worker-0/DEBUG] [net.minecraftforge.versions.forge.ForgeVersion/CORE]: Found Forge spec 47.3
[26Mar2025 23:04:33.792] [modloading-worker-0/DEBUG] [net.minecraftforge.versions.forge.ForgeVersion/CORE]: Found Forge group net.minecraftforge
[26Mar2025 23:04:33.793] [modloading-worker-0/DEBUG] [net.minecraftforge.versions.mcp.MCPVersion/CORE]: MCP Version package package net.minecraftforge.versions.mcp, Minecraft, version 1.20.1 from cpw.mods.modlauncher.TransformingClassLoader@5e8507f1
[26Mar2025 23:04:33.796] [modloading-worker-0/DEBUG] [net.minecraftforge.versions.mcp.MCPVersion/CORE]: Found MC version information 1.20.1
[26Mar2025 23:04:33.796] [modloading-worker-0/DEBUG] [net.minecraftforge.versions.mcp.MCPVersion/CORE]: Found MCP version information 20230612.114412
[26Mar2025 23:04:33.796] [modloading-worker-0/INFO] [net.minecraftforge.common.ForgeMod/FORGEMOD]: Forge mod loading, version 47.3.7, for MC 1.20.1 with MCP 20230612.114412
[26Mar2025 23:04:33.796] [modloading-worker-0/INFO] [net.minecraftforge.common.MinecraftForge/FORGE]: MinecraftForge v47.3.7 Initialized
[26Mar2025 23:04:33.830] [modloading-worker-0/DEBUG] [net.minecraftforge.fml.javafmlmod.AutomaticEventSubscriber/LOADING]: Attempting to inject @EventBusSubscriber classes into the eventbus for apocalypsenow
[26Mar2025 23:04:33.830] [modloading-worker-0/DEBUG] [net.minecraftforge.fml.javafmlmod.AutomaticEventSubscriber/LOADING]: Auto-subscribing net.mcreator.apocalypsenow.procedures.ZombiesArmorProcedure to FORGE
[26Mar2025 23:04:33.839] [modloading-worker-0/DEBUG] [io.netty.util.internal.PlatformDependent0/]: -Dio.netty.noUnsafe: false
[26Mar2025 23:04:33.839] [modloading-worker-0/DEBUG] [io.netty.util.internal.PlatformDependent0/]: Java version: 17
[26Mar2025 23:04:33.839] [modloading-worker-0/DEBUG] [io.netty.util.internal.PlatformDependent0/]: sun.misc.Unsafe.theUnsafe: available
[26Mar2025 23:04:33.840] [modloading-worker-0/DEBUG] [io.netty.util.internal.PlatformDependent0/]: sun.misc.Unsafe.copyMemory: available
[26Mar2025 23:04:33.840] [modloading-worker-0/DEBUG] [io.netty.util.internal.PlatformDependent0/]: sun.misc.Unsafe.storeFence: available
[26Mar2025 23:04:33.841] [modloading-worker-0/DEBUG] [io.netty.util.internal.PlatformDependent0/]: java.nio.Buffer.address: available
[26Mar2025 23:04:33.841] [modloading-worker-0/DEBUG] [net.minecraftforge.fml.javafmlmod.AutomaticEventSubscriber/LOADING]: Auto-subscribing net.mcreator.apocalypsenow.procedures.PopulationDensityProcedure to FORGE
[26Mar2025 23:04:33.841] [modloading-worker-0/DEBUG] [io.netty.util.internal.PlatformDependent0/]: direct buffer constructor: unavailable
java.lang.UnsupportedOperationException: Reflective setAccessible(true) disabled
	at io.netty.util.internal.ReflectionUtil.trySetAccessible(ReflectionUtil.java:31) ~[netty-common-4.1.82.Final.jar%2382!/:4.1.82.Final]
	at io.netty.util.internal.PlatformDependent0$5.run(PlatformDependent0.java:288) ~[netty-common-4.1.82.Final.jar%2382!/:4.1.82.Final]
	at java.security.AccessController.doPrivileged(AccessController.java:318) ~[?:?]
	at io.netty.util.internal.PlatformDependent0.<clinit>(PlatformDependent0.java:282) ~[netty-common-4.1.82.Final.jar%2382!/:4.1.82.Final]
	at io.netty.util.internal.PlatformDependent.isAndroid(PlatformDependent.java:333) ~[netty-common-4.1.82.Final.jar%2382!/:4.1.82.Final]
	at io.netty.util.internal.PlatformDependent.<clinit>(PlatformDependent.java:88) ~[netty-common-4.1.82.Final.jar%2382!/:4.1.82.Final]
	at io.netty.util.ConstantPool.<init>(ConstantPool.java:34) ~[netty-common-4.1.82.Final.jar%2382!/:4.1.82.Final]
	at io.netty.util.AttributeKey$1.<init>(AttributeKey.java:27) ~[netty-common-4.1.82.Final.jar%2382!/:4.1.82.Final]
	at io.netty.util.AttributeKey.<clinit>(AttributeKey.java:27) ~[netty-common-4.1.82.Final.jar%2382!/:4.1.82.Final]
	at net.minecraftforge.network.NetworkConstants.<clinit>(NetworkConstants.java:34) ~[forge-1.20.1-47.3.7-universal.jar%23192!/:?]
	at net.minecraftforge.common.ForgeMod.<init>(ForgeMod.java:429) ~[forge-1.20.1-47.3.7-universal.jar%23192!/:?]
	at jdk.internal.reflect.NativeConstructorAccessorImpl.newInstance0(Native Method) ~[?:?]
	at jdk.internal.reflect.NativeConstructorAccessorImpl.newInstance(NativeConstructorAccessorImpl.java:77) ~[?:?]
	at jdk.internal.reflect.DelegatingConstructorAccessorImpl.newInstance(DelegatingConstructorAccessorImpl.java:45) ~[?:?]
	at java.lang.reflect.Constructor.newInstanceWithCaller(Constructor.java:500) ~[?:?]
	at java.lang.reflect.Constructor.newInstance(Constructor.java:481) ~[?:?]
	at net.minecraftforge.fml.javafmlmod.FMLModContainer.constructMod(FMLModContainer.java:70) ~[javafmllanguage-1.20.1-47.3.7.jar%23189!/:?]
	at net.minecraftforge.fml.ModContainer.lambda$buildTransitionHandler$4(ModContainer.java:124) ~[fmlcore-1.20.1-47.3.7.jar%23188!/:?]
	at java.util.concurrent.CompletableFuture$AsyncRun.run(CompletableFuture.java:1804) ~[?:?]
	at java.util.concurrent.CompletableFuture$AsyncRun.exec(CompletableFuture.java:1796) ~[?:?]
	at java.util.concurrent.ForkJoinTask.doExec(ForkJoinTask.java:373) ~[?:?]
	at java.util.concurrent.ForkJoinPool$WorkQueue.topLevelExec(ForkJoinPool.java:1182) ~[?:?]
	at java.util.concurrent.ForkJoinPool.scan(ForkJoinPool.java:1655) ~[?:?]
	at java.util.concurrent.ForkJoinPool.runWorker(ForkJoinPool.java:1622) ~[?:?]
	at java.util.concurrent.ForkJoinWorkerThread.run(ForkJoinWorkerThread.java:165) ~[?:?]
[26Mar2025 23:04:33.842] [modloading-worker-0/DEBUG] [io.netty.util.internal.PlatformDependent0/]: java.nio.Bits.unaligned: available, true
[26Mar2025 23:04:33.843] [modloading-worker-0/DEBUG] [io.netty.util.internal.PlatformDependent0/]: jdk.internal.misc.Unsafe.allocateUninitializedArray(int): unavailable
java.lang.IllegalAccessException: class io.netty.util.internal.PlatformDependent0$7 (in module io.netty.common) cannot access class jdk.internal.misc.Unsafe (in module java.base) because module java.base does not export jdk.internal.misc to module io.netty.common
	at jdk.internal.reflect.Reflection.newIllegalAccessException(Reflection.java:392) ~[?:?]
	at java.lang.reflect.AccessibleObject.checkAccess(AccessibleObject.java:674) ~[?:?]
	at java.lang.reflect.Method.invoke(Method.java:561) ~[?:?]
	at io.netty.util.internal.PlatformDependent0$7.run(PlatformDependent0.java:410) ~[netty-common-4.1.82.Final.jar%2382!/:4.1.82.Final]
	at java.security.AccessController.doPrivileged(AccessController.java:318) ~[?:?]
	at io.netty.util.internal.PlatformDependent0.<clinit>(PlatformDependent0.java:401) ~[netty-common-4.1.82.Final.jar%2382!/:4.1.82.Final]
	at io.netty.util.internal.PlatformDependent.isAndroid(PlatformDependent.java:333) ~[netty-common-4.1.82.Final.jar%2382!/:4.1.82.Final]
	at io.netty.util.internal.PlatformDependent.<clinit>(PlatformDependent.java:88) ~[netty-common-4.1.82.Final.jar%2382!/:4.1.82.Final]
	at io.netty.util.ConstantPool.<init>(ConstantPool.java:34) ~[netty-common-4.1.82.Final.jar%2382!/:4.1.82.Final]
	at io.netty.util.AttributeKey$1.<init>(AttributeKey.java:27) ~[netty-common-4.1.82.Final.jar%2382!/:4.1.82.Final]
	at io.netty.util.AttributeKey.<clinit>(AttributeKey.java:27) ~[netty-common-4.1.82.Final.jar%2382!/:4.1.82.Final]
	at net.minecraftforge.network.NetworkConstants.<clinit>(NetworkConstants.java:34) ~[forge-1.20.1-47.3.7-universal.jar%23192!/:?]
	at net.minecraftforge.common.ForgeMod.<init>(ForgeMod.java:429) ~[forge-1.20.1-47.3.7-universal.jar%23192!/:?]
	at jdk.internal.reflect.NativeConstructorAccessorImpl.newInstance0(Native Method) ~[?:?]
	at jdk.internal.reflect.NativeConstructorAccessorImpl.newInstance(NativeConstructorAccessorImpl.java:77) ~[?:?]
	at jdk.internal.reflect.DelegatingConstructorAccessorImpl.newInstance(DelegatingConstructorAccessorImpl.java:45) ~[?:?]
	at java.lang.reflect.Constructor.newInstanceWithCaller(Constructor.java:500) ~[?:?]
	at java.lang.reflect.Constructor.newInstance(Constructor.java:481) ~[?:?]
	at net.minecraftforge.fml.javafmlmod.FMLModContainer.constructMod(FMLModContainer.java:70) ~[javafmllanguage-1.20.1-47.3.7.jar%23189!/:?]
	at net.minecraftforge.fml.ModContainer.lambda$buildTransitionHandler$4(ModContainer.java:124) ~[fmlcore-1.20.1-47.3.7.jar%23188!/:?]
	at java.util.concurrent.CompletableFuture$AsyncRun.run(CompletableFuture.java:1804) ~[?:?]
	at java.util.concurrent.CompletableFuture$AsyncRun.exec(CompletableFuture.java:1796) ~[?:?]
	at java.util.concurrent.ForkJoinTask.doExec(ForkJoinTask.java:373) ~[?:?]
	at java.util.concurrent.ForkJoinPool$WorkQueue.topLevelExec(ForkJoinPool.java:1182) ~[?:?]
	at java.util.concurrent.ForkJoinPool.scan(ForkJoinPool.java:1655) ~[?:?]
	at java.util.concurrent.ForkJoinPool.runWorker(ForkJoinPool.java:1622) ~[?:?]
	at java.util.concurrent.ForkJoinWorkerThread.run(ForkJoinWorkerThread.java:165) ~[?:?]
[26Mar2025 23:04:33.844] [modloading-worker-0/DEBUG] [io.netty.util.internal.PlatformDependent0/]: java.nio.DirectByteBuffer.<init>(long, int): unavailable
[26Mar2025 23:04:33.844] [modloading-worker-0/DEBUG] [io.netty.util.internal.PlatformDependent/]: sun.misc.Unsafe: available
[26Mar2025 23:04:33.845] [modloading-worker-0/DEBUG] [io.netty.util.internal.PlatformDependent/]: maxDirectMemory: 17179869184 bytes (maybe)
[26Mar2025 23:04:33.845] [modloading-worker-0/DEBUG] [net.minecraftforge.fml.javafmlmod.AutomaticEventSubscriber/LOADING]: Auto-subscribing net.mcreator.apocalypsenow.procedures.PlayerkillaponowadavcenProcedure to FORGE
[26Mar2025 23:04:33.845] [modloading-worker-0/DEBUG] [io.netty.util.internal.PlatformDependent/]: -Dio.netty.tmpdir: /tmp (java.io.tmpdir)
[26Mar2025 23:04:33.845] [modloading-worker-0/DEBUG] [io.netty.util.internal.PlatformDependent/]: -Dio.netty.bitMode: 64 (sun.arch.data.model)
[26Mar2025 23:04:33.846] [modloading-worker-0/DEBUG] [io.netty.util.internal.PlatformDependent/]: -Dio.netty.maxDirectMemory: -1 bytes
[26Mar2025 23:04:33.846] [modloading-worker-0/DEBUG] [io.netty.util.internal.PlatformDependent/]: -Dio.netty.uninitializedArrayAllocationThreshold: -1
[26Mar2025 23:04:33.847] [modloading-worker-0/DEBUG] [net.minecraftforge.fml.javafmlmod.AutomaticEventSubscriber/LOADING]: Auto-subscribing net.mcreator.apocalypsenow.procedures.InfectionaplyProcedure to FORGE
[26Mar2025 23:04:33.847] [modloading-worker-0/DEBUG] [net.minecraftforge.fml.javafmlmod.AutomaticEventSubscriber/LOADING]: Auto-subscribing net.mcreator.apocalypsenow.procedures.HumandiesProcedure to FORGE
[26Mar2025 23:04:33.847] [modloading-worker-0/DEBUG] [io.netty.util.internal.CleanerJava9/]: java.nio.ByteBuffer.cleaner(): available
[26Mar2025 23:04:33.848] [modloading-worker-0/DEBUG] [io.netty.util.internal.PlatformDependent/]: -Dio.netty.noPreferDirect: false
[26Mar2025 23:04:33.850] [modloading-worker-0/DEBUG] [net.minecraftforge.fml.javafmlmod.AutomaticEventSubscriber/LOADING]: Auto-subscribing net.mcreator.apocalypsenow.procedures.FalldamageProcedure to FORGE
[26Mar2025 23:04:33.850] [modloading-worker-0/DEBUG] [net.minecraftforge.fml.javafmlmod.AutomaticEventSubscriber/LOADING]: Auto-subscribing net.mcreator.apocalypsenow.procedures.CannibalarmorandmeleeProcedure to FORGE
[26Mar2025 23:04:33.851] [modloading-worker-0/DEBUG] [net.minecraftforge.fml.javafmlmod.AutomaticEventSubscriber/LOADING]: Auto-subscribing net.mcreator.apocalypsenow.procedures.BrokenlegprocedureProcedure to FORGE
[26Mar2025 23:04:33.852] [modloading-worker-0/DEBUG] [net.minecraftforge.fml.javafmlmod.AutomaticEventSubscriber/LOADING]: Auto-subscribing net.mcreator.apocalypsenow.network.NigthvisionkeybindMessage to MOD
[26Mar2025 23:04:33.857] [modloading-worker-0/DEBUG] [net.minecraftforge.fml.javafmlmod.AutomaticEventSubscriber/LOADING]: Auto-subscribing net.mcreator.apocalypsenow.init.ApocalypsenowModTrades to FORGE
[26Mar2025 23:04:33.859] [modloading-worker-0/DEBUG] [net.minecraftforge.fml.javafmlmod.AutomaticEventSubscriber/LOADING]: Auto-subscribing net.mcreator.apocalypsenow.init.ApocalypsenowModLootModifier to MOD
[26Mar2025 23:04:33.863] [modloading-worker-0/DEBUG] [net.minecraftforge.fml.javafmlmod.AutomaticEventSubscriber/LOADING]: Auto-subscribing net.mcreator.apocalypsenow.init.ApocalypsenowModFuels to FORGE
[26Mar2025 23:04:33.864] [modloading-worker-0/DEBUG] [net.minecraftforge.fml.javafmlmod.AutomaticEventSubscriber/LOADING]: Auto-subscribing net.mcreator.apocalypsenow.init.ApocalypsenowModEntities to MOD
[26Mar2025 23:04:33.867] [modloading-worker-0/DEBUG] [net.minecraftforge.fml.javafmlmod.AutomaticEventSubscriber/LOADING]: Auto-subscribing net.mcreator.apocalypsenow.init.ApocalypsenowModCustomCuriosSlots to MOD
[26Mar2025 23:04:33.871] [modloading-worker-0/DEBUG] [net.minecraftforge.fml.javafmlmod.AutomaticEventSubscriber/LOADING]: Auto-subscribing net.mcreator.apocalypsenow.init.ApocalypsenowModCuriosSlots to MOD
[26Mar2025 23:04:33.872] [modloading-worker-0/DEBUG] [net.minecraftforge.fml.javafmlmod.AutomaticEventSubscriber/LOADING]: Auto-subscribing net.mcreator.apocalypsenow.init.ApocalypsenowModCuriosRenderers to MOD
[26Mar2025 23:04:33.873] [modloading-worker-0/DEBUG] [net.minecraftforge.fml.javafmlmod.AutomaticEventSubscriber/LOADING]: Auto-subscribing net.mcreator.apocalypsenow.init.ApocalypsenowModConfigs to MOD
[26Mar2025 23:04:33.882] [modloading-worker-0/DEBUG] [net.minecraftforge.fml.javafmlmod.AutomaticEventSubscriber/LOADING]: Attempting to inject @EventBusSubscriber classes into the eventbus for horde_hoard
[26Mar2025 23:04:33.883] [modloading-worker-0/DEBUG] [net.minecraftforge.fml.javafmlmod.AutomaticEventSubscriber/LOADING]: Auto-subscribing net.mcreator.horde_hoard.procedures.TeamMakerProcedure to FORGE
[26Mar2025 23:04:33.883] [modloading-worker-0/DEBUG] [net.minecraftforge.common.ForgeMod/FORGEMOD]: Loading Network data for FML net version: FML3
[26Mar2025 23:04:33.883] [modloading-worker-0/DEBUG] [net.minecraftforge.fml.javafmlmod.AutomaticEventSubscriber/LOADING]: Auto-subscribing net.mcreator.horde_hoard.procedures.LeapTickProcedure to FORGE
[26Mar2025 23:04:33.887] [modloading-worker-0/DEBUG] [net.minecraftforge.fml.javafmlmod.AutomaticEventSubscriber/LOADING]: Auto-subscribing net.mcreator.horde_hoard.procedures.IronGolemTickProcedure to FORGE
[26Mar2025 23:04:33.888] [modloading-worker-0/DEBUG] [net.minecraftforge.fml.javafmlmod.AutomaticEventSubscriber/LOADING]: Auto-subscribing net.mcreator.horde_hoard.procedures.IronGolemSwooshProcedure to FORGE
[26Mar2025 23:04:33.889] [modloading-worker-0/DEBUG] [net.minecraftforge.fml.javafmlmod.AutomaticEventSubscriber/LOADING]: Auto-subscribing net.mcreator.horde_hoard.procedures.IronGolemHealCooldownProcedure to FORGE
[26Mar2025 23:04:33.889] [modloading-worker-0/DEBUG] [net.minecraftforge.fml.javafmlmod.AutomaticEventSubscriber/LOADING]: Auto-subscribing net.mcreator.horde_hoard.procedures.IronGolemAttackedProcedure to FORGE
[26Mar2025 23:04:33.893] [modloading-worker-0/DEBUG] [net.minecraftforge.fml.javafmlmod.AutomaticEventSubscriber/LOADING]: Auto-subscribing net.mcreator.horde_hoard.procedures.IntelligentTickProcedure to FORGE
[26Mar2025 23:04:33.894] [modloading-worker-0/DEBUG] [net.minecraftforge.fml.javafmlmod.AutomaticEventSubscriber/LOADING]: Auto-subscribing net.mcreator.horde_hoard.procedures.IntelligentSpawnsProcedure to FORGE
[26Mar2025 23:04:33.894] [modloading-worker-0/DEBUG] [net.minecraftforge.fml.config.ConfigTracker/CONFIG]: Config file forge-client.toml for forge tracking
[26Mar2025 23:04:33.894] [modloading-worker-0/DEBUG] [net.minecraftforge.fml.config.ConfigTracker/CONFIG]: Config file forge-server.toml for forge tracking
[26Mar2025 23:04:33.895] [modloading-worker-0/DEBUG] [net.minecraftforge.fml.ModLoadingContext/]: Attempted to register an empty config for type COMMON on mod forge
[26Mar2025 23:04:33.895] [modloading-worker-0/DEBUG] [net.minecraftforge.fml.javafmlmod.AutomaticEventSubscriber/LOADING]: Auto-subscribing net.mcreator.horde_hoard.procedures.IntelligentDashAwayProcedure to FORGE
[26Mar2025 23:04:33.896] [modloading-worker-0/DEBUG] [net.minecraftforge.fml.javafmlmod.AutomaticEventSubscriber/LOADING]: Attempting to inject @EventBusSubscriber classes into the eventbus for pointblank
[26Mar2025 23:04:33.897] [modloading-worker-0/DEBUG] [net.minecraftforge.fml.javafmlmod.AutomaticEventSubscriber/LOADING]: Auto-subscribing com.vicmatskiv.pointblank.Config to MOD
[26Mar2025 23:04:33.899] [modloading-worker-0/DEBUG] [net.minecraftforge.fml.javafmlmod.AutomaticEventSubscriber/LOADING]: Auto-subscribing net.mcreator.horde_hoard.procedures.HordeTickProcedure to FORGE
[26Mar2025 23:04:33.900] [modloading-worker-0/DEBUG] [net.minecraftforge.fml.config.ConfigTracker/CONFIG]: Config file explosiveenhancement.toml for explosiveenhancement tracking
[26Mar2025 23:04:33.901] [modloading-worker-0/DEBUG] [net.minecraftforge.fml.javafmlmod.AutomaticEventSubscriber/LOADING]: Auto-subscribing net.mcreator.horde_hoard.procedures.HordeStopMultiplyingProcedure to FORGE
[26Mar2025 23:04:33.901] [modloading-worker-0/DEBUG] [net.minecraftforge.fml.javafmlmod.AutomaticEventSubscriber/LOADING]: Auto-subscribing net.mcreator.horde_hoard.init.HordeHoardModGameRules to MOD
[26Mar2025 23:04:33.902] [modloading-worker-0/DEBUG] [net.minecraftforge.fml.javafmlmod.AutomaticEventSubscriber/LOADING]: Attempting to inject @EventBusSubscriber classes into the eventbus for explosiveenhancement
[26Mar2025 23:04:33.902] [modloading-worker-0/DEBUG] [net.minecraftforge.fml.javafmlmod.AutomaticEventSubscriber/LOADING]: Auto-subscribing dev.xylonity.explosiveenhancement.ExplosiveEnhancement$ModEventSubscriber to MOD
[26Mar2025 23:04:33.903] [modloading-worker-0/DEBUG] [net.minecraftforge.fml.config.ConfigTracker/CONFIG]: Config file sona-common.toml for sona tracking
[26Mar2025 23:04:33.908] [modloading-worker-0/DEBUG] [net.minecraftforge.fml.config.ConfigTracker/CONFIG]: Config file zombiekit-common.toml for zombiekit tracking
[26Mar2025 23:04:33.918] [modloading-worker-0/DEBUG] [net.minecraftforge.fml.javafmlmod.AutomaticEventSubscriber/LOADING]: Attempting to inject @EventBusSubscriber classes into the eventbus for forge
[26Mar2025 23:04:33.918] [modloading-worker-0/DEBUG] [net.minecraftforge.fml.javafmlmod.AutomaticEventSubscriber/LOADING]: Auto-subscribing net.minecraftforge.common.ForgeSpawnEggItem$CommonHandler to MOD
[26Mar2025 23:04:33.924] [modloading-worker-0/DEBUG] [net.minecraftforge.fml.javafmlmod.AutomaticEventSubscriber/LOADING]: Attempting to inject @EventBusSubscriber classes into the eventbus for sona
[26Mar2025 23:04:33.924] [modloading-worker-0/DEBUG] [net.minecraftforge.fml.javafmlmod.AutomaticEventSubscriber/LOADING]: Auto-subscribing com.scarasol.sona.init.SonaEntities to MOD
[26Mar2025 23:04:33.924] [modloading-worker-0/DEBUG] [net.minecraftforge.fml.javafmlmod.AutomaticEventSubscriber/LOADING]: Auto-subscribing com.scarasol.sona.event.ManagerEventHandler to FORGE
[26Mar2025 23:04:33.937] [modloading-worker-0/DEBUG] [net.minecraftforge.fml.javafmlmod.AutomaticEventSubscriber/LOADING]: Auto-subscribing com.scarasol.sona.event.EffectEventHandler to FORGE
[26Mar2025 23:04:33.953] [modloading-worker-0/DEBUG] [net.minecraftforge.fml.javafmlmod.AutomaticEventSubscriber/LOADING]: Attempting to inject @EventBusSubscriber classes into the eventbus for tectonic
[26Mar2025 23:04:34.001] [modloading-worker-0/DEBUG] [net.minecraftforge.fml.javafmlmod.AutomaticEventSubscriber/LOADING]: Attempting to inject @EventBusSubscriber classes into the eventbus for faded_conquest_2
[26Mar2025 23:04:34.001] [modloading-worker-0/DEBUG] [net.minecraftforge.fml.javafmlmod.AutomaticEventSubscriber/LOADING]: Auto-subscribing net.fadedconquest2.world.dimension.TheMirrorRealmDimension to FORGE
[26Mar2025 23:04:34.001] [modloading-worker-0/DEBUG] [net.minecraftforge.fml.javafmlmod.AutomaticEventSubscriber/LOADING]: Auto-subscribing net.fadedconquest2.world.dimension.TheMirrorRealmDimension$TheMirrorRealmSpecialEffectsHandler to MOD
[26Mar2025 23:04:34.001] [modloading-worker-0/DEBUG] [net.minecraftforge.fml.javafmlmod.AutomaticEventSubscriber/LOADING]: Auto-subscribing net.fadedconquest2.world.dimension.TheAbyssDimension to FORGE
[26Mar2025 23:04:34.002] [modloading-worker-0/DEBUG] [net.minecraftforge.fml.javafmlmod.AutomaticEventSubscriber/LOADING]: Auto-subscribing net.fadedconquest2.world.dimension.TheAbyssDimension$TheAbyssSpecialEffectsHandler to MOD
[26Mar2025 23:04:34.002] [modloading-worker-0/DEBUG] [net.minecraftforge.fml.javafmlmod.AutomaticEventSubscriber/LOADING]: Auto-subscribing net.fadedconquest2.procedures.WhirlwindattackProcedure to FORGE
[26Mar2025 23:04:34.003] [modloading-worker-0/DEBUG] [net.minecraftforge.fml.javafmlmod.AutomaticEventSubscriber/LOADING]: Auto-subscribing net.fadedconquest2.procedures.VFXMaiasmaPlayerCollidesWithThisEntityProcedure to FORGE
[26Mar2025 23:04:34.003] [modloading-worker-0/DEBUG] [net.minecraftforge.fml.javafmlmod.AutomaticEventSubscriber/LOADING]: Auto-subscribing net.fadedconquest2.procedures.TerribletenattackProcedure to FORGE
[26Mar2025 23:04:34.005] [modloading-worker-0/DEBUG] [net.minecraftforge.fml.javafmlmod.AutomaticEventSubscriber/LOADING]: Auto-subscribing net.fadedconquest2.procedures.SpikedmgProcedure to FORGE
[26Mar2025 23:04:34.005] [modloading-worker-0/DEBUG] [net.minecraftforge.fml.javafmlmod.AutomaticEventSubscriber/LOADING]: Auto-subscribing net.fadedconquest2.procedures.RgattackProcedure to FORGE
[26Mar2025 23:04:34.007] [modloading-worker-0/DEBUG] [net.minecraftforge.fml.javafmlmod.AutomaticEventSubscriber/LOADING]: Auto-subscribing net.fadedconquest2.procedures.PbattackProcedure to FORGE
[26Mar2025 23:04:34.008] [modloading-worker-0/DEBUG] [net.minecraftforge.fml.javafmlmod.AutomaticEventSubscriber/LOADING]: Auto-subscribing net.fadedconquest2.procedures.Pb2attackProcedure to FORGE
[26Mar2025 23:04:34.009] [modloading-worker-0/DEBUG] [net.minecraftforge.fml.javafmlmod.AutomaticEventSubscriber/LOADING]: Auto-subscribing net.fadedconquest2.procedures.MirrorealmfallProcedure to FORGE
[26Mar2025 23:04:34.009] [modloading-worker-0/DEBUG] [net.minecraftforge.fml.javafmlmod.AutomaticEventSubscriber/LOADING]: Auto-subscribing net.fadedconquest2.procedures.Lichattk2Procedure to FORGE
[26Mar2025 23:04:34.010] [modloading-worker-0/DEBUG] [net.minecraftforge.fml.javafmlmod.AutomaticEventSubscriber/LOADING]: Auto-subscribing net.fadedconquest2.procedures.LichattackProcedure to FORGE
[26Mar2025 23:04:34.011] [modloading-worker-0/DEBUG] [net.minecraftforge.fml.javafmlmod.AutomaticEventSubscriber/LOADING]: Auto-subscribing net.fadedconquest2.procedures.GodslayerobtainProcedure to FORGE
[26Mar2025 23:04:34.012] [modloading-worker-0/DEBUG] [net.minecraftforge.fml.javafmlmod.AutomaticEventSubscriber/LOADING]: Auto-subscribing net.fadedconquest2.procedures.FcattackProcedure to FORGE
[26Mar2025 23:04:34.013] [modloading-worker-0/DEBUG] [net.minecraftforge.fml.javafmlmod.AutomaticEventSubscriber/LOADING]: Auto-subscribing net.fadedconquest2.procedures.Fc2attackProcedure to FORGE
[26Mar2025 23:04:34.014] [modloading-worker-0/DEBUG] [net.minecraftforge.fml.javafmlmod.AutomaticEventSubscriber/LOADING]: Auto-subscribing net.fadedconquest2.procedures.FCtargetProcedure to FORGE
[26Mar2025 23:04:34.015] [modloading-worker-0/DEBUG] [net.minecraftforge.fml.javafmlmod.AutomaticEventSubscriber/LOADING]: Auto-subscribing net.fadedconquest2.procedures.CalamityvesselattkProcedure to FORGE
[26Mar2025 23:04:34.016] [modloading-worker-0/DEBUG] [net.minecraftforge.fml.javafmlmod.AutomaticEventSubscriber/LOADING]: Auto-subscribing net.fadedconquest2.procedures.BindattckProcedure to FORGE
[26Mar2025 23:04:34.017] [modloading-worker-0/DEBUG] [net.minecraftforge.fml.javafmlmod.AutomaticEventSubscriber/LOADING]: Auto-subscribing net.fadedconquest2.procedures.BeamdmgProcedure to FORGE
[26Mar2025 23:04:34.018] [modloading-worker-0/DEBUG] [net.minecraftforge.fml.javafmlmod.AutomaticEventSubscriber/LOADING]: Auto-subscribing net.fadedconquest2.procedures.AgattackProcedure to FORGE
[26Mar2025 23:04:34.019] [modloading-worker-0/DEBUG] [net.minecraftforge.fml.javafmlmod.AutomaticEventSubscriber/LOADING]: Auto-subscribing net.fadedconquest2.init.FadedConquest2ModTabs to MOD
[26Mar2025 23:04:34.019] [modloading-worker-0/DEBUG] [net.minecraftforge.fml.javafmlmod.AutomaticEventSubscriber/LOADING]: Auto-subscribing net.fadedconquest2.init.FadedConquest2ModEntities to MOD
[26Mar2025 23:04:34.019] [modloading-worker-0/DEBUG] [net.minecraftforge.fml.javafmlmod.AutomaticEventSubscriber/LOADING]: Auto-subscribing net.fadedconquest2.init.EntityAnimationFactory to FORGE
[26Mar2025 23:04:34.020] [modloading-worker-0/DEBUG] [net.minecraftforge.fml.javafmlmod.AutomaticEventSubscriber/LOADING]: Auto-subscribing net.fadedconquest2.block.listener.ClientListener to MOD
[26Mar2025 23:04:34.021] [modloading-worker-0/DEBUG] [net.minecraftforge.fml.javafmlmod.AutomaticEventSubscriber/LOADING]: Auto-subscribing net.fadedconquest2.FadedConquest2Mod$initer to MOD
[26Mar2025 23:04:34.047] [modloading-worker-0/DEBUG] [net.minecraftforge.fml.javafmlmod.AutomaticEventSubscriber/LOADING]: Attempting to inject @EventBusSubscriber classes into the eventbus for zombiekit
[26Mar2025 23:04:34.047] [modloading-worker-0/DEBUG] [net.minecraftforge.fml.javafmlmod.AutomaticEventSubscriber/LOADING]: Auto-subscribing com.scarasol.zombiekit.init.ZombieKitSounds to MOD
[26Mar2025 23:04:34.047] [modloading-worker-0/DEBUG] [net.minecraftforge.fml.javafmlmod.AutomaticEventSubscriber/LOADING]: Auto-subscribing com.scarasol.zombiekit.init.ZombieKitEntities to MOD
[26Mar2025 23:04:34.047] [modloading-worker-0/DEBUG] [net.minecraftforge.fml.javafmlmod.AutomaticEventSubscriber/LOADING]: Auto-subscribing com.scarasol.zombiekit.event.EventHandler to FORGE
[26Mar2025 23:04:34.053] [main/DEBUG] [net.minecraftforge.fml.DeferredWorkQueue/LOADING]: Dispatching synchronous work for work queue CONSTRUCT: 4 jobs
[26Mar2025 23:04:34.056] [main/DEBUG] [net.minecraftforge.fml.config.ConfigTracker/CONFIG]: Config file wegotrunnersconfigclient.toml for wegotrunnners tracking
[26Mar2025 23:04:34.057] [main/DEBUG] [net.minecraftforge.fml.config.ConfigTracker/CONFIG]: Config file wegotrunnersconfig.toml for wegotrunnners tracking
[26Mar2025 23:04:34.058] [main/DEBUG] [net.minecraftforge.fml.config.ConfigTracker/CONFIG]: Config file Apocalypse Now Config.toml for apocalypsenow tracking
[26Mar2025 23:04:34.058] [main/DEBUG] [net.minecraftforge.fml.DeferredWorkQueue/LOADING]: Synchronous work queue completed in 4.333 ms
[26Mar2025 23:04:34.176] [main/DEBUG] [net.minecraftforge.common.capabilities.CapabilityManager/CAPABILITIES]: Attempting to automatically register: Lnet/minecraftforge/energy/IEnergyStorage;
[26Mar2025 23:04:34.176] [main/DEBUG] [net.minecraftforge.common.capabilities.CapabilityManager/CAPABILITIES]: Attempting to automatically register: Lnet/minecraftforge/fluids/capability/IFluidHandler;
[26Mar2025 23:04:34.176] [main/DEBUG] [net.minecraftforge.common.capabilities.CapabilityManager/CAPABILITIES]: Attempting to automatically register: Lnet/minecraftforge/fluids/capability/IFluidHandlerItem;
[26Mar2025 23:04:34.176] [main/DEBUG] [net.minecraftforge.common.capabilities.CapabilityManager/CAPABILITIES]: Attempting to automatically register: Lnet/minecraftforge/items/IItemHandler;
[26Mar2025 23:04:50.363] [main/DEBUG] [mixin/]: Mixing TargetingConditionsMixin from sona.mixins.json into net.minecraft.world.entity.ai.targeting.TargetingConditions
[26Mar2025 23:04:50.421] [main/DEBUG] [software.bernie.geckolib.GeckoLib/]: Registered SyncedAnimatable for class com.bobmowzie.mowziesmobs.server.item.ItemEarthrendGauntlet
[26Mar2025 23:04:50.421] [main/DEBUG] [software.bernie.geckolib.GeckoLib/]: Registered SyncedAnimatable for class com.bobmowzie.mowziesmobs.server.item.ItemSculptorStaff
[26Mar2025 23:04:50.797] [main/DEBUG] [software.bernie.geckolib.GeckoLib/]: Registered SyncedAnimatable for class com.vicmatskiv.pointblank.item.AttachmentItem
[26Mar2025 23:04:50.820] [main/DEBUG] [software.bernie.geckolib.GeckoLib/]: Registered SyncedAnimatable for class com.vicmatskiv.pointblank.item.GunItem
[26Mar2025 23:04:50.848] [main/DEBUG] [software.bernie.geckolib.GeckoLib/]: Registered SyncedAnimatable for class com.scarasol.zombiekit.item.weapon.Flamethrower
[26Mar2025 23:04:51.955] [main/WARN] [net.minecraft.network.syncher.SynchedEntityData/]: defineId called for: class net.mcreator.borninchaosv.entity.BabySpiderEntity from class net.mcreator.borninchaosv.entity.MotherSpiderEntity
[26Mar2025 23:04:51.959] [main/DEBUG] [mixin/]: Mixing SpawnRestrictionAccessor from graveyard-common.mixins.json into net.minecraft.world.entity.SpawnPlacements
[26Mar2025 23:04:51.960] [main/DEBUG] [mixin/]: Renaming @Invoker method callRegister(Lnet/minecraft/world/entity/EntityType;Lnet/minecraft/world/entity/SpawnPlacements$Type;Lnet/minecraft/world/level/levelgen/Heightmap$Types;Lnet/minecraft/world/entity/SpawnPlacements$SpawnPredicate;)V to callRegister_$md$29ba66$0 in graveyard-common.mixins.json:SpawnRestrictionAccessor
[26Mar2025 23:04:51.995] [main/DEBUG] [net.minecraftforge.fml.config.ConfigTracker/CONFIG]: Loading configs type COMMON
[26Mar2025 23:04:51.997] [main/DEBUG] [net.minecraftforge.fml.config.ConfigFileTypeHandler/CONFIG]: Built TOML config for /workspaces/server/servidor_minecraft/config/extragore-common.toml
[26Mar2025 23:04:51.997] [main/DEBUG] [net.minecraftforge.fml.config.ConfigFileTypeHandler/CONFIG]: Loaded TOML config file /workspaces/server/servidor_minecraft/config/extragore-common.toml
[26Mar2025 23:04:52.002] [main/DEBUG] [net.minecraftforge.fml.config.ConfigFileTypeHandler/CONFIG]: Watching TOML config file /workspaces/server/servidor_minecraft/config/extragore-common.toml for changes
[26Mar2025 23:04:52.006] [Thread-1/DEBUG] [net.minecraftforge.fml.config.ConfigFileTypeHandler/CONFIG]: Config file extragore-common.toml changed, sending notifies
[26Mar2025 23:04:52.006] [main/DEBUG] [net.minecraftforge.fml.config.ConfigFileTypeHandler/CONFIG]: Built TOML config for /workspaces/server/servidor_minecraft/config/lrarmor-common.toml
[26Mar2025 23:04:52.007] [main/DEBUG] [net.minecraftforge.fml.config.ConfigFileTypeHandler/CONFIG]: Loaded TOML config file /workspaces/server/servidor_minecraft/config/lrarmor-common.toml
[26Mar2025 23:04:52.007] [main/DEBUG] [net.minecraftforge.fml.config.ConfigFileTypeHandler/CONFIG]: Watching TOML config file /workspaces/server/servidor_minecraft/config/lrarmor-common.toml for changes
[26Mar2025 23:04:52.007] [Thread-1/DEBUG] [net.minecraftforge.fml.config.ConfigFileTypeHandler/CONFIG]: Config file extragore-common.toml changed, sending notifies
[26Mar2025 23:04:52.010] [main/DEBUG] [fuzs.puzzleslib.impl.config.core.ForgeConfigFileTypeHandler/CONFIG]: Built TOML config for /workspaces/server/servidor_minecraft/config/mutantmonsters-common.toml
[26Mar2025 23:04:52.010] [main/DEBUG] [fuzs.puzzleslib.impl.config.core.ForgeConfigFileTypeHandler/CONFIG]: Loaded TOML config file /workspaces/server/servidor_minecraft/config/mutantmonsters-common.toml
[26Mar2025 23:04:52.011] [main/DEBUG] [fuzs.puzzleslib.impl.config.core.ForgeConfigFileTypeHandler/CONFIG]: Watching TOML config file /workspaces/server/servidor_minecraft/config/mutantmonsters-common.toml for changes
[26Mar2025 23:04:52.011] [main/INFO] [Puzzles Lib/]: Loading common config for mutantmonsters
[26Mar2025 23:04:52.012] [Thread-1/DEBUG] [fuzs.puzzleslib.impl.config.core.ForgeConfigFileTypeHandler/CONFIG]: Config file mutantmonsters-common.toml changed, sending notifies
[26Mar2025 23:04:52.012] [main/DEBUG] [net.minecraftforge.fml.config.ConfigFileTypeHandler/CONFIG]: Built TOML config for /workspaces/server/servidor_minecraft/config/mowziesmobs-common.toml
[26Mar2025 23:04:52.012] [Thread-1/INFO] [Puzzles Lib/]: Reloading common config for mutantmonsters
[26Mar2025 23:04:52.013] [Thread-1/DEBUG] [fuzs.puzzleslib.impl.config.core.ForgeConfigFileTypeHandler/CONFIG]: Config file mutantmonsters-common.toml changed, sending notifies
[26Mar2025 23:04:52.013] [Thread-1/INFO] [Puzzles Lib/]: Reloading common config for mutantmonsters
[26Mar2025 23:04:52.016] [main/DEBUG] [net.minecraftforge.fml.config.ConfigFileTypeHandler/CONFIG]: Loaded TOML config file /workspaces/server/servidor_minecraft/config/mowziesmobs-common.toml
[26Mar2025 23:04:52.017] [main/DEBUG] [net.minecraftforge.fml.config.ConfigFileTypeHandler/CONFIG]: Watching TOML config file /workspaces/server/servidor_minecraft/config/mowziesmobs-common.toml for changes
[26Mar2025 23:04:52.022] [Thread-1/DEBUG] [net.minecraftforge.fml.config.ConfigFileTypeHandler/CONFIG]: Config file mowziesmobs-common.toml changed, sending notifies
[26Mar2025 23:04:52.025] [main/DEBUG] [net.minecraftforge.fml.config.ConfigFileTypeHandler/CONFIG]: Built TOML config for /workspaces/server/servidor_minecraft/config/eeeabsmobs-common.toml
[26Mar2025 23:04:52.025] [Thread-1/DEBUG] [net.minecraftforge.fml.config.ConfigFileTypeHandler/CONFIG]: Config file mowziesmobs-common.toml changed, sending notifies
[26Mar2025 23:04:52.029] [main/DEBUG] [net.minecraftforge.fml.config.ConfigFileTypeHandler/CONFIG]: Loaded TOML config file /workspaces/server/servidor_minecraft/config/eeeabsmobs-common.toml
[26Mar2025 23:04:52.029] [main/DEBUG] [net.minecraftforge.fml.config.ConfigFileTypeHandler/CONFIG]: Watching TOML config file /workspaces/server/servidor_minecraft/config/eeeabsmobs-common.toml for changes
[26Mar2025 23:04:52.031] [Thread-1/DEBUG] [net.minecraftforge.fml.config.ConfigFileTypeHandler/CONFIG]: Config file eeeabsmobs-common.toml changed, sending notifies
[26Mar2025 23:04:52.032] [main/DEBUG] [net.minecraftforge.fml.config.ConfigFileTypeHandler/CONFIG]: Built TOML config for /workspaces/server/servidor_minecraft/config/tacz-common.toml
[26Mar2025 23:04:52.032] [main/DEBUG] [net.minecraftforge.fml.config.ConfigFileTypeHandler/CONFIG]: Loaded TOML config file /workspaces/server/servidor_minecraft/config/tacz-common.toml
[26Mar2025 23:04:52.032] [main/DEBUG] [net.minecraftforge.fml.config.ConfigFileTypeHandler/CONFIG]: Watching TOML config file /workspaces/server/servidor_minecraft/config/tacz-common.toml for changes
[26Mar2025 23:04:52.032] [Thread-1/DEBUG] [net.minecraftforge.fml.config.ConfigFileTypeHandler/CONFIG]: Config file eeeabsmobs-common.toml changed, sending notifies
[26Mar2025 23:04:52.033] [main/DEBUG] [net.minecraftforge.fml.config.ConfigFileTypeHandler/CONFIG]: Built TOML config for /workspaces/server/servidor_minecraft/config/cataclysm.toml
[26Mar2025 23:04:52.035] [Thread-1/DEBUG] [net.minecraftforge.fml.config.ConfigFileTypeHandler/CONFIG]: Config file eeeabsmobs-common.toml changed, sending notifies
[26Mar2025 23:04:52.035] [Thread-1/DEBUG] [net.minecraftforge.fml.config.ConfigFileTypeHandler/CONFIG]: Config file tacz-common.toml changed, sending notifies
[26Mar2025 23:04:52.037] [main/DEBUG] [net.minecraftforge.fml.config.ConfigFileTypeHandler/CONFIG]: Loaded TOML config file /workspaces/server/servidor_minecraft/config/cataclysm.toml
[26Mar2025 23:04:52.037] [main/DEBUG] [net.minecraftforge.fml.config.ConfigFileTypeHandler/CONFIG]: Watching TOML config file /workspaces/server/servidor_minecraft/config/cataclysm.toml for changes
[26Mar2025 23:04:52.057] [Thread-1/DEBUG] [net.minecraftforge.fml.config.ConfigFileTypeHandler/CONFIG]: Config file cataclysm.toml changed, sending notifies
[26Mar2025 23:04:52.057] [main/DEBUG] [net.minecraftforge.fml.config.ConfigFileTypeHandler/CONFIG]: Built TOML config for /workspaces/server/servidor_minecraft/config/curios-common.toml
[26Mar2025 23:04:52.058] [main/DEBUG] [net.minecraftforge.fml.config.ConfigFileTypeHandler/CONFIG]: Loaded TOML config file /workspaces/server/servidor_minecraft/config/curios-common.toml
[26Mar2025 23:04:52.058] [main/DEBUG] [net.minecraftforge.fml.config.ConfigFileTypeHandler/CONFIG]: Watching TOML config file /workspaces/server/servidor_minecraft/config/curios-common.toml for changes
[26Mar2025 23:04:52.059] [main/DEBUG] [net.minecraftforge.fml.config.ConfigFileTypeHandler/CONFIG]: Built TOML config for /workspaces/server/servidor_minecraft/config/legendary_monsters-common.toml
[26Mar2025 23:04:52.059] [main/DEBUG] [net.minecraftforge.fml.config.ConfigFileTypeHandler/CONFIG]: Loaded TOML config file /workspaces/server/servidor_minecraft/config/legendary_monsters-common.toml
[26Mar2025 23:04:52.060] [main/DEBUG] [net.minecraftforge.fml.config.ConfigFileTypeHandler/CONFIG]: Watching TOML config file /workspaces/server/servidor_minecraft/config/legendary_monsters-common.toml for changes
[26Mar2025 23:04:52.062] [main/DEBUG] [net.minecraftforge.fml.config.ConfigFileTypeHandler/CONFIG]: Built TOML config for /workspaces/server/servidor_minecraft/config/lostcities/common.toml
[26Mar2025 23:04:52.062] [Thread-1/DEBUG] [net.minecraftforge.fml.config.ConfigFileTypeHandler/CONFIG]: Config file cataclysm.toml changed, sending notifies
[26Mar2025 23:04:52.062] [main/DEBUG] [net.minecraftforge.fml.config.ConfigFileTypeHandler/CONFIG]: Loaded TOML config file /workspaces/server/servidor_minecraft/config/lostcities/common.toml
[26Mar2025 23:04:52.063] [main/DEBUG] [net.minecraftforge.fml.config.ConfigFileTypeHandler/CONFIG]: Watching TOML config file /workspaces/server/servidor_minecraft/config/lostcities/common.toml for changes
[26Mar2025 23:04:52.064] [main/DEBUG] [net.minecraftforge.fml.config.ConfigFileTypeHandler/CONFIG]: Built TOML config for /workspaces/server/servidor_minecraft/config/pointblank-common.toml
[26Mar2025 23:04:52.064] [main/DEBUG] [net.minecraftforge.fml.config.ConfigFileTypeHandler/CONFIG]: Loaded TOML config file /workspaces/server/servidor_minecraft/config/pointblank-common.toml
[26Mar2025 23:04:52.064] [main/DEBUG] [net.minecraftforge.fml.config.ConfigFileTypeHandler/CONFIG]: Watching TOML config file /workspaces/server/servidor_minecraft/config/pointblank-common.toml for changes
[26Mar2025 23:04:52.064] [Thread-1/DEBUG] [net.minecraftforge.fml.config.ConfigFileTypeHandler/CONFIG]: Config file curios-common.toml changed, sending notifies
[26Mar2025 23:04:52.065] [Thread-1/DEBUG] [net.minecraftforge.fml.config.ConfigFileTypeHandler/CONFIG]: Config file lostcities/common.toml changed, sending notifies
[26Mar2025 23:04:52.065] [Thread-1/DEBUG] [net.minecraftforge.fml.config.ConfigFileTypeHandler/CONFIG]: Config file pointblank-common.toml changed, sending notifies
[26Mar2025 23:04:52.066] [main/DEBUG] [net.minecraftforge.fml.config.ConfigFileTypeHandler/CONFIG]: Built TOML config for /workspaces/server/servidor_minecraft/config/aiimprovements-common.toml
[26Mar2025 23:04:52.066] [Thread-1/DEBUG] [net.minecraftforge.fml.config.ConfigFileTypeHandler/CONFIG]: Config file pointblank-common.toml changed, sending notifies
[26Mar2025 23:04:52.066] [main/DEBUG] [net.minecraftforge.fml.config.ConfigFileTypeHandler/CONFIG]: Loaded TOML config file /workspaces/server/servidor_minecraft/config/aiimprovements-common.toml
[26Mar2025 23:04:52.066] [main/DEBUG] [net.minecraftforge.fml.config.ConfigFileTypeHandler/CONFIG]: Watching TOML config file /workspaces/server/servidor_minecraft/config/aiimprovements-common.toml for changes
[26Mar2025 23:04:52.068] [main/DEBUG] [net.minecraftforge.fml.config.ConfigFileTypeHandler/CONFIG]: Built TOML config for /workspaces/server/servidor_minecraft/config/sona-common.toml
[26Mar2025 23:04:52.068] [Thread-1/DEBUG] [net.minecraftforge.fml.config.ConfigFileTypeHandler/CONFIG]: Config file aiimprovements-common.toml changed, sending notifies
[26Mar2025 23:04:52.069] [main/DEBUG] [net.minecraftforge.fml.config.ConfigFileTypeHandler/CONFIG]: Loaded TOML config file /workspaces/server/servidor_minecraft/config/sona-common.toml
[26Mar2025 23:04:52.069] [main/DEBUG] [net.minecraftforge.fml.config.ConfigFileTypeHandler/CONFIG]: Watching TOML config file /workspaces/server/servidor_minecraft/config/sona-common.toml for changes
[26Mar2025 23:04:52.069] [Thread-1/DEBUG] [net.minecraftforge.fml.config.ConfigFileTypeHandler/CONFIG]: Config file aiimprovements-common.toml changed, sending notifies
[26Mar2025 23:04:52.071] [Thread-1/DEBUG] [net.minecraftforge.fml.config.ConfigFileTypeHandler/CONFIG]: Config file sona-common.toml changed, sending notifies
[26Mar2025 23:04:52.071] [main/DEBUG] [net.minecraftforge.fml.config.ConfigFileTypeHandler/CONFIG]: Built TOML config for /workspaces/server/servidor_minecraft/config/zombiekit-common.toml
[26Mar2025 23:04:52.072] [main/DEBUG] [net.minecraftforge.fml.config.ConfigFileTypeHandler/CONFIG]: Loaded TOML config file /workspaces/server/servidor_minecraft/config/zombiekit-common.toml
[26Mar2025 23:04:52.072] [main/DEBUG] [net.minecraftforge.fml.config.ConfigFileTypeHandler/CONFIG]: Watching TOML config file /workspaces/server/servidor_minecraft/config/zombiekit-common.toml for changes
[26Mar2025 23:04:52.073] [Thread-1/DEBUG] [net.minecraftforge.fml.config.ConfigFileTypeHandler/CONFIG]: Config file zombiekit-common.toml changed, sending notifies
[26Mar2025 23:04:52.074] [main/DEBUG] [net.minecraftforge.fml.config.ConfigFileTypeHandler/CONFIG]: Built TOML config for /workspaces/server/servidor_minecraft/config/wegotrunnersconfig.toml
[26Mar2025 23:04:52.074] [main/DEBUG] [net.minecraftforge.fml.config.ConfigFileTypeHandler/CONFIG]: Loaded TOML config file /workspaces/server/servidor_minecraft/config/wegotrunnersconfig.toml
[26Mar2025 23:04:52.074] [main/DEBUG] [net.minecraftforge.fml.config.ConfigFileTypeHandler/CONFIG]: Watching TOML config file /workspaces/server/servidor_minecraft/config/wegotrunnersconfig.toml for changes
[26Mar2025 23:04:52.075] [main/DEBUG] [net.minecraftforge.fml.config.ConfigFileTypeHandler/CONFIG]: Built TOML config for /workspaces/server/servidor_minecraft/config/Apocalypse Now Config.toml
[26Mar2025 23:04:52.075] [main/DEBUG] [net.minecraftforge.fml.config.ConfigFileTypeHandler/CONFIG]: Loaded TOML config file /workspaces/server/servidor_minecraft/config/Apocalypse Now Config.toml
[26Mar2025 23:04:52.075] [main/DEBUG] [net.minecraftforge.fml.config.ConfigFileTypeHandler/CONFIG]: Watching TOML config file /workspaces/server/servidor_minecraft/config/Apocalypse Now Config.toml for changes
[26Mar2025 23:04:52.076] [Thread-1/DEBUG] [net.minecraftforge.fml.config.ConfigFileTypeHandler/CONFIG]: Config file zombiekit-common.toml changed, sending notifies
[26Mar2025 23:04:52.076] [Thread-1/DEBUG] [net.minecraftforge.fml.config.ConfigFileTypeHandler/CONFIG]: Config file Apocalypse Now Config.toml changed, sending notifies
[26Mar2025 23:04:52.076] [Thread-1/DEBUG] [net.minecraftforge.fml.config.ConfigFileTypeHandler/CONFIG]: Config file Apocalypse Now Config.toml changed, sending notifies
[26Mar2025 23:04:52.128] [modloading-worker-0/DEBUG] [mixin/]: Mixing MixinSlotAttribute from curios.mixins.json into top.theillusivec4.curios.api.SlotAttribute
[26Mar2025 23:04:52.134] [modloading-worker-0/DEBUG] [mixin/]: Mixing MixinCuriosApi from curios.mixins.json into top.theillusivec4.curios.api.CuriosApi
[26Mar2025 23:04:52.158] [modloading-worker-0/INFO] [lostcities/]: Creating standard profiles into 'config/lostcities/profiles'
[26Mar2025 23:04:52.207] [modloading-worker-0/INFO] [lostcities/]: Reading existing profiles from 'config/lostcities/profiles'
[26Mar2025 23:04:52.231] [modloading-worker-0/DEBUG] [mixin/]: Mixing MixinNbtPredicate from curios.mixins.json into net.minecraft.advancements.critereon.NbtPredicate
[26Mar2025 23:04:52.254] [main/DEBUG] [net.minecraftforge.fml.DeferredWorkQueue/LOADING]: Dispatching synchronous work for work queue COMMON_SETUP: 40 jobs
[26Mar2025 23:04:52.349] [main/INFO] [tacz/SYNCED_ENTITY_DATA_TAC_COPY]: Registered synced data key tacz:shoot_cool_down for minecraft:living_entity
[26Mar2025 23:04:52.350] [main/INFO] [tacz/SYNCED_ENTITY_DATA_TAC_COPY]: Registered synced data key tacz:melee_cool_down for minecraft:living_entity
[26Mar2025 23:04:52.350] [main/INFO] [tacz/SYNCED_ENTITY_DATA_TAC_COPY]: Registered synced data key tacz:reload_state for minecraft:living_entity
[26Mar2025 23:04:52.350] [main/INFO] [tacz/SYNCED_ENTITY_DATA_TAC_COPY]: Registered synced data key tacz:aiming_progress for minecraft:living_entity
[26Mar2025 23:04:52.351] [main/INFO] [tacz/SYNCED_ENTITY_DATA_TAC_COPY]: Registered synced data key tacz:draw_cool_down for minecraft:living_entity
[26Mar2025 23:04:52.351] [main/INFO] [tacz/SYNCED_ENTITY_DATA_TAC_COPY]: Registered synced data key tacz:is_aiming for minecraft:living_entity
[26Mar2025 23:04:52.351] [main/INFO] [tacz/SYNCED_ENTITY_DATA_TAC_COPY]: Registered synced data key tacz:sprint_time for minecraft:living_entity
[26Mar2025 23:04:52.352] [main/INFO] [tacz/SYNCED_ENTITY_DATA_TAC_COPY]: Registered synced data key tacz:is_bolting for minecraft:living_entity
[26Mar2025 23:04:52.367] [main/INFO] [com.eeeab.eeeabsmobs.EEEABMobs/]: Starting to register Curios item...
[26Mar2025 23:04:52.416] [Forge Version Check/INFO] [net.minecraftforge.fml.VersionChecker/]: [mutantmonsters] Starting version check at https://raw.githubusercontent.com/Fuzss/modresources/main/update/mutantmonsters.json
[26Mar2025 23:04:52.419] [main/DEBUG] [net.minecraftforge.fml.DeferredWorkQueue/LOADING]: Synchronous work queue completed in 164.4 ms
[26Mar2025 23:04:52.437] [main/DEBUG] [net.minecraftforge.fml.DeferredWorkQueue/LOADING]: Dispatching synchronous work for work queue ENQUEUE_IMC: 5 jobs
[26Mar2025 23:04:52.441] [main/DEBUG] [net.minecraftforge.fml.DeferredWorkQueue/LOADING]: Synchronous work queue completed in 3.194 ms
[26Mar2025 23:04:52.479] [modloading-worker-0/INFO] [com.eeeab.eeeabsmobs.EEEABMobs/]: Registering custom criteria trigger...
[26Mar2025 23:04:52.675] [Forge Version Check/DEBUG] [net.minecraftforge.fml.VersionChecker/]: [mutantmonsters] Received version check data:
{
    "homepage": "https://github.com/Fuzss/mutantmonsters",
    "promos": {
        "1.19.2-latest": "4.0.6",
        "1.19.2-recommended": "4.0.6",
        "1.19.3-latest": "5.0.1",
        "1.19.3-recommended": "5.0.1",
        "1.19.4-latest": "6.0.2",
        "1.19.4-recommended": "6.0.2",
        "1.18.2-latest": "3.0.1",
        "1.18.2-recommended": "3.0.1",
        "1.20-latest": "7.0.0",
        "1.20-recommended": "7.0.0",
        "1.20.1-latest": "8.0.7",
        "1.20.1-recommended": "8.0.7",
        "1.20.4-latest": "20.4.1",
        "1.20.4-recommended": "20.4.1",
        "1.21.1-latest": "21.1.0",
        "1.21.1-recommended": "21.1.0",
        "1.21.3-latest": "21.3.1",
        "1.21.3-recommended": "21.3.1",
        "1.21.4-latest": "21.4.2",
        "1.21.4-recommended": "21.4.2"
    }
}
[26Mar2025 23:04:52.677] [Forge Version Check/INFO] [net.minecraftforge.fml.VersionChecker/]: [mutantmonsters] Found status: UP_TO_DATE Current: 8.0.7 Target: null
[26Mar2025 23:04:52.678] [Forge Version Check/INFO] [net.minecraftforge.fml.VersionChecker/]: [car] Starting version check at https://update.maxhenkel.de/forge/car
[26Mar2025 23:04:53.188] [Forge Version Check/DEBUG] [net.minecraftforge.fml.VersionChecker/]: [car] Received version check data:
{"1.20":{"1.20-1.0.4":"Updated to 1.20"},"1.18":{"1.18-1.0.1":"Re added JEI and The One Probe integration"},"1.19":{"1.19-1.0.11":"Fixed cars not spawning from the workshop"},"promos":{"1.18.1-latest":"1.18.1-1.0.2","1.15.1-latest":"1.15.1-2.0.18","1.14.4-recommended":"1.14.4-2.0.33","1.18.2-latest":"1.18.2-1.0.3","1.20-recommended":"1.20-1.0.4","1.19.3-recommended":"1.19.3-1.0.3","1.19.1-recommended":"1.19.1-1.0.0","1.12.2-latest":"1.12.2-2.0.1","1.19.4-recommended":"1.19.4-1.0.4","1.12.2-recommended":"1.2.12","1.19-latest":"1.19-1.0.11","1.17.1-recommended":"1.17.1-1.0.12","1.19.2-recommended":"1.19.2-1.0.4","1.16.1-recommended":"1.16.1-1.0.11","1.16.2-recommended":"1.16.2-1.0.4","1.18-latest":"1.18-1.0.1","1.10.2-latest":"1.0.17","1.16.5-recommended":"1.16.5-1.0.17","1.16.4-recommended":"1.16.4-1.0.5","1.20.1-recommended":"1.20.1-1.0.8","1.16.3-recommended":"1.16.3-1.0.4","1.15.2-latest":"1.15.2-2.0.13","1.20.2-recommended":"1.20.2-1.0.11","1.14.4-latest":"1.14.4-2.0.34","1.20-latest":"1.20-1.0.4","1.18.2-recommended":"1.18.2-1.0.3","1.17.1-latest":"1.17.1-1.0.12","1.18.1-recommended":"1.18.1-1.0.2","1.10.2-recommended":"1.0.17","1.20.1-latest":"1.20.1-1.0.34","1.16.3-latest":"1.16.3-1.0.4","1.20.2-latest":"1.20.2-1.0.11","1.16.4-latest":"1.16.4-1.1.4","1.11.2-recommended":"1.1.2","1.19.2-latest":"1.19.2-1.0.32","1.19.4-latest":"1.19.4-1.0.4","1.19.3-latest":"1.19.3-1.0.3","1.16.5-latest":"1.16.5-1.0.17","1.19-recommended":"1.19-1.0.11","1.16.2-latest":"1.16.2-1.0.4","1.16.1-latest":"1.16.1-1.0.11","1.18-recommended":"1.18-1.0.1","1.15.2-recommended":"1.15.2-2.0.13","1.19.1-latest":"1.19.1-1.0.0","1.15.1-recommended":"1.15.1-2.0.18","1.11.2-latest":"1.1.2"},"1.20.2":{"1.20.2-1.0.11":"Improved compatibility with other mods"},"1.20.1":{"1.20.1-1.0.34":"Added Japanese translation","1.20.1-1.0.8":""},"1.16.4":{"1.16.4-1.1.4":"Piglins now love golden license plates\nFixed guard rails next to block are seethrough\nFixed guard rails placed with commands invisible","1.16.4-1.0.5":"Made Canola, Canola Cake and Canola Seeds compostable"},"1.18.2":{"1.18.2-1.0.3":"Fixed potential crash"},"1.19.1":{"1.19.1-1.0.0":"Updated to 1.19.1"},"1.16.5":{"1.16.5-1.0.17":"Make battery chargeable with other mods"},"1.19.2":{"1.19.2-1.0.32":"Fixed cables not connecting properly\nFixed cables and fluid pipes not rotating properly with structure blocks","1.19.2-1.0.4":"Fixed OptiFine compatibility issues"},"1.19.3":{"1.19.3-1.0.3":"Updated Chinese Simplified translation"},"1.19.4":{"1.19.4-1.0.4":"Fixed OptiFine compatibility issues"},"1.15.1":{"1.15.1-2.0.18":"Fixed canola crop rendering"},"1.16.1":{"1.16.1-1.0.11":"Re-added HWYLA integration"},"1.15.2":{"1.15.2-2.0.13":"Fixed a crash with shatter"},"1.14.4":{"1.14.4-2.0.34":"Fixed tanks not rendering contained fluids in item form","1.14.4-2.0.33":"Fixed misaligned textures"},"1.16.2":{"1.16.2-1.0.4":"Fixed a crash when interacting with cars"},"1.17.1":{"1.17.1-1.0.12":"Fixed crash when running over entities"},"1.16.3":{"1.16.3-1.0.4":"Fixed license plate rendering"},"1.18.1":{"1.18.1-1.0.2":"Fixed crash when interacting with signs"},"1.10.2":{"1.0.17":"Bugfixes"},"1.11.2":{"1.1.2":"Bugfixes"},"1.12.2":{"1.2.12":"Fixed energy and fluid conversion issues","1.12.2-2.0.1":"Moved recipes to JSON\nAdded oredict to iron stick recipes"},"homepage":"https://www.curseforge.com/minecraft/mc-mods/ultimate-car-mod"}
[26Mar2025 23:04:53.189] [Forge Version Check/INFO] [net.minecraftforge.fml.VersionChecker/]: [car] Found status: AHEAD Current: 1.20.1-1.0.34 Target: null
[26Mar2025 23:04:53.190] [Forge Version Check/INFO] [net.minecraftforge.fml.VersionChecker/]: [securitycraft] Starting version check at https://www.github.com/Geforce132/SecurityCraft/raw/master/Updates/Forge.json
[26Mar2025 23:04:53.335] [Forge Version Check/DEBUG] [net.minecraftforge.fml.VersionChecker/]: [securitycraft] Received version check data:
{
    "homepage": "https://www.curseforge.com/minecraft/mc-mods/security-craft/",
    "promos": {
        "1.7.10-latest": "v1.8.13",
        "1.7.10-recommended": "v1.8.13",
        "1.8-latest": "v1.8.12.1",
        "1.8-recommended": "v1.8.12.1",
        "1.8.8-latest": "v1.8.12.1",
        "1.8.8-recommended": "v1.8.12.1",
        "1.8.9-latest": "v1.8.12.1",
        "1.8.9-recommended": "v1.8.12.1",
        "1.9.4-latest": "v1.8.12",
        "1.9.4-recommended": "v1.8.12",
        "1.10.2-latest": "v1.8.12",
        "1.10.2-recommended": "v1.8.12",
        "1.11.2-latest": "v1.8.12.1",
        "1.11.2-recommended": "v1.8.12.1",
        "1.12-latest": "v1.8.8.1",
        "1.12-recommended": "v1.8.8.1",
        "1.12.1-latest": "v1.8.8.1",
        "1.12.1-recommended": "v1.8.8.1",
        "1.13.2-latest": "v1.8.13",
        "1.13.2-recommended": "v1.8.13",
        "1.14.3-latest": "v1.8.12-beta2",
        "1.14.3-recommended": "v1.8.12-beta2",
        "1.14.4-latest": "v1.8.22.2",
        "1.14.4-recommended": "v1.8.22.2",
        "1.15.1-latest": "v1.8.15-beta2",
        "1.15.1-recommended": "v1.8.15-beta2",
        "1.15.2-latest": "v1.9.1",
        "1.15.2-recommended": "v1.9.1",
        "1.16.1-latest": "v1.8.19.3",
        "1.16.1-recommended": "v1.8.19.3",
        "1.16.2-latest": "v1.8.19.3",
        "1.16.2-recommended": "v1.8.19.3",
        "1.16.3-latest": "v1.8.21.1",
        "1.16.3-recommended": "v1.8.21.1",
        "1.16.4-latest": "v1.8.21.1",
        "1.16.4-recommended": "v1.8.21.1",
        "1.17.1-latest": "1.9.5",
        "1.17.1-recommended": "1.9.5",
        "1.18.1-latest": "1.9.0.2-beta1",
        "1.18.1-recommended": "1.9.0.2-beta1",
        "1.19-latest": "1.9.3.1",
        "1.19-recommended": "1.9.3.1",
        "1.19.1-latest": "1.9.3.1",
        "1.19.1-recommended": "1.9.3.1",
        "1.19.2-latest": "1.9.6.1",
        "1.19.2-recommended": "1.9.6.1",
        "1.19.3-latest": "1.9.8",
        "1.19.3-recommended": "1.9.8",
        "1.20-latest": "1.9.7-beta2",
        "1.20-recommended": "1.9.7-beta2",
        "1.20.2-latest": "1.9.9",
        "1.20.2-recommended": "1.9.9",
        "1.21-latest": "1.9.10-beta7",
        "1.21-recommended": "1.9.10-beta7",
        "1.21.2-latest": "1.9.11-beta2",
        "1.21.2-recommended": "1.9.11-beta2",

        "1.12.2-latest": "v1.9.12",
        "1.12.2-recommended": "v1.9.12",
        "1.16.5-latest": "v1.9.12.1",
        "1.16.5-recommended": "v1.9.12.1",
        "1.18.2-latest": "1.9.12",
        "1.18.2-recommended": "1.9.12",
        "1.19.4-latest": "1.9.12",
        "1.19.4-recommended": "1.9.12",
        "1.20.1-latest": "1.9.12",
        "1.20.1-recommended": "1.9.12",
        "1.20.4-latest": "1.9.12",
        "1.20.4-recommended": "1.9.12",
        "1.20.6-latest": "1.9.12",
        "1.20.6-recommended": "1.9.12",
        "1.21.1-latest": "1.9.12",
        "1.21.1-recommended": "1.9.12",
        "1.21.3-latest": "1.9.12",
        "1.21.3-recommended": "1.9.12",
        "1.21.4-latest": "1.9.12-beta4",
        "1.21.4-recommended": "1.9.12-beta4"
    },
    "1.7.10": {
        "v1.8.13": "https://github.com/Geforce132/SecurityCraft/blob/1.7.10/Changelog%20v1.8.x.md"
    },
    "1.8": {
        "v1.8.12": "https://github.com/Geforce132/SecurityCraft/blob/1.8/Changelog%20v1.8.x.md"
    },
    "1.8.8": {
        "v1.8.12.1": "https://github.com/Geforce132/SecurityCraft/blob/1.8.9/Changelog%20v1.8.x.md"
    },
    "1.8.9": {
        "v1.8.12.1": "https://github.com/Geforce132/SecurityCraft/blob/1.8.9/Changelog%20v1.8.x.md"
    },
    "1.9.4": {
        "v1.8.12": "https://github.com/Geforce132/SecurityCraft/blob/1.9.4/Changelog%20v1.8.x.md"
    },
    "1.10.2": {
        "v1.8.12": "https://github.com/Geforce132/SecurityCraft/blob/1.10.2/Changelog%20v1.8.x.md"
    },
    "1.11.2": {
        "v1.8.12.1": "https://github.com/Geforce132/SecurityCraft/blob/1.11.2/Changelog%20v1.8.x.md"
    },
    "1.12": {
        "v1.8.8.1": "https://github.com/Geforce132/SecurityCraft/blob/54061f84f188c33db291770e550c4c84a927194c/Changelog%20v1.8.x.md"
    },
    "1.12.1": {
        "v1.8.8.1": "https://github.com/Geforce132/SecurityCraft/blob/54061f84f188c33db291770e550c4c84a927194c/Changelog%20v1.8.x.md"
    },
    "1.13.2": {
        "v1.8.13": "https://github.com/Geforce132/SecurityCraft/blob/1.13.2/Changelog%20v1.8.x.md"
    },
    "1.14.3": {
        "v1.8.12-beta2": "https://github.com/Geforce132/SecurityCraft/blob/b20ce0945abdccb8f2b6abaea5d26c28d0a3b916/Changelog%20v1.8.x.md"
    },
    "1.14.4": {
        "v1.8.22.2": "https://github.com/Geforce132/SecurityCraft/blob/1.14.4/Changelog%20v1.8.x.md"
    },
    "1.15.1": {
        "v1.8.15-beta2": "https://github.com/Geforce132/SecurityCraft/blob/04f414232af5250193ed610da93696a830584cc9/Changelog%20v1.8.x.md"
    },
    "1.15.2": {
        "v1.9.1": "https://github.com/Geforce132/SecurityCraft/blob/1.15.x/Changelog.md"
    },
    "1.16.1": {
        "v1.8.19.3": "https://github.com/Geforce132/SecurityCraft/blob/1.16.1/Changelog%20v1.8.x.md"
    },
    "1.16.2": {
        "v1.8.19.3": "https://github.com/Geforce132/SecurityCraft/blob/1.16.1/Changelog%20v1.8.x.md"
    },
    "1.16.3": {
        "v1.8.21.1": "https://github.com/Geforce132/SecurityCraft/blob/44460188b9bf30b94f122ba362092cba5e76e0d2/Changelog%20v1.8.x.md"
    },
    "1.16.4": {
        "v1.8.21.1": "https://github.com/Geforce132/SecurityCraft/blob/44460188b9bf30b94f122ba362092cba5e76e0d2/Changelog%20v1.8.x.md"
    },
    "1.17.1": {
        "1.9.5": "https://github.com/Geforce132/SecurityCraft/blob/1.17.1/Changelog.md"
    },
    "1.18.1": {
        "1.9.0.2-beta1": "https://github.com/Geforce132/SecurityCraft/blob/1.18.1/Changelog.md"
    },
    "1.19": {
        "1.9.3.1": "https://github.com/Geforce132/SecurityCraft/blob/1.19/Changelog.md"
    },
    "1.19.1": {
        "1.9.3.1": "https://github.com/Geforce132/SecurityCraft/blob/c60edcc5881fc8ca4394bfeae3254ab0d693ab5e/Changelog.md"
    },
    "1.19.2": {
        "1.9.6.1": "https://github.com/Geforce132/SecurityCraft/blob/1.19.1/Changelog.md"
    },
    "1.19.3": {
        "1.9.8": "https://github.com/Geforce132/SecurityCraft/blob/1.19.3/Changelog.md"
    },
    "1.20": {
        "1.9.7-beta2": "https://github.com/Geforce132/SecurityCraft/blob/1.20/Changelog.md"
    },
    "1.20.2": {
        "1.9.9": "https://github.com/Geforce132/SecurityCraft/blob/1.20.2/Changelog.md"
    },
    "1.21": {
        "1.9.10-beta7": "https://github.com/Geforce132/SecurityCraft/blob/a74d63ec9796e54c5bd8d22c18a320146560a753/Changelog.md"
    },
    "1.21.2": {
        "1.9.11-beta2": "https://github.com/Geforce132/SecurityCraft/blob/63c87ccbc661cecac0e75d54b81b571a3d17a29e/Changelog.md"
    },

    "1.12.2": {
        "v1.9.12": "https://github.com/Geforce132/SecurityCraft/blob/1.12.2/Changelog.md"
    },
    "1.16.5": {
        "v1.9.12.1": "https://github.com/Geforce132/SecurityCraft/blob/1.16.2/Changelog.md"
    },
    "1.18.2": {
        "1.9.12": "https://github.com/Geforce132/SecurityCraft/blob/1.18.2/Changelog.md"
    },
    "1.19.4": {
        "1.9.12": "https://github.com/Geforce132/SecurityCraft/blob/1.19.4/Changelog.md"
    },
    "1.20.1": {
        "1.9.12": "https://github.com/Geforce132/SecurityCraft/blob/1.20/Changelog.md"
    },
    "1.20.4": {
        "1.9.12": "https://github.com/Geforce132/SecurityCraft/blob/1.20.4/Changelog.md"
    },
    "1.20.6": {
        "1.9.12": "https://github.com/Geforce132/SecurityCraft/blob/1.20.6/Changelog.md"
    },
    "1.21.1": {
        "1.9.12": "https://github.com/Geforce132/SecurityCraft/blob/1.21/Changelog.md"
    },
    "1.21.3": {
        "1.9.12": "https://github.com/Geforce132/SecurityCraft/blob/1.21.3/Changelog.md"
    },
    "1.21.4": {
        "1.9.12-beta4": "https://github.com/Geforce132/SecurityCraft/blob/1.21.4/Changelog.md"
    }
}
[26Mar2025 23:04:53.336] [Forge Version Check/INFO] [net.minecraftforge.fml.VersionChecker/]: [securitycraft] Found status: UP_TO_DATE Current: 1.9.12 Target: null
[26Mar2025 23:04:53.336] [Forge Version Check/INFO] [net.minecraftforge.fml.VersionChecker/]: [puzzleslib] Starting version check at https://raw.githubusercontent.com/Fuzss/modresources/main/update/puzzleslib.json
[26Mar2025 23:04:53.348] [Forge Version Check/DEBUG] [net.minecraftforge.fml.VersionChecker/]: [puzzleslib] Received version check data:
{
    "homepage": "https://www.curseforge.com/minecraft/mc-mods/puzzles-lib",
    "promos": {
        "1.16.2-latest": "1.0.15",
        "1.16.2-recommended": "1.0.15",
        "1.16.3-latest": "1.0.15",
        "1.16.3-recommended": "1.0.15",
        "1.16.4-latest": "1.0.15",
        "1.16.4-recommended": "1.0.15",
        "1.16.5-latest": "1.0.15",
        "1.16.5-recommended": "1.0.15",
        "1.17.1-latest": "2.0.2",
        "1.17.1-recommended": "2.0.2",
        "1.18-latest": "3.2.1",
        "1.18-recommended": "3.2.1",
        "1.18.1-latest": "3.2.1",
        "1.18.1-recommended": "3.2.1",
        "1.18.2-latest": "3.5.10",
        "1.18.2-recommended": "3.5.10",
        "1.19-latest": "4.0.18",
        "1.19-recommended": "4.0.18",
        "1.19.1-latest": "4.2.4",
        "1.19.1-recommended": "4.2.4",
        "1.19.2-latest": "4.4.3",
        "1.19.2-recommended": "4.4.3",
        "1.19.3-latest": "5.0.33",
        "1.19.3-recommended": "5.0.33",
        "1.19.4-latest": "6.0.11",
        "1.19.4-recommended": "6.0.11",
        "1.20-latest": "7.0.9",
        "1.20-recommended": "7.0.9",
        "1.20.1-latest": "8.1.29",
        "1.20.1-recommended": "8.1.29",
        "1.20.4-latest": "20.4.52",
        "1.20.4-recommended": "20.4.52",
        "1.21-latest": "21.0.28",
        "1.21-recommended": "21.0.28",
        "1.21.1-latest": "21.1.33",
        "1.21.1-recommended": "21.1.33",
        "1.21.3-latest": "21.3.21",
        "1.21.3-recommended": "21.3.21",
        "1.21.4-latest": "21.4.12",
        "1.21.4-recommended": "21.4.12"
    }
}
[26Mar2025 23:04:53.349] [Forge Version Check/INFO] [net.minecraftforge.fml.VersionChecker/]: [puzzleslib] Found status: OUTDATED Current: 8.1.25 Target: 8.1.29
[26Mar2025 23:04:53.349] [Forge Version Check/INFO] [net.minecraftforge.fml.VersionChecker/]: [puzzlesaccessapi] Starting version check at https://raw.githubusercontent.com/Fuzss/modresources/main/update/puzzlesaccessapi.json
[26Mar2025 23:04:53.392] [Forge Version Check/DEBUG] [net.minecraftforge.fml.VersionChecker/]: [puzzlesaccessapi] Received version check data:
{
    "homepage": "https://github.com/Fuzss/puzzlesaccessapi",
    "promos": {}
}
[26Mar2025 23:04:53.393] [Forge Version Check/INFO] [net.minecraftforge.fml.VersionChecker/]: [puzzlesaccessapi] Found status: BETA Current: 8.0.7 Target: null
[26Mar2025 23:04:53.393] [Forge Version Check/INFO] [net.minecraftforge.fml.VersionChecker/]: [forge] Starting version check at https://files.minecraftforge.net/net/minecraftforge/forge/promotions_slim.json
[26Mar2025 23:04:53.566] [Forge Version Check/DEBUG] [net.minecraftforge.fml.VersionChecker/]: [forge] Received version check data:
{
  "homepage": "https://files.minecraftforge.net/net/minecraftforge/forge/",
  "promos": {
    "1.1-latest": "1.3.4.29",
    "1.2.3-latest": "1.4.1.64",
    "1.2.4-latest": "2.0.0.68",
    "1.2.5-latest": "3.4.9.171",
    "1.3.2-latest": "4.3.5.318",
    "1.4.0-latest": "5.0.0.326",
    "1.4.1-latest": "6.0.0.329",
    "1.4.2-latest": "6.0.1.355",
    "1.4.3-latest": "6.2.1.358",
    "1.4.4-latest": "6.3.0.378",
    "1.4.5-latest": "6.4.2.448",
    "1.4.6-latest": "6.5.0.489",
    "1.4.7-latest": "6.6.2.534",
    "1.5-latest": "7.7.0.598",
    "1.5.1-latest": "7.7.2.682",
    "1.5.2-latest": "7.8.1.738",
    "1.5.2-recommended": "7.8.1.738",
    "1.6.1-latest": "8.9.0.775",
    "1.6.2-latest": "9.10.1.871",
    "1.6.2-recommended": "9.10.1.871",
    "1.6.3-latest": "9.11.0.878",
    "1.6.4-latest": "9.11.1.1345",
    "1.6.4-recommended": "9.11.1.1345",
    "1.7.2-latest": "10.12.2.1161",
    "1.7.2-recommended": "10.12.2.1161",
    "1.7.10_pre4-latest": "10.12.2.1149",
    "1.7.10-latest": "10.13.4.1614",
    "1.7.10-recommended": "10.13.4.1614",
    "1.8-latest": "11.14.4.1577",
    "1.8-recommended": "11.14.4.1563",
    "1.8.8-latest": "11.15.0.1655",
    "1.8.9-latest": "11.15.1.2318",
    "1.8.9-recommended": "11.15.1.2318",
    "1.9-latest": "12.16.1.1938",
    "1.9-recommended": "12.16.1.1887",
    "1.9.4-latest": "12.17.0.2317",
    "1.9.4-recommended": "12.17.0.2317",
    "1.10-latest": "12.18.0.2000",
    "1.10.2-latest": "12.18.3.2511",
    "1.10.2-recommended": "12.18.3.2511",
    "1.11-latest": "13.19.1.2199",
    "1.11-recommended": "13.19.1.2189",
    "1.11.2-latest": "13.20.1.2588",
    "1.11.2-recommended": "13.20.1.2588",
    "1.12-latest": "14.21.1.2443",
    "1.12-recommended": "14.21.1.2387",
    "1.12.1-latest": "14.22.1.2485",
    "1.12.1-recommended": "14.22.1.2478",
    "1.12.2-latest": "14.23.5.2860",
    "1.12.2-recommended": "14.23.5.2859",
    "1.13.2-latest": "25.0.223",
    "1.14.2-latest": "26.0.63",
    "1.14.3-latest": "27.0.60",
    "1.14.4-latest": "28.2.26",
    "1.14.4-recommended": "28.2.26",
    "1.15-latest": "29.0.4",
    "1.15.1-latest": "30.0.51",
    "1.15.2-latest": "31.2.57",
    "1.15.2-recommended": "31.2.57",
    "1.16.1-latest": "32.0.108",
    "1.16.2-latest": "33.0.61",
    "1.16.3-latest": "34.1.42",
    "1.16.3-recommended": "34.1.0",
    "1.16.4-latest": "35.1.37",
    "1.16.4-recommended": "35.1.4",
    "1.16.5-latest": "36.2.42",
    "1.16.5-recommended": "36.2.34",
    "1.17.1-latest": "37.1.1",
    "1.17.1-recommended": "37.1.1",
    "1.18-latest": "38.0.17",
    "1.18.1-latest": "39.1.2",
    "1.18.1-recommended": "39.1.0",
    "1.18.2-recommended": "40.3.0",
    "1.18.2-latest": "40.3.9",
    "1.19-latest": "41.1.0",
    "1.19-recommended": "41.1.0",
    "1.19.1-latest": "42.0.9",
    "1.19.2-recommended": "43.5.0",
    "1.19.2-latest": "43.5.0",
    "1.19.3-latest": "44.1.23",
    "1.19.3-recommended": "44.1.0",
    "1.19.4-recommended": "45.4.0",
    "1.19.4-latest": "45.4.0",
    "1.20-latest": "46.0.14",
    "1.20.1-recommended": "47.4.0",
    "1.20.1-latest": "47.4.0",
    "1.20.2-latest": "48.1.0",
    "1.20.2-recommended": "48.1.0",
    "1.20.3-latest": "49.0.2",
    "1.20.4-latest": "49.2.0",
    "1.20.4-recommended": "49.2.0",
    "1.20.6-latest": "50.2.0",
    "1.20.6-recommended": "50.2.0",
    "1.21-latest": "51.0.33",
    "1.21.1-latest": "52.1.0",
    "1.21.1-recommended": "52.1.0",
    "1.21.3-latest": "53.1.0",
    "1.21.3-recommended": "53.1.0",
    "1.21.4-latest": "54.1.3",
    "1.21.4-recommended": "54.1.0"
  }
}
[26Mar2025 23:04:53.567] [Forge Version Check/INFO] [net.minecraftforge.fml.VersionChecker/]: [forge] Found status: OUTDATED Current: 47.3.7 Target: 47.4.0
[26Mar2025 23:05:00.148] [main/INFO] [com.mojang.authlib.yggdrasil.YggdrasilAuthenticationService/]: Environment: authHost='https://authserver.mojang.com', accountsHost='https://api.mojang.com', sessionHost='https://sessionserver.mojang.com', servicesHost='https://api.minecraftservices.com', name='PROD'
[26Mar2025 23:05:05.486] [main/WARN] [net.minecraft.server.packs.VanillaPackResourcesBuilder/]: Assets URL 'union:/workspaces/server/servidor_minecraft/libraries/net/minecraft/server/1.20.1-20230612.114412/server-1.20.1-20230612.114412-srg.jar%23187!/assets/.mcassetsroot' uses unexpected schema
[26Mar2025 23:05:05.486] [main/WARN] [net.minecraft.server.packs.VanillaPackResourcesBuilder/]: Assets URL 'union:/workspaces/server/servidor_minecraft/libraries/net/minecraft/server/1.20.1-20230612.114412/server-1.20.1-20230612.114412-srg.jar%23187!/data/.mcassetsroot' uses unexpected schema
[26Mar2025 23:05:05.607] [main/DEBUG] [net.minecraftforge.fml.config.ConfigTracker/CONFIG]: Config file tacz-pre.toml for minecraft tracking
[26Mar2025 23:05:05.607] [main/DEBUG] [net.minecraftforge.fml.config.ConfigFileTypeHandler/CONFIG]: Built TOML config for /workspaces/server/servidor_minecraft/tacz/tacz-pre.toml
[26Mar2025 23:05:05.607] [main/DEBUG] [net.minecraftforge.fml.config.ConfigFileTypeHandler/CONFIG]: Loaded TOML config file /workspaces/server/servidor_minecraft/tacz/tacz-pre.toml
[26Mar2025 23:05:05.608] [main/DEBUG] [net.minecraftforge.fml.config.ConfigFileTypeHandler/CONFIG]: Watching TOML config file /workspaces/server/servidor_minecraft/tacz/tacz-pre.toml for changes
[26Mar2025 23:05:05.608] [Thread-1/DEBUG] [net.minecraftforge.fml.config.ConfigFileTypeHandler/CONFIG]: Config file tacz-pre.toml changed, sending notifies
[26Mar2025 23:05:05.608] [Thread-1/DEBUG] [net.minecraftforge.fml.config.ConfigFileTypeHandler/CONFIG]: Config file tacz-pre.toml changed, sending notifies
[26Mar2025 23:05:09.731] [main/DEBUG] [net.minecraftforge.server.ServerLifecycleHooks/CORE]: Generating PackInfo named mod:zombie_extreme for mod file /workspaces/server/servidor_minecraft/mods/Zombie Island 1.20.1 0.1.3.4.jar
[26Mar2025 23:05:09.731] [main/DEBUG] [net.minecraftforge.server.ServerLifecycleHooks/CORE]: Generating PackInfo named mod:mowziesmobs for mod file /workspaces/server/servidor_minecraft/mods/mowziesmobs-1.7.1.jar
[26Mar2025 23:05:09.731] [main/DEBUG] [net.minecraftforge.server.ServerLifecycleHooks/CORE]: Generating PackInfo named mod:extragore for mod file /workspaces/server/servidor_minecraft/mods/extragore-1.20.1-5.2.3.1.jar
[26Mar2025 23:05:09.731] [main/DEBUG] [net.minecraftforge.server.ServerLifecycleHooks/CORE]: Generating PackInfo named mod:mutantmonsters for mod file /workspaces/server/servidor_minecraft/mods/MutantMonsters-v8.0.7-1.20.1-Forge.jar
[26Mar2025 23:05:09.732] [main/DEBUG] [net.minecraftforge.server.ServerLifecycleHooks/CORE]: Generating PackInfo named mod:geckolib for mod file /workspaces/server/servidor_minecraft/mods/geckolib-forge-1.20.1-4.7.jar
[26Mar2025 23:05:09.732] [main/DEBUG] [net.minecraftforge.server.ServerLifecycleHooks/CORE]: Generating PackInfo named mod:lrarmor for mod file /workspaces/server/servidor_minecraft/mods/lrarmor-1.20.1-0.1.4.3.jar
[26Mar2025 23:05:09.732] [main/DEBUG] [net.minecraftforge.server.ServerLifecycleHooks/CORE]: Generating PackInfo named mod:zombie_island for mod file /workspaces/server/servidor_minecraft/mods/Zombie Island 1.20.1 0.1.3.3.jar
[26Mar2025 23:05:09.732] [main/DEBUG] [net.minecraftforge.server.ServerLifecycleHooks/CORE]: Generating PackInfo named mod:jei for mod file /workspaces/server/servidor_minecraft/mods/jei-1.20.1-forge-15.20.0.106.jar
[26Mar2025 23:05:09.732] [main/DEBUG] [net.minecraftforge.server.ServerLifecycleHooks/CORE]: Generating PackInfo named mod:eeeabsmobs for mod file /workspaces/server/servidor_minecraft/mods/eeeabsmobs-1.20.1-0.97-Fix.jar
[26Mar2025 23:05:09.733] [main/DEBUG] [net.minecraftforge.server.ServerLifecycleHooks/CORE]: Generating PackInfo named mod:apocalypsenow for mod file /workspaces/server/servidor_minecraft/mods/apocalypsenow-3.0.4-forge-1.20.1.jar
[26Mar2025 23:05:09.733] [main/DEBUG] [net.minecraftforge.server.ServerLifecycleHooks/CORE]: Generating PackInfo named mod:graveyard for mod file /workspaces/server/servidor_minecraft/mods/The_Graveyard_3.1_(FORGE)_for_1.20.1.jar
[26Mar2025 23:05:09.733] [main/DEBUG] [net.minecraftforge.server.ServerLifecycleHooks/CORE]: Generating PackInfo named mod:tacz for mod file /workspaces/server/servidor_minecraft/mods/tacz-1.20.1-1.1.4-hotfix-all.jar
[26Mar2025 23:05:09.733] [main/DEBUG] [net.minecraftforge.server.ServerLifecycleHooks/CORE]: Generating PackInfo named mod:born_in_chaos_v1 for mod file /workspaces/server/servidor_minecraft/mods/born_in_chaos_[Forge]1.20.1_1.6.3.jar
[26Mar2025 23:05:09.734] [main/DEBUG] [net.minecraftforge.server.ServerLifecycleHooks/CORE]: Generating PackInfo named mod:lionfishapi for mod file /workspaces/server/servidor_minecraft/mods/lionfishapi-2.4-Fix.jar
[26Mar2025 23:05:09.734] [main/DEBUG] [net.minecraftforge.server.ServerLifecycleHooks/CORE]: Generating PackInfo named mod:extinction for mod file /workspaces/server/servidor_minecraft/mods/Extinction Z 1.20.1 1.1.2.jar
[26Mar2025 23:05:09.734] [main/DEBUG] [net.minecraftforge.server.ServerLifecycleHooks/CORE]: Generating PackInfo named mod:car for mod file /workspaces/server/servidor_minecraft/mods/car-forge-1.20.1-1.0.34.jar
[26Mar2025 23:05:09.734] [main/DEBUG] [net.minecraftforge.server.ServerLifecycleHooks/CORE]: Generating PackInfo named mod:cataclysm for mod file /workspaces/server/servidor_minecraft/mods/L_Enders_Cataclysm-2.62.jar
[26Mar2025 23:05:09.734] [main/DEBUG] [net.minecraftforge.server.ServerLifecycleHooks/CORE]: Generating PackInfo named mod:curios for mod file /workspaces/server/servidor_minecraft/mods/curios-forge-5.12.1+1.20.1.jar
[26Mar2025 23:05:09.734] [main/DEBUG] [net.minecraftforge.server.ServerLifecycleHooks/CORE]: Generating PackInfo named mod:zombiesmore for mod file /workspaces/server/servidor_minecraft/mods/zombiesmore-2.1.5-forge-1.20.1.jar
[26Mar2025 23:05:09.735] [main/DEBUG] [net.minecraftforge.server.ServerLifecycleHooks/CORE]: Generating PackInfo named mod:underground_bunkers for mod file /workspaces/server/servidor_minecraft/mods/UndergroundBunkers-1.0.5-1.20.x-forge.jar
[26Mar2025 23:05:09.735] [main/DEBUG] [net.minecraftforge.server.ServerLifecycleHooks/CORE]: Generating PackInfo named mod:securitycraft for mod file /workspaces/server/servidor_minecraft/mods/[1.20.1] SecurityCraft v1.9.12.jar
[26Mar2025 23:05:09.735] [main/DEBUG] [net.minecraftforge.server.ServerLifecycleHooks/CORE]: Generating PackInfo named mod:legendary_monsters for mod file /workspaces/server/servidor_minecraft/mods/legendarymonsters-1.8.1 MC 1.20.1.jar
[26Mar2025 23:05:09.735] [main/DEBUG] [net.minecraftforge.server.ServerLifecycleHooks/CORE]: Generating PackInfo named mod:horror_element_mod for mod file /workspaces/server/servidor_minecraft/mods/horror_element_mod-1.6.1-forge-1.20.1.jar
[26Mar2025 23:05:09.735] [main/DEBUG] [net.minecraftforge.server.ServerLifecycleHooks/CORE]: Generating PackInfo named mod:lostcities for mod file /workspaces/server/servidor_minecraft/mods/lostcities-1.20-7.3.6.jar
[26Mar2025 23:05:09.736] [main/DEBUG] [net.minecraftforge.server.ServerLifecycleHooks/CORE]: Generating PackInfo named mod:mixinextras for mod file 
[26Mar2025 23:05:09.736] [main/DEBUG] [net.minecraftforge.server.ServerLifecycleHooks/CORE]: Generating PackInfo named mod:pointblank for mod file /workspaces/server/servidor_minecraft/mods/pointblank-forge-1.20.1-1.9.6.jar
[26Mar2025 23:05:09.736] [main/DEBUG] [net.minecraftforge.server.ServerLifecycleHooks/CORE]: Generating PackInfo named mod:wegotrunnners for mod file /workspaces/server/servidor_minecraft/mods/wegotrunnners-0.7.1.1.20.1[SPANISH TRANSLATION UPDATE].jar
[26Mar2025 23:05:09.736] [main/DEBUG] [net.minecraftforge.server.ServerLifecycleHooks/CORE]: Generating PackInfo named mod:automobility for mod file /workspaces/server/servidor_minecraft/mods/automobility-0.4.2+1.20.1-forge.jar
[26Mar2025 23:05:09.736] [main/DEBUG] [net.minecraftforge.server.ServerLifecycleHooks/CORE]: Generating PackInfo named mod:aiimprovements for mod file /workspaces/server/servidor_minecraft/mods/AI-Improvements-1.20-0.5.2.jar
[26Mar2025 23:05:09.737] [main/DEBUG] [net.minecraftforge.server.ServerLifecycleHooks/CORE]: Generating PackInfo named mod:terralith for mod file /workspaces/server/servidor_minecraft/mods/Terralith_1.20.x_v2.5.4.jar
[26Mar2025 23:05:09.737] [main/DEBUG] [net.minecraftforge.server.ServerLifecycleHooks/CORE]: Generating PackInfo named mod:puzzleslib for mod file /workspaces/server/servidor_minecraft/mods/PuzzlesLib-v8.1.25-1.20.1-Forge.jar
[26Mar2025 23:05:09.737] [main/DEBUG] [net.minecraftforge.server.ServerLifecycleHooks/CORE]: Generating PackInfo named mod:faded_conquest_2 for mod file /workspaces/server/servidor_minecraft/mods/faded_conquest_2-1.3.0-forge-1.20.1.jar
[26Mar2025 23:05:09.737] [main/DEBUG] [net.minecraftforge.server.ServerLifecycleHooks/CORE]: Generating PackInfo named mod:puzzlesaccessapi for mod file 
[26Mar2025 23:05:09.737] [main/DEBUG] [net.minecraftforge.server.ServerLifecycleHooks/CORE]: Generating PackInfo named mod:forge for mod file /workspaces/server/servidor_minecraft/libraries/net/minecraftforge/forge/1.20.1-47.3.7/forge-1.20.1-47.3.7-universal.jar
[26Mar2025 23:05:09.737] [main/DEBUG] [net.minecraftforge.server.ServerLifecycleHooks/CORE]: Generating PackInfo named mod:horde_hoard for mod file /workspaces/server/servidor_minecraft/mods/eh1.3.1-1.20.1.jar
[26Mar2025 23:05:09.738] [main/DEBUG] [net.minecraftforge.server.ServerLifecycleHooks/CORE]: Generating PackInfo named mod:explosiveenhancement for mod file /workspaces/server/servidor_minecraft/mods/explosiveenhancement-1.1.0-1.20.1-client-and-server.jar
[26Mar2025 23:05:09.738] [main/DEBUG] [net.minecraftforge.server.ServerLifecycleHooks/CORE]: Generating PackInfo named mod:sona for mod file /workspaces/server/servidor_minecraft/mods/sona-1.20.1-forge-1.2.1.jar
[26Mar2025 23:05:09.738] [main/DEBUG] [net.minecraftforge.server.ServerLifecycleHooks/CORE]: Generating PackInfo named mod:zombiekit for mod file /workspaces/server/servidor_minecraft/mods/Zombie Survival Kit-1.20.1-forge-2.1.1.jar
[26Mar2025 23:05:09.738] [main/DEBUG] [net.minecraftforge.server.ServerLifecycleHooks/CORE]: Generating PackInfo named mod:tectonic for mod file /workspaces/server/servidor_minecraft/mods/tectonic-forge-1.20.1-2.4.1.jar
[26Mar2025 23:05:12.125] [main/DEBUG] [mixin/]: Mixing LootDataManagerForgeMixin from puzzleslib.forge.mixins.json into net.minecraft.world.level.storage.loot.LootDataManager
[26Mar2025 23:05:12.139] [main/DEBUG] [mixin/]: Mixing accessor.LootTableForgeAccessor from puzzleslib.forge.mixins.json into net.minecraft.world.level.storage.loot.LootTable
[26Mar2025 23:05:12.139] [main/DEBUG] [mixin/]: Mixing LootTableMixin from sona.mixins.json into net.minecraft.world.level.storage.loot.LootTable
[26Mar2025 23:05:12.243] [main/DEBUG] [mixin/]: Mixing MsgCommandMixin from sona.mixins.json into net.minecraft.server.commands.MsgCommand
[26Mar2025 23:05:12.243] [main/DEBUG] [mixin/]: Renaming synthetic method lambda$onSendMessage$1(Lnet/minecraft/server/level/ServerPlayer;Lnet/minecraft/server/level/ServerPlayer;)Z to md29ba66$lambda$onSendMessage$1$0 in sona.mixins.json:MsgCommandMixin
[26Mar2025 23:05:12.243] [main/DEBUG] [mixin/]: Renaming synthetic method lambda$onSendMessage$0(Lnet/minecraft/server/level/ServerPlayer;ILnet/minecraft/server/level/ServerPlayer;)Z to md29ba66$lambda$onSendMessage$0$1 in sona.mixins.json:MsgCommandMixin
[26Mar2025 23:05:12.270] [main/DEBUG] [net.minecraftforge.coremod.transformer.CoreModBaseTransformer/COREMOD]: Transforming net/minecraft/server/commands/SummonCommand
[26Mar2025 23:05:12.532] [Worker-Main-2/ERROR] [net.minecraft.tags.TagLoader/]: Couldn't load tag legendary_monsters:ancient_stronghold_biomes as it is missing following references: minecraft:spruce_forest (from legendarymonsters-1.8.1 MC 1.20.1.jar)
[26Mar2025 23:05:12.570] [Worker-Main-3/ERROR] [net.minecraft.tags.TagLoader/]: Couldn't load tag apocalypsenow:armor/cloth as it is missing following references: apocalypsenow:nurse_helmet (from apocalypsenow-3.0.4-forge-1.20.1.jar)
[26Mar2025 23:05:12.602] [Worker-Main-3/DEBUG] [net.minecraftforge.coremod.transformer.CoreModBaseTransformer/COREMOD]: Transforming net/minecraft/world/entity/raid/Raid
[26Mar2025 23:05:13.016] [Worker-Main-2/ERROR] [net.minecraftforge.common.ForgeHooks/]: Couldn't parse element loot_tables:minecraft:chests/villagetaigahouse
com.google.gson.JsonSyntaxException: Expected name to be an item, was unknown string 'apocalypsenow:officer_chestplate'
	at net.minecraft.util.GsonHelper.m_13866_(GsonHelper.java:145) ~[server-1.20.1-20230612.114412-srg.jar%23187!/:?]
	at java.util.Optional.orElseThrow(Optional.java:403) ~[?:?]
	at net.minecraft.util.GsonHelper.m_13874_(GsonHelper.java:145) ~[server-1.20.1-20230612.114412-srg.jar%23187!/:?]
	at net.minecraft.util.GsonHelper.m_13909_(GsonHelper.java:153) ~[server-1.20.1-20230612.114412-srg.jar%23187!/:?]
	at net.minecraft.world.level.storage.loot.entries.LootItem$Serializer.m_7267_(LootItem.java:55) ~[server-1.20.1-20230612.114412-srg.jar%23187!/:?]
	at net.minecraft.world.level.storage.loot.entries.LootItem$Serializer.m_7267_(LootItem.java:40) ~[server-1.20.1-20230612.114412-srg.jar%23187!/:?]
	at net.minecraft.world.level.storage.loot.entries.LootPoolSingletonContainer$Serializer.m_5921_(LootPoolSingletonContainer.java:151) ~[server-1.20.1-20230612.114412-srg.jar%23187!/:?]
	at net.minecraft.world.level.storage.loot.entries.LootPoolSingletonContainer$Serializer.m_5921_(LootPoolSingletonContainer.java:129) ~[server-1.20.1-20230612.114412-srg.jar%23187!/:?]
	at net.minecraft.world.level.storage.loot.entries.LootPoolEntryContainer$Serializer.m_7561_(LootPoolEntryContainer.java:86) ~[server-1.20.1-20230612.114412-srg.jar%23187!/:?]
	at net.minecraft.world.level.storage.loot.entries.LootPoolEntryContainer$Serializer.m_7561_(LootPoolEntryContainer.java:74) ~[server-1.20.1-20230612.114412-srg.jar%23187!/:?]
	at net.minecraft.world.level.storage.loot.GsonAdapterFactory$JsonAdapter.deserialize(GsonAdapterFactory.java:102) ~[server-1.20.1-20230612.114412-srg.jar%23187!/:?]
	at com.google.gson.internal.bind.TreeTypeAdapter.read(TreeTypeAdapter.java:76) ~[gson-2.10.jar%2372!/:?]
	at com.google.gson.internal.bind.TypeAdapterRuntimeTypeWrapper.read(TypeAdapterRuntimeTypeWrapper.java:40) ~[gson-2.10.jar%2372!/:?]
	at com.google.gson.internal.bind.ArrayTypeAdapter.read(ArrayTypeAdapter.java:72) ~[gson-2.10.jar%2372!/:?]
	at com.google.gson.Gson.fromJson(Gson.java:1214) ~[gson-2.10.jar%2372!/:?]
	at com.google.gson.Gson.fromJson(Gson.java:1319) ~[gson-2.10.jar%2372!/:?]
	at com.google.gson.Gson.fromJson(Gson.java:1290) ~[gson-2.10.jar%2372!/:?]
	at com.google.gson.internal.bind.TreeTypeAdapter$GsonContextImpl.deserialize(TreeTypeAdapter.java:179) ~[gson-2.10.jar%2372!/:?]
	at net.minecraft.util.GsonHelper.m_13808_(GsonHelper.java:463) ~[server-1.20.1-20230612.114412-srg.jar%23187!/:?]
	at net.minecraft.util.GsonHelper.m_13836_(GsonHelper.java:471) ~[server-1.20.1-20230612.114412-srg.jar%23187!/:?]
	at net.minecraft.world.level.storage.loot.LootPool$Serializer.deserialize(LootPool.java:192) ~[server-1.20.1-20230612.114412-srg.jar%23187!/:?]
	at net.minecraft.world.level.storage.loot.LootPool$Serializer.deserialize(LootPool.java:189) ~[server-1.20.1-20230612.114412-srg.jar%23187!/:?]
	at com.google.gson.internal.bind.TreeTypeAdapter.read(TreeTypeAdapter.java:76) ~[gson-2.10.jar%2372!/:?]
	at com.google.gson.internal.bind.TypeAdapterRuntimeTypeWrapper.read(TypeAdapterRuntimeTypeWrapper.java:40) ~[gson-2.10.jar%2372!/:?]
	at com.google.gson.internal.bind.ArrayTypeAdapter.read(ArrayTypeAdapter.java:72) ~[gson-2.10.jar%2372!/:?]
	at com.google.gson.Gson.fromJson(Gson.java:1214) ~[gson-2.10.jar%2372!/:?]
	at com.google.gson.Gson.fromJson(Gson.java:1319) ~[gson-2.10.jar%2372!/:?]
	at com.google.gson.Gson.fromJson(Gson.java:1290) ~[gson-2.10.jar%2372!/:?]
	at com.google.gson.internal.bind.TreeTypeAdapter$GsonContextImpl.deserialize(TreeTypeAdapter.java:179) ~[gson-2.10.jar%2372!/:?]
	at net.minecraft.util.GsonHelper.m_13808_(GsonHelper.java:463) ~[server-1.20.1-20230612.114412-srg.jar%23187!/:?]
	at net.minecraft.util.GsonHelper.m_13845_(GsonHelper.java:481) ~[server-1.20.1-20230612.114412-srg.jar%23187!/:?]
	at net.minecraft.world.level.storage.loot.LootTable$Serializer.deserialize(LootTable.java:294) ~[server-1.20.1-20230612.114412-srg.jar%23187!/:?]
	at net.minecraft.world.level.storage.loot.LootTable$Serializer.deserialize(LootTable.java:291) ~[server-1.20.1-20230612.114412-srg.jar%23187!/:?]
	at com.google.gson.internal.bind.TreeTypeAdapter.read(TreeTypeAdapter.java:76) ~[gson-2.10.jar%2372!/:?]
	at com.google.gson.Gson.fromJson(Gson.java:1214) ~[gson-2.10.jar%2372!/:?]
	at com.google.gson.Gson.fromJson(Gson.java:1319) ~[gson-2.10.jar%2372!/:?]
	at com.google.gson.Gson.fromJson(Gson.java:1261) ~[gson-2.10.jar%2372!/:?]
	at net.minecraftforge.common.ForgeHooks.loadLootTable(ForgeHooks.java:871) ~[forge-1.20.1-47.3.7-universal.jar%23192!/:?]
	at net.minecraftforge.common.ForgeHooks.lambda$getLootTableDeserializer$3(ForgeHooks.java:848) ~[forge-1.20.1-47.3.7-universal.jar%23192!/:?]
	at net.minecraft.world.level.storage.loot.LootDataType.deserialize(LootDataType.java:45) ~[server-1.20.1-20230612.114412-srg.jar%23187!/:?]
	at net.minecraft.world.level.storage.loot.LootDataManager.lambda$scheduleElementParse$4(LootDataManager.java:56) ~[server-1.20.1-20230612.114412-srg.jar%23187!/:?]
	at java.util.HashMap.forEach(HashMap.java:1421) ~[?:?]
	at net.minecraft.world.level.storage.loot.LootDataManager.m_278660_(LootDataManager.java:55) ~[server-1.20.1-20230612.114412-srg.jar%23187!/:?]
	at java.util.concurrent.CompletableFuture$AsyncRun.run(CompletableFuture.java:1804) ~[?:?]
	at java.util.concurrent.CompletableFuture$AsyncRun.exec(CompletableFuture.java:1796) ~[?:?]
	at java.util.concurrent.ForkJoinTask.doExec(ForkJoinTask.java:373) ~[?:?]
	at java.util.concurrent.ForkJoinPool$WorkQueue.topLevelExec(ForkJoinPool.java:1182) ~[?:?]
	at java.util.concurrent.ForkJoinPool.scan(ForkJoinPool.java:1655) ~[?:?]
	at java.util.concurrent.ForkJoinPool.runWorker(ForkJoinPool.java:1622) ~[?:?]
	at java.util.concurrent.ForkJoinWorkerThread.run(ForkJoinWorkerThread.java:165) ~[?:?]
[26Mar2025 23:05:13.095] [Worker-Main-2/ERROR] [net.minecraftforge.common.ForgeHooks/]: Couldn't parse element loot_tables:zombiekit:grant_book_on_first_join
com.google.gson.JsonSyntaxException: Expected name to be an item, was unknown string 'patchouli:guide_book'
	at net.minecraft.util.GsonHelper.m_13866_(GsonHelper.java:145) ~[server-1.20.1-20230612.114412-srg.jar%23187!/:?]
	at java.util.Optional.orElseThrow(Optional.java:403) ~[?:?]
	at net.minecraft.util.GsonHelper.m_13874_(GsonHelper.java:145) ~[server-1.20.1-20230612.114412-srg.jar%23187!/:?]
	at net.minecraft.util.GsonHelper.m_13909_(GsonHelper.java:153) ~[server-1.20.1-20230612.114412-srg.jar%23187!/:?]
	at net.minecraft.world.level.storage.loot.entries.LootItem$Serializer.m_7267_(LootItem.java:55) ~[server-1.20.1-20230612.114412-srg.jar%23187!/:?]
	at net.minecraft.world.level.storage.loot.entries.LootItem$Serializer.m_7267_(LootItem.java:40) ~[server-1.20.1-20230612.114412-srg.jar%23187!/:?]
	at net.minecraft.world.level.storage.loot.entries.LootPoolSingletonContainer$Serializer.m_5921_(LootPoolSingletonContainer.java:151) ~[server-1.20.1-20230612.114412-srg.jar%23187!/:?]
	at net.minecraft.world.level.storage.loot.entries.LootPoolSingletonContainer$Serializer.m_5921_(LootPoolSingletonContainer.java:129) ~[server-1.20.1-20230612.114412-srg.jar%23187!/:?]
	at net.minecraft.world.level.storage.loot.entries.LootPoolEntryContainer$Serializer.m_7561_(LootPoolEntryContainer.java:86) ~[server-1.20.1-20230612.114412-srg.jar%23187!/:?]
	at net.minecraft.world.level.storage.loot.entries.LootPoolEntryContainer$Serializer.m_7561_(LootPoolEntryContainer.java:74) ~[server-1.20.1-20230612.114412-srg.jar%23187!/:?]
	at net.minecraft.world.level.storage.loot.GsonAdapterFactory$JsonAdapter.deserialize(GsonAdapterFactory.java:102) ~[server-1.20.1-20230612.114412-srg.jar%23187!/:?]
	at com.google.gson.internal.bind.TreeTypeAdapter.read(TreeTypeAdapter.java:76) ~[gson-2.10.jar%2372!/:?]
	at com.google.gson.internal.bind.TypeAdapterRuntimeTypeWrapper.read(TypeAdapterRuntimeTypeWrapper.java:40) ~[gson-2.10.jar%2372!/:?]
	at com.google.gson.internal.bind.ArrayTypeAdapter.read(ArrayTypeAdapter.java:72) ~[gson-2.10.jar%2372!/:?]
	at com.google.gson.Gson.fromJson(Gson.java:1214) ~[gson-2.10.jar%2372!/:?]
	at com.google.gson.Gson.fromJson(Gson.java:1319) ~[gson-2.10.jar%2372!/:?]
	at com.google.gson.Gson.fromJson(Gson.java:1290) ~[gson-2.10.jar%2372!/:?]
	at com.google.gson.internal.bind.TreeTypeAdapter$GsonContextImpl.deserialize(TreeTypeAdapter.java:179) ~[gson-2.10.jar%2372!/:?]
	at net.minecraft.util.GsonHelper.m_13808_(GsonHelper.java:463) ~[server-1.20.1-20230612.114412-srg.jar%23187!/:?]
	at net.minecraft.util.GsonHelper.m_13836_(GsonHelper.java:471) ~[server-1.20.1-20230612.114412-srg.jar%23187!/:?]
	at net.minecraft.world.level.storage.loot.LootPool$Serializer.deserialize(LootPool.java:192) ~[server-1.20.1-20230612.114412-srg.jar%23187!/:?]
	at net.minecraft.world.level.storage.loot.LootPool$Serializer.deserialize(LootPool.java:189) ~[server-1.20.1-20230612.114412-srg.jar%23187!/:?]
	at com.google.gson.internal.bind.TreeTypeAdapter.read(TreeTypeAdapter.java:76) ~[gson-2.10.jar%2372!/:?]
	at com.google.gson.internal.bind.TypeAdapterRuntimeTypeWrapper.read(TypeAdapterRuntimeTypeWrapper.java:40) ~[gson-2.10.jar%2372!/:?]
	at com.google.gson.internal.bind.ArrayTypeAdapter.read(ArrayTypeAdapter.java:72) ~[gson-2.10.jar%2372!/:?]
	at com.google.gson.Gson.fromJson(Gson.java:1214) ~[gson-2.10.jar%2372!/:?]
	at com.google.gson.Gson.fromJson(Gson.java:1319) ~[gson-2.10.jar%2372!/:?]
	at com.google.gson.Gson.fromJson(Gson.java:1290) ~[gson-2.10.jar%2372!/:?]
	at com.google.gson.internal.bind.TreeTypeAdapter$GsonContextImpl.deserialize(TreeTypeAdapter.java:179) ~[gson-2.10.jar%2372!/:?]
	at net.minecraft.util.GsonHelper.m_13808_(GsonHelper.java:463) ~[server-1.20.1-20230612.114412-srg.jar%23187!/:?]
	at net.minecraft.util.GsonHelper.m_13845_(GsonHelper.java:481) ~[server-1.20.1-20230612.114412-srg.jar%23187!/:?]
	at net.minecraft.world.level.storage.loot.LootTable$Serializer.deserialize(LootTable.java:294) ~[server-1.20.1-20230612.114412-srg.jar%23187!/:?]
	at net.minecraft.world.level.storage.loot.LootTable$Serializer.deserialize(LootTable.java:291) ~[server-1.20.1-20230612.114412-srg.jar%23187!/:?]
	at com.google.gson.internal.bind.TreeTypeAdapter.read(TreeTypeAdapter.java:76) ~[gson-2.10.jar%2372!/:?]
	at com.google.gson.Gson.fromJson(Gson.java:1214) ~[gson-2.10.jar%2372!/:?]
	at com.google.gson.Gson.fromJson(Gson.java:1319) ~[gson-2.10.jar%2372!/:?]
	at com.google.gson.Gson.fromJson(Gson.java:1261) ~[gson-2.10.jar%2372!/:?]
	at net.minecraftforge.common.ForgeHooks.loadLootTable(ForgeHooks.java:871) ~[forge-1.20.1-47.3.7-universal.jar%23192!/:?]
	at net.minecraftforge.common.ForgeHooks.lambda$getLootTableDeserializer$3(ForgeHooks.java:848) ~[forge-1.20.1-47.3.7-universal.jar%23192!/:?]
	at net.minecraft.world.level.storage.loot.LootDataType.deserialize(LootDataType.java:45) ~[server-1.20.1-20230612.114412-srg.jar%23187!/:?]
	at net.minecraft.world.level.storage.loot.LootDataManager.lambda$scheduleElementParse$4(LootDataManager.java:56) ~[server-1.20.1-20230612.114412-srg.jar%23187!/:?]
	at java.util.HashMap.forEach(HashMap.java:1421) ~[?:?]
	at net.minecraft.world.level.storage.loot.LootDataManager.m_278660_(LootDataManager.java:55) ~[server-1.20.1-20230612.114412-srg.jar%23187!/:?]
	at java.util.concurrent.CompletableFuture$AsyncRun.run(CompletableFuture.java:1804) ~[?:?]
	at java.util.concurrent.CompletableFuture$AsyncRun.exec(CompletableFuture.java:1796) ~[?:?]
	at java.util.concurrent.ForkJoinTask.doExec(ForkJoinTask.java:373) ~[?:?]
	at java.util.concurrent.ForkJoinPool$WorkQueue.topLevelExec(ForkJoinPool.java:1182) ~[?:?]
	at java.util.concurrent.ForkJoinPool.scan(ForkJoinPool.java:1655) ~[?:?]
	at java.util.concurrent.ForkJoinPool.runWorker(ForkJoinPool.java:1622) ~[?:?]
	at java.util.concurrent.ForkJoinWorkerThread.run(ForkJoinWorkerThread.java:165) ~[?:?]
[26Mar2025 23:05:13.329] [main/WARN] [net.minecraft.world.level.storage.loot.LootDataManager/]: Found loot table element validation problem in {loot_tables:minecraft:entities/bat}.pools[0].entries[0].functions[1]: Parameters [<parameter minecraft:tool>] are not provided in this context
[26Mar2025 23:05:13.365] [main/ERROR] [net.minecraft.world.item.crafting.RecipeManager/]: Parsing error loading recipe apocalypsenow:eletricalclub
com.google.gson.JsonSyntaxException: Invalid or unsupported recipe type 'minecraft:smithing'
	at net.minecraft.world.item.crafting.RecipeManager.m_220253_(RecipeManager.java:170) ~[server-1.20.1-20230612.114412-srg.jar%23187!/:?]
	at java.util.Optional.orElseThrow(Optional.java:403) ~[?:?]
	at net.minecraft.world.item.crafting.RecipeManager.fromJson(RecipeManager.java:169) ~[server-1.20.1-20230612.114412-srg.jar%23187!/:?]
	at net.minecraft.world.item.crafting.RecipeManager.m_5787_(RecipeManager.java:67) ~[server-1.20.1-20230612.114412-srg.jar%23187!/:?]
	at net.minecraft.world.item.crafting.RecipeManager.m_5787_(RecipeManager.java:34) ~[server-1.20.1-20230612.114412-srg.jar%23187!/:?]
	at net.minecraft.server.packs.resources.SimplePreparableReloadListener.m_10789_(SimplePreparableReloadListener.java:13) ~[server-1.20.1-20230612.114412-srg.jar%23187!/:?]
	at java.util.concurrent.CompletableFuture$UniAccept.tryFire(CompletableFuture.java:718) ~[?:?]
	at java.util.concurrent.CompletableFuture$Completion.run(CompletableFuture.java:482) ~[?:?]
	at net.minecraft.server.packs.resources.SimpleReloadInstance.m_143940_(SimpleReloadInstance.java:69) ~[server-1.20.1-20230612.114412-srg.jar%23187!/:?]
	at net.minecraft.Util.m_214652_(Util.java:783) ~[server-1.20.1-20230612.114412-srg.jar%23187!/:?]
	at net.minecraft.Util.m_214679_(Util.java:772) ~[server-1.20.1-20230612.114412-srg.jar%23187!/:?]
	at net.minecraft.server.Main.main(Main.java:166) ~[server-1.20.1-20230612.114412-srg.jar%23187!/:?]
	at jdk.internal.reflect.NativeMethodAccessorImpl.invoke0(Native Method) ~[?:?]
	at jdk.internal.reflect.NativeMethodAccessorImpl.invoke(NativeMethodAccessorImpl.java:77) ~[?:?]
	at jdk.internal.reflect.DelegatingMethodAccessorImpl.invoke(DelegatingMethodAccessorImpl.java:43) ~[?:?]
	at java.lang.reflect.Method.invoke(Method.java:569) ~[?:?]
	at net.minecraftforge.fml.loading.targets.CommonLaunchHandler.runTarget(CommonLaunchHandler.java:111) ~[fmlloader-1.20.1-47.3.7.jar%2369!/:?]
	at net.minecraftforge.fml.loading.targets.CommonLaunchHandler.serverService(CommonLaunchHandler.java:103) ~[fmlloader-1.20.1-47.3.7.jar%2369!/:?]
	at net.minecraftforge.fml.loading.targets.CommonServerLaunchHandler.lambda$makeService$0(CommonServerLaunchHandler.java:27) ~[fmlloader-1.20.1-47.3.7.jar%2369!/:?]
	at cpw.mods.modlauncher.LaunchServiceHandlerDecorator.launch(LaunchServiceHandlerDecorator.java:30) ~[modlauncher-10.0.9.jar%2355!/:?]
	at cpw.mods.modlauncher.LaunchServiceHandler.launch(LaunchServiceHandler.java:53) ~[modlauncher-10.0.9.jar%2355!/:?]
	at cpw.mods.modlauncher.LaunchServiceHandler.launch(LaunchServiceHandler.java:71) ~[modlauncher-10.0.9.jar%2355!/:?]
	at cpw.mods.modlauncher.Launcher.run(Launcher.java:108) ~[modlauncher-10.0.9.jar%2355!/:?]
	at cpw.mods.modlauncher.Launcher.main(Launcher.java:78) ~[modlauncher-10.0.9.jar%2355!/:?]
	at cpw.mods.modlauncher.BootstrapLaunchConsumer.accept(BootstrapLaunchConsumer.java:26) ~[modlauncher-10.0.9.jar%2355!/:?]
	at cpw.mods.modlauncher.BootstrapLaunchConsumer.accept(BootstrapLaunchConsumer.java:23) ~[modlauncher-10.0.9.jar%2355!/:?]
	at cpw.mods.bootstraplauncher.BootstrapLauncher.main(BootstrapLauncher.java:141) ~[bootstraplauncher-1.1.2.jar:?]
[26Mar2025 23:05:13.370] [main/ERROR] [net.minecraft.world.item.crafting.RecipeManager/]: Parsing error loading recipe apocalypsenow:firemodulecombataxe
com.google.gson.JsonSyntaxException: Invalid or unsupported recipe type 'minecraft:smithing'
	at net.minecraft.world.item.crafting.RecipeManager.m_220253_(RecipeManager.java:170) ~[server-1.20.1-20230612.114412-srg.jar%23187!/:?]
	at java.util.Optional.orElseThrow(Optional.java:403) ~[?:?]
	at net.minecraft.world.item.crafting.RecipeManager.fromJson(RecipeManager.java:169) ~[server-1.20.1-20230612.114412-srg.jar%23187!/:?]
	at net.minecraft.world.item.crafting.RecipeManager.m_5787_(RecipeManager.java:67) ~[server-1.20.1-20230612.114412-srg.jar%23187!/:?]
	at net.minecraft.world.item.crafting.RecipeManager.m_5787_(RecipeManager.java:34) ~[server-1.20.1-20230612.114412-srg.jar%23187!/:?]
	at net.minecraft.server.packs.resources.SimplePreparableReloadListener.m_10789_(SimplePreparableReloadListener.java:13) ~[server-1.20.1-20230612.114412-srg.jar%23187!/:?]
	at java.util.concurrent.CompletableFuture$UniAccept.tryFire(CompletableFuture.java:718) ~[?:?]
	at java.util.concurrent.CompletableFuture$Completion.run(CompletableFuture.java:482) ~[?:?]
	at net.minecraft.server.packs.resources.SimpleReloadInstance.m_143940_(SimpleReloadInstance.java:69) ~[server-1.20.1-20230612.114412-srg.jar%23187!/:?]
	at net.minecraft.Util.m_214652_(Util.java:783) ~[server-1.20.1-20230612.114412-srg.jar%23187!/:?]
	at net.minecraft.Util.m_214679_(Util.java:772) ~[server-1.20.1-20230612.114412-srg.jar%23187!/:?]
	at net.minecraft.server.Main.main(Main.java:166) ~[server-1.20.1-20230612.114412-srg.jar%23187!/:?]
	at jdk.internal.reflect.NativeMethodAccessorImpl.invoke0(Native Method) ~[?:?]
	at jdk.internal.reflect.NativeMethodAccessorImpl.invoke(NativeMethodAccessorImpl.java:77) ~[?:?]
	at jdk.internal.reflect.DelegatingMethodAccessorImpl.invoke(DelegatingMethodAccessorImpl.java:43) ~[?:?]
	at java.lang.reflect.Method.invoke(Method.java:569) ~[?:?]
	at net.minecraftforge.fml.loading.targets.CommonLaunchHandler.runTarget(CommonLaunchHandler.java:111) ~[fmlloader-1.20.1-47.3.7.jar%2369!/:?]
	at net.minecraftforge.fml.loading.targets.CommonLaunchHandler.serverService(CommonLaunchHandler.java:103) ~[fmlloader-1.20.1-47.3.7.jar%2369!/:?]
	at net.minecraftforge.fml.loading.targets.CommonServerLaunchHandler.lambda$makeService$0(CommonServerLaunchHandler.java:27) ~[fmlloader-1.20.1-47.3.7.jar%2369!/:?]
	at cpw.mods.modlauncher.LaunchServiceHandlerDecorator.launch(LaunchServiceHandlerDecorator.java:30) ~[modlauncher-10.0.9.jar%2355!/:?]
	at cpw.mods.modlauncher.LaunchServiceHandler.launch(LaunchServiceHandler.java:53) ~[modlauncher-10.0.9.jar%2355!/:?]
	at cpw.mods.modlauncher.LaunchServiceHandler.launch(LaunchServiceHandler.java:71) ~[modlauncher-10.0.9.jar%2355!/:?]
	at cpw.mods.modlauncher.Launcher.run(Launcher.java:108) ~[modlauncher-10.0.9.jar%2355!/:?]
	at cpw.mods.modlauncher.Launcher.main(Launcher.java:78) ~[modlauncher-10.0.9.jar%2355!/:?]
	at cpw.mods.modlauncher.BootstrapLaunchConsumer.accept(BootstrapLaunchConsumer.java:26) ~[modlauncher-10.0.9.jar%2355!/:?]
	at cpw.mods.modlauncher.BootstrapLaunchConsumer.accept(BootstrapLaunchConsumer.java:23) ~[modlauncher-10.0.9.jar%2355!/:?]
	at cpw.mods.bootstraplauncher.BootstrapLauncher.main(BootstrapLauncher.java:141) ~[bootstraplauncher-1.1.2.jar:?]
[26Mar2025 23:05:13.372] [main/ERROR] [net.minecraft.world.item.crafting.RecipeManager/]: Parsing error loading recipe apocalypsenow:combataxe
com.google.gson.JsonSyntaxException: Invalid or unsupported recipe type 'minecraft:smithing'
	at net.minecraft.world.item.crafting.RecipeManager.m_220253_(RecipeManager.java:170) ~[server-1.20.1-20230612.114412-srg.jar%23187!/:?]
	at java.util.Optional.orElseThrow(Optional.java:403) ~[?:?]
	at net.minecraft.world.item.crafting.RecipeManager.fromJson(RecipeManager.java:169) ~[server-1.20.1-20230612.114412-srg.jar%23187!/:?]
	at net.minecraft.world.item.crafting.RecipeManager.m_5787_(RecipeManager.java:67) ~[server-1.20.1-20230612.114412-srg.jar%23187!/:?]
	at net.minecraft.world.item.crafting.RecipeManager.m_5787_(RecipeManager.java:34) ~[server-1.20.1-20230612.114412-srg.jar%23187!/:?]
	at net.minecraft.server.packs.resources.SimplePreparableReloadListener.m_10789_(SimplePreparableReloadListener.java:13) ~[server-1.20.1-20230612.114412-srg.jar%23187!/:?]
	at java.util.concurrent.CompletableFuture$UniAccept.tryFire(CompletableFuture.java:718) ~[?:?]
	at java.util.concurrent.CompletableFuture$Completion.run(CompletableFuture.java:482) ~[?:?]
	at net.minecraft.server.packs.resources.SimpleReloadInstance.m_143940_(SimpleReloadInstance.java:69) ~[server-1.20.1-20230612.114412-srg.jar%23187!/:?]
	at net.minecraft.Util.m_214652_(Util.java:783) ~[server-1.20.1-20230612.114412-srg.jar%23187!/:?]
	at net.minecraft.Util.m_214679_(Util.java:772) ~[server-1.20.1-20230612.114412-srg.jar%23187!/:?]
	at net.minecraft.server.Main.main(Main.java:166) ~[server-1.20.1-20230612.114412-srg.jar%23187!/:?]
	at jdk.internal.reflect.NativeMethodAccessorImpl.invoke0(Native Method) ~[?:?]
	at jdk.internal.reflect.NativeMethodAccessorImpl.invoke(NativeMethodAccessorImpl.java:77) ~[?:?]
	at jdk.internal.reflect.DelegatingMethodAccessorImpl.invoke(DelegatingMethodAccessorImpl.java:43) ~[?:?]
	at java.lang.reflect.Method.invoke(Method.java:569) ~[?:?]
	at net.minecraftforge.fml.loading.targets.CommonLaunchHandler.runTarget(CommonLaunchHandler.java:111) ~[fmlloader-1.20.1-47.3.7.jar%2369!/:?]
	at net.minecraftforge.fml.loading.targets.CommonLaunchHandler.serverService(CommonLaunchHandler.java:103) ~[fmlloader-1.20.1-47.3.7.jar%2369!/:?]
	at net.minecraftforge.fml.loading.targets.CommonServerLaunchHandler.lambda$makeService$0(CommonServerLaunchHandler.java:27) ~[fmlloader-1.20.1-47.3.7.jar%2369!/:?]
	at cpw.mods.modlauncher.LaunchServiceHandlerDecorator.launch(LaunchServiceHandlerDecorator.java:30) ~[modlauncher-10.0.9.jar%2355!/:?]
	at cpw.mods.modlauncher.LaunchServiceHandler.launch(LaunchServiceHandler.java:53) ~[modlauncher-10.0.9.jar%2355!/:?]
	at cpw.mods.modlauncher.LaunchServiceHandler.launch(LaunchServiceHandler.java:71) ~[modlauncher-10.0.9.jar%2355!/:?]
	at cpw.mods.modlauncher.Launcher.run(Launcher.java:108) ~[modlauncher-10.0.9.jar%2355!/:?]
	at cpw.mods.modlauncher.Launcher.main(Launcher.java:78) ~[modlauncher-10.0.9.jar%2355!/:?]
	at cpw.mods.modlauncher.BootstrapLaunchConsumer.accept(BootstrapLaunchConsumer.java:26) ~[modlauncher-10.0.9.jar%2355!/:?]
	at cpw.mods.modlauncher.BootstrapLaunchConsumer.accept(BootstrapLaunchConsumer.java:23) ~[modlauncher-10.0.9.jar%2355!/:?]
	at cpw.mods.bootstraplauncher.BootstrapLauncher.main(BootstrapLauncher.java:141) ~[bootstraplauncher-1.1.2.jar:?]
[26Mar2025 23:05:13.385] [main/ERROR] [net.minecraft.world.item.crafting.RecipeManager/]: Parsing error loading recipe apocalypsenow:rockeyhelmetrecipe
com.google.gson.JsonSyntaxException: Unknown item 'apocalypsenow:officer_chestplate'
	at net.minecraftforge.common.crafting.CraftingHelper.getItem(CraftingHelper.java:160) ~[forge-1.20.1-47.3.7-universal.jar%23192!/:?]
	at net.minecraftforge.common.crafting.CraftingHelper.getItemStack(CraftingHelper.java:186) ~[forge-1.20.1-47.3.7-universal.jar%23192!/:?]
	at net.minecraft.world.item.crafting.ShapedRecipe.m_151274_(ShapedRecipe.java:286) ~[server-1.20.1-20230612.114412-srg.jar%23187!/:?]
	at net.minecraft.world.item.crafting.ShapedRecipe$Serializer.m_6729_(ShapedRecipe.java:311) ~[server-1.20.1-20230612.114412-srg.jar%23187!/:?]
	at net.minecraft.world.item.crafting.ShapedRecipe$Serializer.m_6729_(ShapedRecipe.java:301) ~[server-1.20.1-20230612.114412-srg.jar%23187!/:?]
	at net.minecraftforge.common.extensions.IForgeRecipeSerializer.fromJson(IForgeRecipeSerializer.java:23) ~[forge-1.20.1-47.3.7-universal.jar%23192!/:?]
	at net.minecraft.world.item.crafting.RecipeManager.fromJson(RecipeManager.java:171) ~[server-1.20.1-20230612.114412-srg.jar%23187!/:?]
	at net.minecraft.world.item.crafting.RecipeManager.m_5787_(RecipeManager.java:67) ~[server-1.20.1-20230612.114412-srg.jar%23187!/:?]
	at net.minecraft.world.item.crafting.RecipeManager.m_5787_(RecipeManager.java:34) ~[server-1.20.1-20230612.114412-srg.jar%23187!/:?]
	at net.minecraft.server.packs.resources.SimplePreparableReloadListener.m_10789_(SimplePreparableReloadListener.java:13) ~[server-1.20.1-20230612.114412-srg.jar%23187!/:?]
	at java.util.concurrent.CompletableFuture$UniAccept.tryFire(CompletableFuture.java:718) ~[?:?]
	at java.util.concurrent.CompletableFuture$Completion.run(CompletableFuture.java:482) ~[?:?]
	at net.minecraft.server.packs.resources.SimpleReloadInstance.m_143940_(SimpleReloadInstance.java:69) ~[server-1.20.1-20230612.114412-srg.jar%23187!/:?]
	at net.minecraft.Util.m_214652_(Util.java:783) ~[server-1.20.1-20230612.114412-srg.jar%23187!/:?]
	at net.minecraft.Util.m_214679_(Util.java:772) ~[server-1.20.1-20230612.114412-srg.jar%23187!/:?]
	at net.minecraft.server.Main.main(Main.java:166) ~[server-1.20.1-20230612.114412-srg.jar%23187!/:?]
	at jdk.internal.reflect.NativeMethodAccessorImpl.invoke0(Native Method) ~[?:?]
	at jdk.internal.reflect.NativeMethodAccessorImpl.invoke(NativeMethodAccessorImpl.java:77) ~[?:?]
	at jdk.internal.reflect.DelegatingMethodAccessorImpl.invoke(DelegatingMethodAccessorImpl.java:43) ~[?:?]
	at java.lang.reflect.Method.invoke(Method.java:569) ~[?:?]
	at net.minecraftforge.fml.loading.targets.CommonLaunchHandler.runTarget(CommonLaunchHandler.java:111) ~[fmlloader-1.20.1-47.3.7.jar%2369!/:?]
	at net.minecraftforge.fml.loading.targets.CommonLaunchHandler.serverService(CommonLaunchHandler.java:103) ~[fmlloader-1.20.1-47.3.7.jar%2369!/:?]
	at net.minecraftforge.fml.loading.targets.CommonServerLaunchHandler.lambda$makeService$0(CommonServerLaunchHandler.java:27) ~[fmlloader-1.20.1-47.3.7.jar%2369!/:?]
	at cpw.mods.modlauncher.LaunchServiceHandlerDecorator.launch(LaunchServiceHandlerDecorator.java:30) ~[modlauncher-10.0.9.jar%2355!/:?]
	at cpw.mods.modlauncher.LaunchServiceHandler.launch(LaunchServiceHandler.java:53) ~[modlauncher-10.0.9.jar%2355!/:?]
	at cpw.mods.modlauncher.LaunchServiceHandler.launch(LaunchServiceHandler.java:71) ~[modlauncher-10.0.9.jar%2355!/:?]
	at cpw.mods.modlauncher.Launcher.run(Launcher.java:108) ~[modlauncher-10.0.9.jar%2355!/:?]
	at cpw.mods.modlauncher.Launcher.main(Launcher.java:78) ~[modlauncher-10.0.9.jar%2355!/:?]
	at cpw.mods.modlauncher.BootstrapLaunchConsumer.accept(BootstrapLaunchConsumer.java:26) ~[modlauncher-10.0.9.jar%2355!/:?]
	at cpw.mods.modlauncher.BootstrapLaunchConsumer.accept(BootstrapLaunchConsumer.java:23) ~[modlauncher-10.0.9.jar%2355!/:?]
	at cpw.mods.bootstraplauncher.BootstrapLauncher.main(BootstrapLauncher.java:141) ~[bootstraplauncher-1.1.2.jar:?]
[26Mar2025 23:05:13.397] [main/ERROR] [net.minecraft.world.item.crafting.RecipeManager/]: Parsing error loading recipe apocalypsenow:eletricalkatana
com.google.gson.JsonSyntaxException: Invalid or unsupported recipe type 'minecraft:smithing'
	at net.minecraft.world.item.crafting.RecipeManager.m_220253_(RecipeManager.java:170) ~[server-1.20.1-20230612.114412-srg.jar%23187!/:?]
	at java.util.Optional.orElseThrow(Optional.java:403) ~[?:?]
	at net.minecraft.world.item.crafting.RecipeManager.fromJson(RecipeManager.java:169) ~[server-1.20.1-20230612.114412-srg.jar%23187!/:?]
	at net.minecraft.world.item.crafting.RecipeManager.m_5787_(RecipeManager.java:67) ~[server-1.20.1-20230612.114412-srg.jar%23187!/:?]
	at net.minecraft.world.item.crafting.RecipeManager.m_5787_(RecipeManager.java:34) ~[server-1.20.1-20230612.114412-srg.jar%23187!/:?]
	at net.minecraft.server.packs.resources.SimplePreparableReloadListener.m_10789_(SimplePreparableReloadListener.java:13) ~[server-1.20.1-20230612.114412-srg.jar%23187!/:?]
	at java.util.concurrent.CompletableFuture$UniAccept.tryFire(CompletableFuture.java:718) ~[?:?]
	at java.util.concurrent.CompletableFuture$Completion.run(CompletableFuture.java:482) ~[?:?]
	at net.minecraft.server.packs.resources.SimpleReloadInstance.m_143940_(SimpleReloadInstance.java:69) ~[server-1.20.1-20230612.114412-srg.jar%23187!/:?]
	at net.minecraft.Util.m_214652_(Util.java:783) ~[server-1.20.1-20230612.114412-srg.jar%23187!/:?]
	at net.minecraft.Util.m_214679_(Util.java:772) ~[server-1.20.1-20230612.114412-srg.jar%23187!/:?]
	at net.minecraft.server.Main.main(Main.java:166) ~[server-1.20.1-20230612.114412-srg.jar%23187!/:?]
	at jdk.internal.reflect.NativeMethodAccessorImpl.invoke0(Native Method) ~[?:?]
	at jdk.internal.reflect.NativeMethodAccessorImpl.invoke(NativeMethodAccessorImpl.java:77) ~[?:?]
	at jdk.internal.reflect.DelegatingMethodAccessorImpl.invoke(DelegatingMethodAccessorImpl.java:43) ~[?:?]
	at java.lang.reflect.Method.invoke(Method.java:569) ~[?:?]
	at net.minecraftforge.fml.loading.targets.CommonLaunchHandler.runTarget(CommonLaunchHandler.java:111) ~[fmlloader-1.20.1-47.3.7.jar%2369!/:?]
	at net.minecraftforge.fml.loading.targets.CommonLaunchHandler.serverService(CommonLaunchHandler.java:103) ~[fmlloader-1.20.1-47.3.7.jar%2369!/:?]
	at net.minecraftforge.fml.loading.targets.CommonServerLaunchHandler.lambda$makeService$0(CommonServerLaunchHandler.java:27) ~[fmlloader-1.20.1-47.3.7.jar%2369!/:?]
	at cpw.mods.modlauncher.LaunchServiceHandlerDecorator.launch(LaunchServiceHandlerDecorator.java:30) ~[modlauncher-10.0.9.jar%2355!/:?]
	at cpw.mods.modlauncher.LaunchServiceHandler.launch(LaunchServiceHandler.java:53) ~[modlauncher-10.0.9.jar%2355!/:?]
	at cpw.mods.modlauncher.LaunchServiceHandler.launch(LaunchServiceHandler.java:71) ~[modlauncher-10.0.9.jar%2355!/:?]
	at cpw.mods.modlauncher.Launcher.run(Launcher.java:108) ~[modlauncher-10.0.9.jar%2355!/:?]
	at cpw.mods.modlauncher.Launcher.main(Launcher.java:78) ~[modlauncher-10.0.9.jar%2355!/:?]
	at cpw.mods.modlauncher.BootstrapLaunchConsumer.accept(BootstrapLaunchConsumer.java:26) ~[modlauncher-10.0.9.jar%2355!/:?]
	at cpw.mods.modlauncher.BootstrapLaunchConsumer.accept(BootstrapLaunchConsumer.java:23) ~[modlauncher-10.0.9.jar%2355!/:?]
	at cpw.mods.bootstraplauncher.BootstrapLauncher.main(BootstrapLauncher.java:141) ~[bootstraplauncher-1.1.2.jar:?]
[26Mar2025 23:05:13.401] [main/ERROR] [net.minecraft.world.item.crafting.RecipeManager/]: Parsing error loading recipe apocalypsenow:firemodulemachete
com.google.gson.JsonSyntaxException: Invalid or unsupported recipe type 'minecraft:smithing'
	at net.minecraft.world.item.crafting.RecipeManager.m_220253_(RecipeManager.java:170) ~[server-1.20.1-20230612.114412-srg.jar%23187!/:?]
	at java.util.Optional.orElseThrow(Optional.java:403) ~[?:?]
	at net.minecraft.world.item.crafting.RecipeManager.fromJson(RecipeManager.java:169) ~[server-1.20.1-20230612.114412-srg.jar%23187!/:?]
	at net.minecraft.world.item.crafting.RecipeManager.m_5787_(RecipeManager.java:67) ~[server-1.20.1-20230612.114412-srg.jar%23187!/:?]
	at net.minecraft.world.item.crafting.RecipeManager.m_5787_(RecipeManager.java:34) ~[server-1.20.1-20230612.114412-srg.jar%23187!/:?]
	at net.minecraft.server.packs.resources.SimplePreparableReloadListener.m_10789_(SimplePreparableReloadListener.java:13) ~[server-1.20.1-20230612.114412-srg.jar%23187!/:?]
	at java.util.concurrent.CompletableFuture$UniAccept.tryFire(CompletableFuture.java:718) ~[?:?]
	at java.util.concurrent.CompletableFuture$Completion.run(CompletableFuture.java:482) ~[?:?]
	at net.minecraft.server.packs.resources.SimpleReloadInstance.m_143940_(SimpleReloadInstance.java:69) ~[server-1.20.1-20230612.114412-srg.jar%23187!/:?]
	at net.minecraft.Util.m_214652_(Util.java:783) ~[server-1.20.1-20230612.114412-srg.jar%23187!/:?]
	at net.minecraft.Util.m_214679_(Util.java:772) ~[server-1.20.1-20230612.114412-srg.jar%23187!/:?]
	at net.minecraft.server.Main.main(Main.java:166) ~[server-1.20.1-20230612.114412-srg.jar%23187!/:?]
	at jdk.internal.reflect.NativeMethodAccessorImpl.invoke0(Native Method) ~[?:?]
	at jdk.internal.reflect.NativeMethodAccessorImpl.invoke(NativeMethodAccessorImpl.java:77) ~[?:?]
	at jdk.internal.reflect.DelegatingMethodAccessorImpl.invoke(DelegatingMethodAccessorImpl.java:43) ~[?:?]
	at java.lang.reflect.Method.invoke(Method.java:569) ~[?:?]
	at net.minecraftforge.fml.loading.targets.CommonLaunchHandler.runTarget(CommonLaunchHandler.java:111) ~[fmlloader-1.20.1-47.3.7.jar%2369!/:?]
	at net.minecraftforge.fml.loading.targets.CommonLaunchHandler.serverService(CommonLaunchHandler.java:103) ~[fmlloader-1.20.1-47.3.7.jar%2369!/:?]
	at net.minecraftforge.fml.loading.targets.CommonServerLaunchHandler.lambda$makeService$0(CommonServerLaunchHandler.java:27) ~[fmlloader-1.20.1-47.3.7.jar%2369!/:?]
	at cpw.mods.modlauncher.LaunchServiceHandlerDecorator.launch(LaunchServiceHandlerDecorator.java:30) ~[modlauncher-10.0.9.jar%2355!/:?]
	at cpw.mods.modlauncher.LaunchServiceHandler.launch(LaunchServiceHandler.java:53) ~[modlauncher-10.0.9.jar%2355!/:?]
	at cpw.mods.modlauncher.LaunchServiceHandler.launch(LaunchServiceHandler.java:71) ~[modlauncher-10.0.9.jar%2355!/:?]
	at cpw.mods.modlauncher.Launcher.run(Launcher.java:108) ~[modlauncher-10.0.9.jar%2355!/:?]
	at cpw.mods.modlauncher.Launcher.main(Launcher.java:78) ~[modlauncher-10.0.9.jar%2355!/:?]
	at cpw.mods.modlauncher.BootstrapLaunchConsumer.accept(BootstrapLaunchConsumer.java:26) ~[modlauncher-10.0.9.jar%2355!/:?]
	at cpw.mods.modlauncher.BootstrapLaunchConsumer.accept(BootstrapLaunchConsumer.java:23) ~[modlauncher-10.0.9.jar%2355!/:?]
	at cpw.mods.bootstraplauncher.BootstrapLauncher.main(BootstrapLauncher.java:141) ~[bootstraplauncher-1.1.2.jar:?]
[26Mar2025 23:05:13.410] [main/ERROR] [net.minecraft.world.item.crafting.RecipeManager/]: Parsing error loading recipe apocalypsenow:eletricaltaticalmace
com.google.gson.JsonSyntaxException: Invalid or unsupported recipe type 'minecraft:smithing'
	at net.minecraft.world.item.crafting.RecipeManager.m_220253_(RecipeManager.java:170) ~[server-1.20.1-20230612.114412-srg.jar%23187!/:?]
	at java.util.Optional.orElseThrow(Optional.java:403) ~[?:?]
	at net.minecraft.world.item.crafting.RecipeManager.fromJson(RecipeManager.java:169) ~[server-1.20.1-20230612.114412-srg.jar%23187!/:?]
	at net.minecraft.world.item.crafting.RecipeManager.m_5787_(RecipeManager.java:67) ~[server-1.20.1-20230612.114412-srg.jar%23187!/:?]
	at net.minecraft.world.item.crafting.RecipeManager.m_5787_(RecipeManager.java:34) ~[server-1.20.1-20230612.114412-srg.jar%23187!/:?]
	at net.minecraft.server.packs.resources.SimplePreparableReloadListener.m_10789_(SimplePreparableReloadListener.java:13) ~[server-1.20.1-20230612.114412-srg.jar%23187!/:?]
	at java.util.concurrent.CompletableFuture$UniAccept.tryFire(CompletableFuture.java:718) ~[?:?]
	at java.util.concurrent.CompletableFuture$Completion.run(CompletableFuture.java:482) ~[?:?]
	at net.minecraft.server.packs.resources.SimpleReloadInstance.m_143940_(SimpleReloadInstance.java:69) ~[server-1.20.1-20230612.114412-srg.jar%23187!/:?]
	at net.minecraft.Util.m_214652_(Util.java:783) ~[server-1.20.1-20230612.114412-srg.jar%23187!/:?]
	at net.minecraft.Util.m_214679_(Util.java:772) ~[server-1.20.1-20230612.114412-srg.jar%23187!/:?]
	at net.minecraft.server.Main.main(Main.java:166) ~[server-1.20.1-20230612.114412-srg.jar%23187!/:?]
	at jdk.internal.reflect.NativeMethodAccessorImpl.invoke0(Native Method) ~[?:?]
	at jdk.internal.reflect.NativeMethodAccessorImpl.invoke(NativeMethodAccessorImpl.java:77) ~[?:?]
	at jdk.internal.reflect.DelegatingMethodAccessorImpl.invoke(DelegatingMethodAccessorImpl.java:43) ~[?:?]
	at java.lang.reflect.Method.invoke(Method.java:569) ~[?:?]
	at net.minecraftforge.fml.loading.targets.CommonLaunchHandler.runTarget(CommonLaunchHandler.java:111) ~[fmlloader-1.20.1-47.3.7.jar%2369!/:?]
	at net.minecraftforge.fml.loading.targets.CommonLaunchHandler.serverService(CommonLaunchHandler.java:103) ~[fmlloader-1.20.1-47.3.7.jar%2369!/:?]
	at net.minecraftforge.fml.loading.targets.CommonServerLaunchHandler.lambda$makeService$0(CommonServerLaunchHandler.java:27) ~[fmlloader-1.20.1-47.3.7.jar%2369!/:?]
	at cpw.mods.modlauncher.LaunchServiceHandlerDecorator.launch(LaunchServiceHandlerDecorator.java:30) ~[modlauncher-10.0.9.jar%2355!/:?]
	at cpw.mods.modlauncher.LaunchServiceHandler.launch(LaunchServiceHandler.java:53) ~[modlauncher-10.0.9.jar%2355!/:?]
	at cpw.mods.modlauncher.LaunchServiceHandler.launch(LaunchServiceHandler.java:71) ~[modlauncher-10.0.9.jar%2355!/:?]
	at cpw.mods.modlauncher.Launcher.run(Launcher.java:108) ~[modlauncher-10.0.9.jar%2355!/:?]
	at cpw.mods.modlauncher.Launcher.main(Launcher.java:78) ~[modlauncher-10.0.9.jar%2355!/:?]
	at cpw.mods.modlauncher.BootstrapLaunchConsumer.accept(BootstrapLaunchConsumer.java:26) ~[modlauncher-10.0.9.jar%2355!/:?]
	at cpw.mods.modlauncher.BootstrapLaunchConsumer.accept(BootstrapLaunchConsumer.java:23) ~[modlauncher-10.0.9.jar%2355!/:?]
	at cpw.mods.bootstraplauncher.BootstrapLauncher.main(BootstrapLauncher.java:141) ~[bootstraplauncher-1.1.2.jar:?]
[26Mar2025 23:05:13.411] [main/ERROR] [net.minecraft.world.item.crafting.RecipeManager/]: Parsing error loading recipe apocalypsenow:eletricalbaseballbat
com.google.gson.JsonSyntaxException: Invalid or unsupported recipe type 'minecraft:smithing'
	at net.minecraft.world.item.crafting.RecipeManager.m_220253_(RecipeManager.java:170) ~[server-1.20.1-20230612.114412-srg.jar%23187!/:?]
	at java.util.Optional.orElseThrow(Optional.java:403) ~[?:?]
	at net.minecraft.world.item.crafting.RecipeManager.fromJson(RecipeManager.java:169) ~[server-1.20.1-20230612.114412-srg.jar%23187!/:?]
	at net.minecraft.world.item.crafting.RecipeManager.m_5787_(RecipeManager.java:67) ~[server-1.20.1-20230612.114412-srg.jar%23187!/:?]
	at net.minecraft.world.item.crafting.RecipeManager.m_5787_(RecipeManager.java:34) ~[server-1.20.1-20230612.114412-srg.jar%23187!/:?]
	at net.minecraft.server.packs.resources.SimplePreparableReloadListener.m_10789_(SimplePreparableReloadListener.java:13) ~[server-1.20.1-20230612.114412-srg.jar%23187!/:?]
	at java.util.concurrent.CompletableFuture$UniAccept.tryFire(CompletableFuture.java:718) ~[?:?]
	at java.util.concurrent.CompletableFuture$Completion.run(CompletableFuture.java:482) ~[?:?]
	at net.minecraft.server.packs.resources.SimpleReloadInstance.m_143940_(SimpleReloadInstance.java:69) ~[server-1.20.1-20230612.114412-srg.jar%23187!/:?]
	at net.minecraft.Util.m_214652_(Util.java:783) ~[server-1.20.1-20230612.114412-srg.jar%23187!/:?]
	at net.minecraft.Util.m_214679_(Util.java:772) ~[server-1.20.1-20230612.114412-srg.jar%23187!/:?]
	at net.minecraft.server.Main.main(Main.java:166) ~[server-1.20.1-20230612.114412-srg.jar%23187!/:?]
	at jdk.internal.reflect.NativeMethodAccessorImpl.invoke0(Native Method) ~[?:?]
	at jdk.internal.reflect.NativeMethodAccessorImpl.invoke(NativeMethodAccessorImpl.java:77) ~[?:?]
	at jdk.internal.reflect.DelegatingMethodAccessorImpl.invoke(DelegatingMethodAccessorImpl.java:43) ~[?:?]
	at java.lang.reflect.Method.invoke(Method.java:569) ~[?:?]
	at net.minecraftforge.fml.loading.targets.CommonLaunchHandler.runTarget(CommonLaunchHandler.java:111) ~[fmlloader-1.20.1-47.3.7.jar%2369!/:?]
	at net.minecraftforge.fml.loading.targets.CommonLaunchHandler.serverService(CommonLaunchHandler.java:103) ~[fmlloader-1.20.1-47.3.7.jar%2369!/:?]
	at net.minecraftforge.fml.loading.targets.CommonServerLaunchHandler.lambda$makeService$0(CommonServerLaunchHandler.java:27) ~[fmlloader-1.20.1-47.3.7.jar%2369!/:?]
	at cpw.mods.modlauncher.LaunchServiceHandlerDecorator.launch(LaunchServiceHandlerDecorator.java:30) ~[modlauncher-10.0.9.jar%2355!/:?]
	at cpw.mods.modlauncher.LaunchServiceHandler.launch(LaunchServiceHandler.java:53) ~[modlauncher-10.0.9.jar%2355!/:?]
	at cpw.mods.modlauncher.LaunchServiceHandler.launch(LaunchServiceHandler.java:71) ~[modlauncher-10.0.9.jar%2355!/:?]
	at cpw.mods.modlauncher.Launcher.run(Launcher.java:108) ~[modlauncher-10.0.9.jar%2355!/:?]
	at cpw.mods.modlauncher.Launcher.main(Launcher.java:78) ~[modlauncher-10.0.9.jar%2355!/:?]
	at cpw.mods.modlauncher.BootstrapLaunchConsumer.accept(BootstrapLaunchConsumer.java:26) ~[modlauncher-10.0.9.jar%2355!/:?]
	at cpw.mods.modlauncher.BootstrapLaunchConsumer.accept(BootstrapLaunchConsumer.java:23) ~[modlauncher-10.0.9.jar%2355!/:?]
	at cpw.mods.bootstraplauncher.BootstrapLauncher.main(BootstrapLauncher.java:141) ~[bootstraplauncher-1.1.2.jar:?]
[26Mar2025 23:05:13.413] [main/ERROR] [net.minecraft.world.item.crafting.RecipeManager/]: Parsing error loading recipe apocalypsenow:firemoduleironbat
com.google.gson.JsonSyntaxException: Invalid or unsupported recipe type 'minecraft:smithing'
	at net.minecraft.world.item.crafting.RecipeManager.m_220253_(RecipeManager.java:170) ~[server-1.20.1-20230612.114412-srg.jar%23187!/:?]
	at java.util.Optional.orElseThrow(Optional.java:403) ~[?:?]
	at net.minecraft.world.item.crafting.RecipeManager.fromJson(RecipeManager.java:169) ~[server-1.20.1-20230612.114412-srg.jar%23187!/:?]
	at net.minecraft.world.item.crafting.RecipeManager.m_5787_(RecipeManager.java:67) ~[server-1.20.1-20230612.114412-srg.jar%23187!/:?]
	at net.minecraft.world.item.crafting.RecipeManager.m_5787_(RecipeManager.java:34) ~[server-1.20.1-20230612.114412-srg.jar%23187!/:?]
	at net.minecraft.server.packs.resources.SimplePreparableReloadListener.m_10789_(SimplePreparableReloadListener.java:13) ~[server-1.20.1-20230612.114412-srg.jar%23187!/:?]
	at java.util.concurrent.CompletableFuture$UniAccept.tryFire(CompletableFuture.java:718) ~[?:?]
	at java.util.concurrent.CompletableFuture$Completion.run(CompletableFuture.java:482) ~[?:?]
	at net.minecraft.server.packs.resources.SimpleReloadInstance.m_143940_(SimpleReloadInstance.java:69) ~[server-1.20.1-20230612.114412-srg.jar%23187!/:?]
	at net.minecraft.Util.m_214652_(Util.java:783) ~[server-1.20.1-20230612.114412-srg.jar%23187!/:?]
	at net.minecraft.Util.m_214679_(Util.java:772) ~[server-1.20.1-20230612.114412-srg.jar%23187!/:?]
	at net.minecraft.server.Main.main(Main.java:166) ~[server-1.20.1-20230612.114412-srg.jar%23187!/:?]
	at jdk.internal.reflect.NativeMethodAccessorImpl.invoke0(Native Method) ~[?:?]
	at jdk.internal.reflect.NativeMethodAccessorImpl.invoke(NativeMethodAccessorImpl.java:77) ~[?:?]
	at jdk.internal.reflect.DelegatingMethodAccessorImpl.invoke(DelegatingMethodAccessorImpl.java:43) ~[?:?]
	at java.lang.reflect.Method.invoke(Method.java:569) ~[?:?]
	at net.minecraftforge.fml.loading.targets.CommonLaunchHandler.runTarget(CommonLaunchHandler.java:111) ~[fmlloader-1.20.1-47.3.7.jar%2369!/:?]
	at net.minecraftforge.fml.loading.targets.CommonLaunchHandler.serverService(CommonLaunchHandler.java:103) ~[fmlloader-1.20.1-47.3.7.jar%2369!/:?]
	at net.minecraftforge.fml.loading.targets.CommonServerLaunchHandler.lambda$makeService$0(CommonServerLaunchHandler.java:27) ~[fmlloader-1.20.1-47.3.7.jar%2369!/:?]
	at cpw.mods.modlauncher.LaunchServiceHandlerDecorator.launch(LaunchServiceHandlerDecorator.java:30) ~[modlauncher-10.0.9.jar%2355!/:?]
	at cpw.mods.modlauncher.LaunchServiceHandler.launch(LaunchServiceHandler.java:53) ~[modlauncher-10.0.9.jar%2355!/:?]
	at cpw.mods.modlauncher.LaunchServiceHandler.launch(LaunchServiceHandler.java:71) ~[modlauncher-10.0.9.jar%2355!/:?]
	at cpw.mods.modlauncher.Launcher.run(Launcher.java:108) ~[modlauncher-10.0.9.jar%2355!/:?]
	at cpw.mods.modlauncher.Launcher.main(Launcher.java:78) ~[modlauncher-10.0.9.jar%2355!/:?]
	at cpw.mods.modlauncher.BootstrapLaunchConsumer.accept(BootstrapLaunchConsumer.java:26) ~[modlauncher-10.0.9.jar%2355!/:?]
	at cpw.mods.modlauncher.BootstrapLaunchConsumer.accept(BootstrapLaunchConsumer.java:23) ~[modlauncher-10.0.9.jar%2355!/:?]
	at cpw.mods.bootstraplauncher.BootstrapLauncher.main(BootstrapLauncher.java:141) ~[bootstraplauncher-1.1.2.jar:?]
[26Mar2025 23:05:13.437] [main/ERROR] [net.minecraft.world.item.crafting.RecipeManager/]: Parsing error loading recipe apocalypsenow:eletricalmachete
com.google.gson.JsonSyntaxException: Invalid or unsupported recipe type 'minecraft:smithing'
	at net.minecraft.world.item.crafting.RecipeManager.m_220253_(RecipeManager.java:170) ~[server-1.20.1-20230612.114412-srg.jar%23187!/:?]
	at java.util.Optional.orElseThrow(Optional.java:403) ~[?:?]
	at net.minecraft.world.item.crafting.RecipeManager.fromJson(RecipeManager.java:169) ~[server-1.20.1-20230612.114412-srg.jar%23187!/:?]
	at net.minecraft.world.item.crafting.RecipeManager.m_5787_(RecipeManager.java:67) ~[server-1.20.1-20230612.114412-srg.jar%23187!/:?]
	at net.minecraft.world.item.crafting.RecipeManager.m_5787_(RecipeManager.java:34) ~[server-1.20.1-20230612.114412-srg.jar%23187!/:?]
	at net.minecraft.server.packs.resources.SimplePreparableReloadListener.m_10789_(SimplePreparableReloadListener.java:13) ~[server-1.20.1-20230612.114412-srg.jar%23187!/:?]
	at java.util.concurrent.CompletableFuture$UniAccept.tryFire(CompletableFuture.java:718) ~[?:?]
	at java.util.concurrent.CompletableFuture$Completion.run(CompletableFuture.java:482) ~[?:?]
	at net.minecraft.server.packs.resources.SimpleReloadInstance.m_143940_(SimpleReloadInstance.java:69) ~[server-1.20.1-20230612.114412-srg.jar%23187!/:?]
	at net.minecraft.Util.m_214652_(Util.java:783) ~[server-1.20.1-20230612.114412-srg.jar%23187!/:?]
	at net.minecraft.Util.m_214679_(Util.java:772) ~[server-1.20.1-20230612.114412-srg.jar%23187!/:?]
	at net.minecraft.server.Main.main(Main.java:166) ~[server-1.20.1-20230612.114412-srg.jar%23187!/:?]
	at jdk.internal.reflect.NativeMethodAccessorImpl.invoke0(Native Method) ~[?:?]
	at jdk.internal.reflect.NativeMethodAccessorImpl.invoke(NativeMethodAccessorImpl.java:77) ~[?:?]
	at jdk.internal.reflect.DelegatingMethodAccessorImpl.invoke(DelegatingMethodAccessorImpl.java:43) ~[?:?]
	at java.lang.reflect.Method.invoke(Method.java:569) ~[?:?]
	at net.minecraftforge.fml.loading.targets.CommonLaunchHandler.runTarget(CommonLaunchHandler.java:111) ~[fmlloader-1.20.1-47.3.7.jar%2369!/:?]
	at net.minecraftforge.fml.loading.targets.CommonLaunchHandler.serverService(CommonLaunchHandler.java:103) ~[fmlloader-1.20.1-47.3.7.jar%2369!/:?]
	at net.minecraftforge.fml.loading.targets.CommonServerLaunchHandler.lambda$makeService$0(CommonServerLaunchHandler.java:27) ~[fmlloader-1.20.1-47.3.7.jar%2369!/:?]
	at cpw.mods.modlauncher.LaunchServiceHandlerDecorator.launch(LaunchServiceHandlerDecorator.java:30) ~[modlauncher-10.0.9.jar%2355!/:?]
	at cpw.mods.modlauncher.LaunchServiceHandler.launch(LaunchServiceHandler.java:53) ~[modlauncher-10.0.9.jar%2355!/:?]
	at cpw.mods.modlauncher.LaunchServiceHandler.launch(LaunchServiceHandler.java:71) ~[modlauncher-10.0.9.jar%2355!/:?]
	at cpw.mods.modlauncher.Launcher.run(Launcher.java:108) ~[modlauncher-10.0.9.jar%2355!/:?]
	at cpw.mods.modlauncher.Launcher.main(Launcher.java:78) ~[modlauncher-10.0.9.jar%2355!/:?]
	at cpw.mods.modlauncher.BootstrapLaunchConsumer.accept(BootstrapLaunchConsumer.java:26) ~[modlauncher-10.0.9.jar%2355!/:?]
	at cpw.mods.modlauncher.BootstrapLaunchConsumer.accept(BootstrapLaunchConsumer.java:23) ~[modlauncher-10.0.9.jar%2355!/:?]
	at cpw.mods.bootstraplauncher.BootstrapLauncher.main(BootstrapLauncher.java:141) ~[bootstraplauncher-1.1.2.jar:?]
[26Mar2025 23:05:13.441] [main/ERROR] [net.minecraft.world.item.crafting.RecipeManager/]: Parsing error loading recipe legendary_monsters:ancient_dripstone_brick_stairs_left
com.google.gson.JsonSyntaxException: Unknown item 'legendary_monsters:ancient_dripstone_brick'
	at net.minecraft.world.item.crafting.ShapedRecipe.m_151280_(ShapedRecipe.java:292) ~[server-1.20.1-20230612.114412-srg.jar%23187!/:?]
	at java.util.Optional.orElseThrow(Optional.java:403) ~[?:?]
	at net.minecraft.world.item.crafting.ShapedRecipe.m_151278_(ShapedRecipe.java:291) ~[server-1.20.1-20230612.114412-srg.jar%23187!/:?]
	at net.minecraft.world.item.crafting.Ingredient.m_43919_(Ingredient.java:219) ~[server-1.20.1-20230612.114412-srg.jar%23187!/:?]
	at net.minecraftforge.common.crafting.VanillaIngredientSerializer.parse(VanillaIngredientSerializer.java:27) ~[forge-1.20.1-47.3.7-universal.jar%23192!/:?]
	at net.minecraftforge.common.crafting.CraftingHelper.getIngredient(CraftingHelper.java:148) ~[forge-1.20.1-47.3.7-universal.jar%23192!/:?]
	at net.minecraft.world.item.crafting.Ingredient.m_288218_(Ingredient.java:194) ~[server-1.20.1-20230612.114412-srg.jar%23187!/:?]
	at net.minecraft.world.item.crafting.ShapedRecipe.m_44210_(ShapedRecipe.java:278) ~[server-1.20.1-20230612.114412-srg.jar%23187!/:?]
	at net.minecraft.world.item.crafting.ShapedRecipe$Serializer.m_6729_(ShapedRecipe.java:306) ~[server-1.20.1-20230612.114412-srg.jar%23187!/:?]
	at net.minecraft.world.item.crafting.ShapedRecipe$Serializer.m_6729_(ShapedRecipe.java:301) ~[server-1.20.1-20230612.114412-srg.jar%23187!/:?]
	at net.minecraftforge.common.extensions.IForgeRecipeSerializer.fromJson(IForgeRecipeSerializer.java:23) ~[forge-1.20.1-47.3.7-universal.jar%23192!/:?]
	at net.minecraft.world.item.crafting.RecipeManager.fromJson(RecipeManager.java:171) ~[server-1.20.1-20230612.114412-srg.jar%23187!/:?]
	at net.minecraft.world.item.crafting.RecipeManager.m_5787_(RecipeManager.java:67) ~[server-1.20.1-20230612.114412-srg.jar%23187!/:?]
	at net.minecraft.world.item.crafting.RecipeManager.m_5787_(RecipeManager.java:34) ~[server-1.20.1-20230612.114412-srg.jar%23187!/:?]
	at net.minecraft.server.packs.resources.SimplePreparableReloadListener.m_10789_(SimplePreparableReloadListener.java:13) ~[server-1.20.1-20230612.114412-srg.jar%23187!/:?]
	at java.util.concurrent.CompletableFuture$UniAccept.tryFire(CompletableFuture.java:718) ~[?:?]
	at java.util.concurrent.CompletableFuture$Completion.run(CompletableFuture.java:482) ~[?:?]
	at net.minecraft.server.packs.resources.SimpleReloadInstance.m_143940_(SimpleReloadInstance.java:69) ~[server-1.20.1-20230612.114412-srg.jar%23187!/:?]
	at net.minecraft.Util.m_214652_(Util.java:783) ~[server-1.20.1-20230612.114412-srg.jar%23187!/:?]
	at net.minecraft.Util.m_214679_(Util.java:772) ~[server-1.20.1-20230612.114412-srg.jar%23187!/:?]
	at net.minecraft.server.Main.main(Main.java:166) ~[server-1.20.1-20230612.114412-srg.jar%23187!/:?]
	at jdk.internal.reflect.NativeMethodAccessorImpl.invoke0(Native Method) ~[?:?]
	at jdk.internal.reflect.NativeMethodAccessorImpl.invoke(NativeMethodAccessorImpl.java:77) ~[?:?]
	at jdk.internal.reflect.DelegatingMethodAccessorImpl.invoke(DelegatingMethodAccessorImpl.java:43) ~[?:?]
	at java.lang.reflect.Method.invoke(Method.java:569) ~[?:?]
	at net.minecraftforge.fml.loading.targets.CommonLaunchHandler.runTarget(CommonLaunchHandler.java:111) ~[fmlloader-1.20.1-47.3.7.jar%2369!/:?]
	at net.minecraftforge.fml.loading.targets.CommonLaunchHandler.serverService(CommonLaunchHandler.java:103) ~[fmlloader-1.20.1-47.3.7.jar%2369!/:?]
	at net.minecraftforge.fml.loading.targets.CommonServerLaunchHandler.lambda$makeService$0(CommonServerLaunchHandler.java:27) ~[fmlloader-1.20.1-47.3.7.jar%2369!/:?]
	at cpw.mods.modlauncher.LaunchServiceHandlerDecorator.launch(LaunchServiceHandlerDecorator.java:30) ~[modlauncher-10.0.9.jar%2355!/:?]
	at cpw.mods.modlauncher.LaunchServiceHandler.launch(LaunchServiceHandler.java:53) ~[modlauncher-10.0.9.jar%2355!/:?]
	at cpw.mods.modlauncher.LaunchServiceHandler.launch(LaunchServiceHandler.java:71) ~[modlauncher-10.0.9.jar%2355!/:?]
	at cpw.mods.modlauncher.Launcher.run(Launcher.java:108) ~[modlauncher-10.0.9.jar%2355!/:?]
	at cpw.mods.modlauncher.Launcher.main(Launcher.java:78) ~[modlauncher-10.0.9.jar%2355!/:?]
	at cpw.mods.modlauncher.BootstrapLaunchConsumer.accept(BootstrapLaunchConsumer.java:26) ~[modlauncher-10.0.9.jar%2355!/:?]
	at cpw.mods.modlauncher.BootstrapLaunchConsumer.accept(BootstrapLaunchConsumer.java:23) ~[modlauncher-10.0.9.jar%2355!/:?]
	at cpw.mods.bootstraplauncher.BootstrapLauncher.main(BootstrapLauncher.java:141) ~[bootstraplauncher-1.1.2.jar:?]
[26Mar2025 23:05:13.444] [main/ERROR] [net.minecraft.world.item.crafting.RecipeManager/]: Parsing error loading recipe create:mixing/saltpeter
com.google.gson.JsonSyntaxException: Invalid or unsupported recipe type 'create:mixing'
	at net.minecraft.world.item.crafting.RecipeManager.m_220253_(RecipeManager.java:170) ~[server-1.20.1-20230612.114412-srg.jar%23187!/:?]
	at java.util.Optional.orElseThrow(Optional.java:403) ~[?:?]
	at net.minecraft.world.item.crafting.RecipeManager.fromJson(RecipeManager.java:169) ~[server-1.20.1-20230612.114412-srg.jar%23187!/:?]
	at net.minecraft.world.item.crafting.RecipeManager.m_5787_(RecipeManager.java:67) ~[server-1.20.1-20230612.114412-srg.jar%23187!/:?]
	at net.minecraft.world.item.crafting.RecipeManager.m_5787_(RecipeManager.java:34) ~[server-1.20.1-20230612.114412-srg.jar%23187!/:?]
	at net.minecraft.server.packs.resources.SimplePreparableReloadListener.m_10789_(SimplePreparableReloadListener.java:13) ~[server-1.20.1-20230612.114412-srg.jar%23187!/:?]
	at java.util.concurrent.CompletableFuture$UniAccept.tryFire(CompletableFuture.java:718) ~[?:?]
	at java.util.concurrent.CompletableFuture$Completion.run(CompletableFuture.java:482) ~[?:?]
	at net.minecraft.server.packs.resources.SimpleReloadInstance.m_143940_(SimpleReloadInstance.java:69) ~[server-1.20.1-20230612.114412-srg.jar%23187!/:?]
	at net.minecraft.Util.m_214652_(Util.java:783) ~[server-1.20.1-20230612.114412-srg.jar%23187!/:?]
	at net.minecraft.Util.m_214679_(Util.java:772) ~[server-1.20.1-20230612.114412-srg.jar%23187!/:?]
	at net.minecraft.server.Main.main(Main.java:166) ~[server-1.20.1-20230612.114412-srg.jar%23187!/:?]
	at jdk.internal.reflect.NativeMethodAccessorImpl.invoke0(Native Method) ~[?:?]
	at jdk.internal.reflect.NativeMethodAccessorImpl.invoke(NativeMethodAccessorImpl.java:77) ~[?:?]
	at jdk.internal.reflect.DelegatingMethodAccessorImpl.invoke(DelegatingMethodAccessorImpl.java:43) ~[?:?]
	at java.lang.reflect.Method.invoke(Method.java:569) ~[?:?]
	at net.minecraftforge.fml.loading.targets.CommonLaunchHandler.runTarget(CommonLaunchHandler.java:111) ~[fmlloader-1.20.1-47.3.7.jar%2369!/:?]
	at net.minecraftforge.fml.loading.targets.CommonLaunchHandler.serverService(CommonLaunchHandler.java:103) ~[fmlloader-1.20.1-47.3.7.jar%2369!/:?]
	at net.minecraftforge.fml.loading.targets.CommonServerLaunchHandler.lambda$makeService$0(CommonServerLaunchHandler.java:27) ~[fmlloader-1.20.1-47.3.7.jar%2369!/:?]
	at cpw.mods.modlauncher.LaunchServiceHandlerDecorator.launch(LaunchServiceHandlerDecorator.java:30) ~[modlauncher-10.0.9.jar%2355!/:?]
	at cpw.mods.modlauncher.LaunchServiceHandler.launch(LaunchServiceHandler.java:53) ~[modlauncher-10.0.9.jar%2355!/:?]
	at cpw.mods.modlauncher.LaunchServiceHandler.launch(LaunchServiceHandler.java:71) ~[modlauncher-10.0.9.jar%2355!/:?]
	at cpw.mods.modlauncher.Launcher.run(Launcher.java:108) ~[modlauncher-10.0.9.jar%2355!/:?]
	at cpw.mods.modlauncher.Launcher.main(Launcher.java:78) ~[modlauncher-10.0.9.jar%2355!/:?]
	at cpw.mods.modlauncher.BootstrapLaunchConsumer.accept(BootstrapLaunchConsumer.java:26) ~[modlauncher-10.0.9.jar%2355!/:?]
	at cpw.mods.modlauncher.BootstrapLaunchConsumer.accept(BootstrapLaunchConsumer.java:23) ~[modlauncher-10.0.9.jar%2355!/:?]
	at cpw.mods.bootstraplauncher.BootstrapLauncher.main(BootstrapLauncher.java:141) ~[bootstraplauncher-1.1.2.jar:?]
[26Mar2025 23:05:13.448] [main/ERROR] [net.minecraft.world.item.crafting.RecipeManager/]: Parsing error loading recipe legendary_monsters:purified_soul
com.google.gson.JsonSyntaxException: Invalid or unsupported recipe type 'minecraft:brewing'
	at net.minecraft.world.item.crafting.RecipeManager.m_220253_(RecipeManager.java:170) ~[server-1.20.1-20230612.114412-srg.jar%23187!/:?]
	at java.util.Optional.orElseThrow(Optional.java:403) ~[?:?]
	at net.minecraft.world.item.crafting.RecipeManager.fromJson(RecipeManager.java:169) ~[server-1.20.1-20230612.114412-srg.jar%23187!/:?]
	at net.minecraft.world.item.crafting.RecipeManager.m_5787_(RecipeManager.java:67) ~[server-1.20.1-20230612.114412-srg.jar%23187!/:?]
	at net.minecraft.world.item.crafting.RecipeManager.m_5787_(RecipeManager.java:34) ~[server-1.20.1-20230612.114412-srg.jar%23187!/:?]
	at net.minecraft.server.packs.resources.SimplePreparableReloadListener.m_10789_(SimplePreparableReloadListener.java:13) ~[server-1.20.1-20230612.114412-srg.jar%23187!/:?]
	at java.util.concurrent.CompletableFuture$UniAccept.tryFire(CompletableFuture.java:718) ~[?:?]
	at java.util.concurrent.CompletableFuture$Completion.run(CompletableFuture.java:482) ~[?:?]
	at net.minecraft.server.packs.resources.SimpleReloadInstance.m_143940_(SimpleReloadInstance.java:69) ~[server-1.20.1-20230612.114412-srg.jar%23187!/:?]
	at net.minecraft.Util.m_214652_(Util.java:783) ~[server-1.20.1-20230612.114412-srg.jar%23187!/:?]
	at net.minecraft.Util.m_214679_(Util.java:772) ~[server-1.20.1-20230612.114412-srg.jar%23187!/:?]
	at net.minecraft.server.Main.main(Main.java:166) ~[server-1.20.1-20230612.114412-srg.jar%23187!/:?]
	at jdk.internal.reflect.NativeMethodAccessorImpl.invoke0(Native Method) ~[?:?]
	at jdk.internal.reflect.NativeMethodAccessorImpl.invoke(NativeMethodAccessorImpl.java:77) ~[?:?]
	at jdk.internal.reflect.DelegatingMethodAccessorImpl.invoke(DelegatingMethodAccessorImpl.java:43) ~[?:?]
	at java.lang.reflect.Method.invoke(Method.java:569) ~[?:?]
	at net.minecraftforge.fml.loading.targets.CommonLaunchHandler.runTarget(CommonLaunchHandler.java:111) ~[fmlloader-1.20.1-47.3.7.jar%2369!/:?]
	at net.minecraftforge.fml.loading.targets.CommonLaunchHandler.serverService(CommonLaunchHandler.java:103) ~[fmlloader-1.20.1-47.3.7.jar%2369!/:?]
	at net.minecraftforge.fml.loading.targets.CommonServerLaunchHandler.lambda$makeService$0(CommonServerLaunchHandler.java:27) ~[fmlloader-1.20.1-47.3.7.jar%2369!/:?]
	at cpw.mods.modlauncher.LaunchServiceHandlerDecorator.launch(LaunchServiceHandlerDecorator.java:30) ~[modlauncher-10.0.9.jar%2355!/:?]
	at cpw.mods.modlauncher.LaunchServiceHandler.launch(LaunchServiceHandler.java:53) ~[modlauncher-10.0.9.jar%2355!/:?]
	at cpw.mods.modlauncher.LaunchServiceHandler.launch(LaunchServiceHandler.java:71) ~[modlauncher-10.0.9.jar%2355!/:?]
	at cpw.mods.modlauncher.Launcher.run(Launcher.java:108) ~[modlauncher-10.0.9.jar%2355!/:?]
	at cpw.mods.modlauncher.Launcher.main(Launcher.java:78) ~[modlauncher-10.0.9.jar%2355!/:?]
	at cpw.mods.modlauncher.BootstrapLaunchConsumer.accept(BootstrapLaunchConsumer.java:26) ~[modlauncher-10.0.9.jar%2355!/:?]
	at cpw.mods.modlauncher.BootstrapLaunchConsumer.accept(BootstrapLaunchConsumer.java:23) ~[modlauncher-10.0.9.jar%2355!/:?]
	at cpw.mods.bootstraplauncher.BootstrapLauncher.main(BootstrapLauncher.java:141) ~[bootstraplauncher-1.1.2.jar:?]
[26Mar2025 23:05:13.455] [main/ERROR] [net.minecraft.world.item.crafting.RecipeManager/]: Parsing error loading recipe apocalypsenow:firemodulekatana
com.google.gson.JsonSyntaxException: Invalid or unsupported recipe type 'minecraft:smithing'
	at net.minecraft.world.item.crafting.RecipeManager.m_220253_(RecipeManager.java:170) ~[server-1.20.1-20230612.114412-srg.jar%23187!/:?]
	at java.util.Optional.orElseThrow(Optional.java:403) ~[?:?]
	at net.minecraft.world.item.crafting.RecipeManager.fromJson(RecipeManager.java:169) ~[server-1.20.1-20230612.114412-srg.jar%23187!/:?]
	at net.minecraft.world.item.crafting.RecipeManager.m_5787_(RecipeManager.java:67) ~[server-1.20.1-20230612.114412-srg.jar%23187!/:?]
	at net.minecraft.world.item.crafting.RecipeManager.m_5787_(RecipeManager.java:34) ~[server-1.20.1-20230612.114412-srg.jar%23187!/:?]
	at net.minecraft.server.packs.resources.SimplePreparableReloadListener.m_10789_(SimplePreparableReloadListener.java:13) ~[server-1.20.1-20230612.114412-srg.jar%23187!/:?]
	at java.util.concurrent.CompletableFuture$UniAccept.tryFire(CompletableFuture.java:718) ~[?:?]
	at java.util.concurrent.CompletableFuture$Completion.run(CompletableFuture.java:482) ~[?:?]
	at net.minecraft.server.packs.resources.SimpleReloadInstance.m_143940_(SimpleReloadInstance.java:69) ~[server-1.20.1-20230612.114412-srg.jar%23187!/:?]
	at net.minecraft.Util.m_214652_(Util.java:783) ~[server-1.20.1-20230612.114412-srg.jar%23187!/:?]
	at net.minecraft.Util.m_214679_(Util.java:772) ~[server-1.20.1-20230612.114412-srg.jar%23187!/:?]
	at net.minecraft.server.Main.main(Main.java:166) ~[server-1.20.1-20230612.114412-srg.jar%23187!/:?]
	at jdk.internal.reflect.NativeMethodAccessorImpl.invoke0(Native Method) ~[?:?]
	at jdk.internal.reflect.NativeMethodAccessorImpl.invoke(NativeMethodAccessorImpl.java:77) ~[?:?]
	at jdk.internal.reflect.DelegatingMethodAccessorImpl.invoke(DelegatingMethodAccessorImpl.java:43) ~[?:?]
	at java.lang.reflect.Method.invoke(Method.java:569) ~[?:?]
	at net.minecraftforge.fml.loading.targets.CommonLaunchHandler.runTarget(CommonLaunchHandler.java:111) ~[fmlloader-1.20.1-47.3.7.jar%2369!/:?]
	at net.minecraftforge.fml.loading.targets.CommonLaunchHandler.serverService(CommonLaunchHandler.java:103) ~[fmlloader-1.20.1-47.3.7.jar%2369!/:?]
	at net.minecraftforge.fml.loading.targets.CommonServerLaunchHandler.lambda$makeService$0(CommonServerLaunchHandler.java:27) ~[fmlloader-1.20.1-47.3.7.jar%2369!/:?]
	at cpw.mods.modlauncher.LaunchServiceHandlerDecorator.launch(LaunchServiceHandlerDecorator.java:30) ~[modlauncher-10.0.9.jar%2355!/:?]
	at cpw.mods.modlauncher.LaunchServiceHandler.launch(LaunchServiceHandler.java:53) ~[modlauncher-10.0.9.jar%2355!/:?]
	at cpw.mods.modlauncher.LaunchServiceHandler.launch(LaunchServiceHandler.java:71) ~[modlauncher-10.0.9.jar%2355!/:?]
	at cpw.mods.modlauncher.Launcher.run(Launcher.java:108) ~[modlauncher-10.0.9.jar%2355!/:?]
	at cpw.mods.modlauncher.Launcher.main(Launcher.java:78) ~[modlauncher-10.0.9.jar%2355!/:?]
	at cpw.mods.modlauncher.BootstrapLaunchConsumer.accept(BootstrapLaunchConsumer.java:26) ~[modlauncher-10.0.9.jar%2355!/:?]
	at cpw.mods.modlauncher.BootstrapLaunchConsumer.accept(BootstrapLaunchConsumer.java:23) ~[modlauncher-10.0.9.jar%2355!/:?]
	at cpw.mods.bootstraplauncher.BootstrapLauncher.main(BootstrapLauncher.java:141) ~[bootstraplauncher-1.1.2.jar:?]
[26Mar2025 23:05:13.463] [main/ERROR] [net.minecraft.world.item.crafting.RecipeManager/]: Parsing error loading recipe legendary_monsters:dinosaur_bone_meal
com.google.gson.JsonSyntaxException: Unknown item 'legendary_monsters:dinosaur_bone_meal'
	at net.minecraftforge.common.crafting.CraftingHelper.getItem(CraftingHelper.java:160) ~[forge-1.20.1-47.3.7-universal.jar%23192!/:?]
	at net.minecraftforge.common.crafting.CraftingHelper.getItemStack(CraftingHelper.java:186) ~[forge-1.20.1-47.3.7-universal.jar%23192!/:?]
	at net.minecraft.world.item.crafting.ShapedRecipe.m_151274_(ShapedRecipe.java:286) ~[server-1.20.1-20230612.114412-srg.jar%23187!/:?]
	at net.minecraft.world.item.crafting.ShapedRecipe$Serializer.m_6729_(ShapedRecipe.java:311) ~[server-1.20.1-20230612.114412-srg.jar%23187!/:?]
	at net.minecraft.world.item.crafting.ShapedRecipe$Serializer.m_6729_(ShapedRecipe.java:301) ~[server-1.20.1-20230612.114412-srg.jar%23187!/:?]
	at net.minecraftforge.common.extensions.IForgeRecipeSerializer.fromJson(IForgeRecipeSerializer.java:23) ~[forge-1.20.1-47.3.7-universal.jar%23192!/:?]
	at net.minecraft.world.item.crafting.RecipeManager.fromJson(RecipeManager.java:171) ~[server-1.20.1-20230612.114412-srg.jar%23187!/:?]
	at net.minecraft.world.item.crafting.RecipeManager.m_5787_(RecipeManager.java:67) ~[server-1.20.1-20230612.114412-srg.jar%23187!/:?]
	at net.minecraft.world.item.crafting.RecipeManager.m_5787_(RecipeManager.java:34) ~[server-1.20.1-20230612.114412-srg.jar%23187!/:?]
	at net.minecraft.server.packs.resources.SimplePreparableReloadListener.m_10789_(SimplePreparableReloadListener.java:13) ~[server-1.20.1-20230612.114412-srg.jar%23187!/:?]
	at java.util.concurrent.CompletableFuture$UniAccept.tryFire(CompletableFuture.java:718) ~[?:?]
	at java.util.concurrent.CompletableFuture$Completion.run(CompletableFuture.java:482) ~[?:?]
	at net.minecraft.server.packs.resources.SimpleReloadInstance.m_143940_(SimpleReloadInstance.java:69) ~[server-1.20.1-20230612.114412-srg.jar%23187!/:?]
	at net.minecraft.Util.m_214652_(Util.java:783) ~[server-1.20.1-20230612.114412-srg.jar%23187!/:?]
	at net.minecraft.Util.m_214679_(Util.java:772) ~[server-1.20.1-20230612.114412-srg.jar%23187!/:?]
	at net.minecraft.server.Main.main(Main.java:166) ~[server-1.20.1-20230612.114412-srg.jar%23187!/:?]
	at jdk.internal.reflect.NativeMethodAccessorImpl.invoke0(Native Method) ~[?:?]
	at jdk.internal.reflect.NativeMethodAccessorImpl.invoke(NativeMethodAccessorImpl.java:77) ~[?:?]
	at jdk.internal.reflect.DelegatingMethodAccessorImpl.invoke(DelegatingMethodAccessorImpl.java:43) ~[?:?]
	at java.lang.reflect.Method.invoke(Method.java:569) ~[?:?]
	at net.minecraftforge.fml.loading.targets.CommonLaunchHandler.runTarget(CommonLaunchHandler.java:111) ~[fmlloader-1.20.1-47.3.7.jar%2369!/:?]
	at net.minecraftforge.fml.loading.targets.CommonLaunchHandler.serverService(CommonLaunchHandler.java:103) ~[fmlloader-1.20.1-47.3.7.jar%2369!/:?]
	at net.minecraftforge.fml.loading.targets.CommonServerLaunchHandler.lambda$makeService$0(CommonServerLaunchHandler.java:27) ~[fmlloader-1.20.1-47.3.7.jar%2369!/:?]
	at cpw.mods.modlauncher.LaunchServiceHandlerDecorator.launch(LaunchServiceHandlerDecorator.java:30) ~[modlauncher-10.0.9.jar%2355!/:?]
	at cpw.mods.modlauncher.LaunchServiceHandler.launch(LaunchServiceHandler.java:53) ~[modlauncher-10.0.9.jar%2355!/:?]
	at cpw.mods.modlauncher.LaunchServiceHandler.launch(LaunchServiceHandler.java:71) ~[modlauncher-10.0.9.jar%2355!/:?]
	at cpw.mods.modlauncher.Launcher.run(Launcher.java:108) ~[modlauncher-10.0.9.jar%2355!/:?]
	at cpw.mods.modlauncher.Launcher.main(Launcher.java:78) ~[modlauncher-10.0.9.jar%2355!/:?]
	at cpw.mods.modlauncher.BootstrapLaunchConsumer.accept(BootstrapLaunchConsumer.java:26) ~[modlauncher-10.0.9.jar%2355!/:?]
	at cpw.mods.modlauncher.BootstrapLaunchConsumer.accept(BootstrapLaunchConsumer.java:23) ~[modlauncher-10.0.9.jar%2355!/:?]
	at cpw.mods.bootstraplauncher.BootstrapLauncher.main(BootstrapLauncher.java:141) ~[bootstraplauncher-1.1.2.jar:?]
[26Mar2025 23:05:13.485] [main/INFO] [net.minecraft.world.item.crafting.RecipeManager/]: Loaded 15 recipes
[26Mar2025 23:05:13.628] [main/ERROR] [net.minecraft.advancements.AdvancementList/]: Couldn't load advancement zombiesmore:kaboom: Task Advancement{parentId=zombiesmore:kaboom, display=net.minecraft.advancements.DisplayInfo@730e8d73, rewards=AdvancementRewards{experience=5, loot=[], recipes=[], function=net.minecraft.commands.CommandFunction$CacheableFunction@7eed2527}, criteria={kaboom_0=net.minecraft.advancements.Criterion@462bec1c}, requirements=[[kaboom_0]], sends_telemetry_event=false}
[26Mar2025 23:05:13.629] [main/INFO] [net.minecraft.advancements.AdvancementList/]: Loaded 2262 advancements
[26Mar2025 23:05:13.746] [main/INFO] [top.theillusivec4.curios.Curios/]: Loaded 12 curio slots
[26Mar2025 23:05:13.752] [main/INFO] [top.theillusivec4.curios.Curios/]: Loaded 1 curio entities
[26Mar2025 23:05:13.765] [main/WARN] [net.minecraft.core.MappedRegistry/]: Not all defined tags for registry ResourceKey[minecraft:root / minecraft:worldgen/biome] are present in data pack: minecraft:is_plains
[26Mar2025 23:05:18.828] [main/DEBUG] [net.minecraftforge.common.ForgeHooks/WP]: Gathering id map for writing to world save world
[26Mar2025 23:05:18.879] [main/DEBUG] [net.minecraftforge.common.ForgeHooks/WP]: ID Map collection complete world
[26Mar2025 23:05:19.002] [Server thread/INFO] [net.minecraft.server.dedicated.DedicatedServer/]: Starting minecraft server version 1.20.1
[26Mar2025 23:05:19.002] [Server thread/INFO] [net.minecraft.server.dedicated.DedicatedServer/]: Loading properties
[26Mar2025 23:05:19.002] [Server thread/INFO] [net.minecraft.server.dedicated.DedicatedServer/]: Default game type: SURVIVAL
[26Mar2025 23:05:19.002] [Server thread/INFO] [net.minecraft.server.MinecraftServer/]: Generating keypair
[26Mar2025 23:05:19.088] [Server thread/INFO] [net.minecraft.server.dedicated.DedicatedServer/]: Starting Minecraft server on *:25565
[26Mar2025 23:05:19.088] [Server thread/DEBUG] [net.minecraftforge.network.DualStackUtils/]: Detected IPv6 address: "0:0:0:0:0:0:0:0"
[26Mar2025 23:05:19.094] [Server thread/DEBUG] [io.netty.util.internal.NativeLibraryLoader/]: -Dio.netty.native.workdir: /tmp (io.netty.tmpdir)
[26Mar2025 23:05:19.095] [Server thread/DEBUG] [io.netty.util.internal.NativeLibraryLoader/]: -Dio.netty.native.deleteLibAfterLoading: true
[26Mar2025 23:05:19.095] [Server thread/DEBUG] [io.netty.util.internal.NativeLibraryLoader/]: -Dio.netty.native.tryPatchShadedId: true
[26Mar2025 23:05:19.095] [Server thread/DEBUG] [io.netty.util.internal.NativeLibraryLoader/]: -Dio.netty.native.detectNativeLibraryDuplicates: true
[26Mar2025 23:05:19.102] [Server thread/DEBUG] [io.netty.util.internal.NativeLibraryLoader/]: Successfully loaded the library /tmp/libnetty_transport_native_epoll_x86_6416557490897819042365.so
[26Mar2025 23:05:19.105] [Server thread/DEBUG] [io.netty.util.NetUtil/]: -Djava.net.preferIPv4Stack: false
[26Mar2025 23:05:19.105] [Server thread/DEBUG] [io.netty.util.NetUtil/]: -Djava.net.preferIPv6Addresses: true
[26Mar2025 23:05:19.107] [Server thread/DEBUG] [io.netty.util.NetUtilInitializations/]: Loopback interface: lo (lo, 0:0:0:0:0:0:0:1%lo)
[26Mar2025 23:05:19.107] [Server thread/DEBUG] [io.netty.util.NetUtil/]: /proc/sys/net/core/somaxconn: 4096
[26Mar2025 23:05:19.111] [Server thread/INFO] [net.minecraft.server.network.ServerConnectionListener/]: Using epoll channel type
[26Mar2025 23:05:19.126] [Server thread/DEBUG] [io.netty.channel.MultithreadEventLoopGroup/]: -Dio.netty.eventLoopThreads: 8
[26Mar2025 23:05:19.135] [Server thread/DEBUG] [io.netty.util.internal.InternalThreadLocalMap/]: -Dio.netty.threadLocalMap.stringBuilder.initialSize: 1024
[26Mar2025 23:05:19.135] [Server thread/DEBUG] [io.netty.util.internal.InternalThreadLocalMap/]: -Dio.netty.threadLocalMap.stringBuilder.maxSize: 4096
[26Mar2025 23:05:19.144] [Server thread/DEBUG] [io.netty.util.internal.PlatformDependent/]: org.jctools-core.MpscChunkedArrayQueue: available
[26Mar2025 23:05:19.151] [Server thread/DEBUG] [io.netty.channel.DefaultChannelId/]: -Dio.netty.processId: 14928 (auto-detected)
[26Mar2025 23:05:19.163] [Server thread/DEBUG] [io.netty.channel.DefaultChannelId/]: -Dio.netty.machineId: 7c:1e:52:ff:fe:ee:c4:3f (auto-detected)
[26Mar2025 23:05:19.186] [Server thread/DEBUG] [io.netty.buffer.PooledByteBufAllocator/]: -Dio.netty.allocator.numHeapArenas: 8
[26Mar2025 23:05:19.186] [Server thread/DEBUG] [io.netty.buffer.PooledByteBufAllocator/]: -Dio.netty.allocator.numDirectArenas: 8
[26Mar2025 23:05:19.186] [Server thread/DEBUG] [io.netty.buffer.PooledByteBufAllocator/]: -Dio.netty.allocator.pageSize: 8192
[26Mar2025 23:05:19.187] [Server thread/DEBUG] [io.netty.buffer.PooledByteBufAllocator/]: -Dio.netty.allocator.maxOrder: 9
[26Mar2025 23:05:19.187] [Server thread/DEBUG] [io.netty.buffer.PooledByteBufAllocator/]: -Dio.netty.allocator.chunkSize: 4194304
[26Mar2025 23:05:19.187] [Server thread/DEBUG] [io.netty.buffer.PooledByteBufAllocator/]: -Dio.netty.allocator.smallCacheSize: 256
[26Mar2025 23:05:19.187] [Server thread/DEBUG] [io.netty.buffer.PooledByteBufAllocator/]: -Dio.netty.allocator.normalCacheSize: 64
[26Mar2025 23:05:19.187] [Server thread/DEBUG] [io.netty.buffer.PooledByteBufAllocator/]: -Dio.netty.allocator.maxCachedBufferCapacity: 32768
[26Mar2025 23:05:19.187] [Server thread/DEBUG] [io.netty.buffer.PooledByteBufAllocator/]: -Dio.netty.allocator.cacheTrimInterval: 8192
[26Mar2025 23:05:19.187] [Server thread/DEBUG] [io.netty.buffer.PooledByteBufAllocator/]: -Dio.netty.allocator.cacheTrimIntervalMillis: 0
[26Mar2025 23:05:19.187] [Server thread/DEBUG] [io.netty.buffer.PooledByteBufAllocator/]: -Dio.netty.allocator.useCacheForAllThreads: false
[26Mar2025 23:05:19.187] [Server thread/DEBUG] [io.netty.buffer.PooledByteBufAllocator/]: -Dio.netty.allocator.maxCachedByteBuffersPerChunk: 1023
[26Mar2025 23:05:19.194] [Server thread/DEBUG] [io.netty.buffer.ByteBufUtil/]: -Dio.netty.allocator.type: pooled
[26Mar2025 23:05:19.194] [Server thread/DEBUG] [io.netty.buffer.ByteBufUtil/]: -Dio.netty.threadLocalDirectBufferSize: 0
[26Mar2025 23:05:19.194] [Server thread/DEBUG] [io.netty.buffer.ByteBufUtil/]: -Dio.netty.maxThreadLocalCharBufferSize: 16384
[26Mar2025 23:05:19.201] [Server thread/WARN] [net.minecraft.server.dedicated.DedicatedServer/]: **** SERVER IS RUNNING IN OFFLINE/INSECURE MODE!
[26Mar2025 23:05:19.201] [Server thread/WARN] [net.minecraft.server.dedicated.DedicatedServer/]: The server will make no attempt to authenticate usernames. Beware.
[26Mar2025 23:05:19.202] [Server thread/WARN] [net.minecraft.server.dedicated.DedicatedServer/]: While this makes the game possible to play without internet access, it also opens up the ability for hackers to connect with any username they choose.
[26Mar2025 23:05:19.202] [Server thread/WARN] [net.minecraft.server.dedicated.DedicatedServer/]: To change this, set "online-mode" to "true" in the server.properties file.
[26Mar2025 23:05:19.221] [Server thread/DEBUG] [net.minecraftforge.fml.config.ConfigTracker/CONFIG]: Loading configs type SERVER
[26Mar2025 23:05:19.221] [Server thread/DEBUG] [fuzs.puzzleslib.impl.config.core.ForgeConfigFileTypeHandler/CONFIG]: Built TOML config for /workspaces/server/servidor_minecraft/config/mutantmonsters-server.toml
[26Mar2025 23:05:19.223] [Server thread/DEBUG] [fuzs.puzzleslib.impl.config.core.ForgeConfigFileTypeHandler/CONFIG]: Loaded TOML config file /workspaces/server/servidor_minecraft/config/mutantmonsters-server.toml
[26Mar2025 23:05:19.223] [Server thread/DEBUG] [fuzs.puzzleslib.impl.config.core.ForgeConfigFileTypeHandler/CONFIG]: Watching TOML config file /workspaces/server/servidor_minecraft/config/mutantmonsters-server.toml for changes
[26Mar2025 23:05:19.230] [Server thread/INFO] [Puzzles Lib/]: Loading server config for mutantmonsters
[26Mar2025 23:05:19.231] [Server thread/DEBUG] [net.minecraftforge.fml.config.ConfigFileTypeHandler/CONFIG]: Built TOML config for ./world/serverconfig/jei-server.toml
[26Mar2025 23:05:19.231] [Thread-1/DEBUG] [fuzs.puzzleslib.impl.config.core.ForgeConfigFileTypeHandler/CONFIG]: Config file mutantmonsters-server.toml changed, sending notifies
[26Mar2025 23:05:19.232] [Thread-1/INFO] [Puzzles Lib/]: Reloading server config for mutantmonsters
[26Mar2025 23:05:19.232] [Server thread/DEBUG] [net.minecraftforge.fml.config.ConfigFileTypeHandler/CONFIG]: Loaded TOML config file ./world/serverconfig/jei-server.toml
[26Mar2025 23:05:19.233] [Server thread/DEBUG] [net.minecraftforge.fml.config.ConfigFileTypeHandler/CONFIG]: Watching TOML config file ./world/serverconfig/jei-server.toml for changes
[26Mar2025 23:05:19.234] [Thread-1/DEBUG] [net.minecraftforge.fml.config.ConfigFileTypeHandler/CONFIG]: Config file jei-server.toml changed, sending notifies
[26Mar2025 23:05:19.234] [Thread-1/DEBUG] [net.minecraftforge.fml.config.ConfigFileTypeHandler/CONFIG]: Config file jei-server.toml changed, sending notifies
[26Mar2025 23:05:19.234] [Server thread/DEBUG] [net.minecraftforge.fml.config.ConfigFileTypeHandler/CONFIG]: Built TOML config for ./world/serverconfig/tacz-server.toml
[26Mar2025 23:05:19.235] [Server thread/DEBUG] [net.minecraftforge.fml.config.ConfigFileTypeHandler/CONFIG]: Loaded TOML config file ./world/serverconfig/tacz-server.toml
[26Mar2025 23:05:19.235] [Server thread/DEBUG] [net.minecraftforge.fml.config.ConfigFileTypeHandler/CONFIG]: Watching TOML config file ./world/serverconfig/tacz-server.toml for changes
[26Mar2025 23:05:19.237] [Thread-1/DEBUG] [net.minecraftforge.fml.config.ConfigFileTypeHandler/CONFIG]: Config file tacz-server.toml changed, sending notifies
[26Mar2025 23:05:19.238] [Thread-1/DEBUG] [net.minecraftforge.fml.config.ConfigFileTypeHandler/CONFIG]: Config file tacz-server.toml changed, sending notifies
[26Mar2025 23:05:19.238] [Server thread/DEBUG] [net.minecraftforge.fml.config.ConfigFileTypeHandler/CONFIG]: Built TOML config for ./world/serverconfig/car-server.toml
[26Mar2025 23:05:19.239] [Server thread/DEBUG] [net.minecraftforge.fml.config.ConfigFileTypeHandler/CONFIG]: Loaded TOML config file ./world/serverconfig/car-server.toml
[26Mar2025 23:05:19.239] [Server thread/DEBUG] [net.minecraftforge.fml.config.ConfigFileTypeHandler/CONFIG]: Watching TOML config file ./world/serverconfig/car-server.toml for changes
[26Mar2025 23:05:19.242] [Thread-1/DEBUG] [net.minecraftforge.fml.config.ConfigFileTypeHandler/CONFIG]: Config file car-server.toml changed, sending notifies
[26Mar2025 23:05:19.242] [Server thread/DEBUG] [net.minecraftforge.fml.config.ConfigFileTypeHandler/CONFIG]: Built TOML config for ./world/serverconfig/curios-server.toml
[26Mar2025 23:05:19.243] [Server thread/DEBUG] [net.minecraftforge.fml.config.ConfigFileTypeHandler/CONFIG]: Loaded TOML config file ./world/serverconfig/curios-server.toml
[26Mar2025 23:05:19.243] [Server thread/DEBUG] [net.minecraftforge.fml.config.ConfigFileTypeHandler/CONFIG]: Watching TOML config file ./world/serverconfig/curios-server.toml for changes
[26Mar2025 23:05:19.243] [Server thread/DEBUG] [net.minecraftforge.fml.config.ConfigFileTypeHandler/CONFIG]: Built TOML config for ./world/serverconfig/securitycraft-server.toml
[26Mar2025 23:05:19.244] [Thread-1/DEBUG] [net.minecraftforge.fml.config.ConfigFileTypeHandler/CONFIG]: Config file car-server.toml changed, sending notifies
[26Mar2025 23:05:19.244] [Server thread/DEBUG] [net.minecraftforge.fml.config.ConfigFileTypeHandler/CONFIG]: Loaded TOML config file ./world/serverconfig/securitycraft-server.toml
[26Mar2025 23:05:19.245] [Server thread/DEBUG] [net.minecraftforge.fml.config.ConfigFileTypeHandler/CONFIG]: Watching TOML config file ./world/serverconfig/securitycraft-server.toml for changes
[26Mar2025 23:05:19.248] [Server thread/DEBUG] [net.minecraftforge.fml.config.ConfigFileTypeHandler/CONFIG]: Built TOML config for ./world/serverconfig/lostcities-server.toml
[26Mar2025 23:05:19.248] [Thread-1/DEBUG] [net.minecraftforge.fml.config.ConfigFileTypeHandler/CONFIG]: Config file securitycraft-server.toml changed, sending notifies
[26Mar2025 23:05:19.248] [Server thread/DEBUG] [net.minecraftforge.fml.config.ConfigFileTypeHandler/CONFIG]: Loaded TOML config file ./world/serverconfig/lostcities-server.toml
[26Mar2025 23:05:19.248] [Server thread/DEBUG] [net.minecraftforge.fml.config.ConfigFileTypeHandler/CONFIG]: Watching TOML config file ./world/serverconfig/lostcities-server.toml for changes
[26Mar2025 23:05:19.249] [Thread-1/DEBUG] [net.minecraftforge.fml.config.ConfigFileTypeHandler/CONFIG]: Config file securitycraft-server.toml changed, sending notifies
[26Mar2025 23:05:19.249] [Server thread/DEBUG] [net.minecraftforge.fml.config.ConfigFileTypeHandler/CONFIG]: Built TOML config for ./world/serverconfig/forge-server.toml
[26Mar2025 23:05:19.249] [Server thread/DEBUG] [net.minecraftforge.fml.config.ConfigFileTypeHandler/CONFIG]: Loaded TOML config file ./world/serverconfig/forge-server.toml
[26Mar2025 23:05:19.249] [Server thread/DEBUG] [net.minecraftforge.fml.config.ConfigFileTypeHandler/CONFIG]: Watching TOML config file ./world/serverconfig/forge-server.toml for changes
[26Mar2025 23:05:19.249] [Server thread/DEBUG] [net.minecraftforge.common.ForgeConfig/FORGEMOD]: Loaded forge config file forge-server.toml
[26Mar2025 23:05:19.250] [Thread-1/DEBUG] [net.minecraftforge.fml.config.ConfigFileTypeHandler/CONFIG]: Config file forge-server.toml changed, sending notifies
[26Mar2025 23:05:19.250] [Thread-1/DEBUG] [net.minecraftforge.common.ForgeConfig/FORGEMOD]: Forge config just got changed on the file system!
[26Mar2025 23:05:19.251] [Server thread/DEBUG] [mixin/]: Mixing accessor.BiomeSpecialEffectsBuilderForgeAccessor from puzzleslib.forge.mixins.json into net.minecraft.world.level.biome.BiomeSpecialEffects$Builder
[26Mar2025 23:05:19.507] [Server thread/INFO] [net.minecraft.server.dedicated.DedicatedServer/]: Preparing level "world"
[26Mar2025 23:05:19.512] [Server thread/DEBUG] [net.minecraftforge.coremod.transformer.CoreModBaseTransformer/COREMOD]: Transforming net/minecraft/world/level/levelgen/PhantomSpawner
[26Mar2025 23:05:19.525] [Server thread/DEBUG] [net.minecraftforge.coremod.transformer.CoreModBaseTransformer/COREMOD]: Transforming net/minecraft/world/level/levelgen/PatrolSpawner
[26Mar2025 23:05:19.534] [Server thread/DEBUG] [net.minecraftforge.coremod.transformer.CoreModBaseTransformer/COREMOD]: Transforming net/minecraft/world/entity/npc/CatSpawner
[26Mar2025 23:05:19.542] [Server thread/DEBUG] [net.minecraftforge.coremod.transformer.CoreModBaseTransformer/COREMOD]: Transforming net/minecraft/world/entity/ai/village/VillageSiege
[26Mar2025 23:05:19.598] [Server thread/DEBUG] [mixin/]: Mixing camera.ChunkMapMixin from securitycraft.mixins.json into net.minecraft.server.level.ChunkMap
[26Mar2025 23:05:19.628] [Server thread/DEBUG] [mixin/]: Mixing NoisesMixin from tectonic.mixins.json into net.minecraft.world.level.levelgen.Noises
[26Mar2025 23:05:19.903] [Server thread/DEBUG] [mixin/]: Mixing portal.PortalForcerMixin from securitycraft.mixins.json into net.minecraft.world.level.portal.PortalForcer
[26Mar2025 23:05:19.919] [Server thread/DEBUG] [mixin/]: Mixing StructureManagerAccessor from cataclysm.mixins.json into net.minecraft.world.level.StructureManager
[26Mar2025 23:05:29.171] [Server thread/INFO] [net.minecraft.server.MinecraftServer/]: Preparing start region for dimension minecraft:overworld
[26Mar2025 23:05:32.584] [Server thread/DEBUG] [mixin/]: Mixing accessor.BoundingBoxAccessor from cataclysm.mixins.json into net.minecraft.world.level.levelgen.structure.BoundingBox
[26Mar2025 23:05:33.175] [Server thread/DEBUG] [net.minecraftforge.coremod.transformer.CoreModBaseTransformer/COREMOD]: Transforming net/minecraft/world/level/levelgen/structure/templatesystem/StructureTemplate
[26Mar2025 23:05:33.224] [Server thread/DEBUG] [mixin/]: Mixing StructureTemplateMixin from cataclysm.mixins.json into net.minecraft.world.level.levelgen.structure.templatesystem.StructureTemplate
[26Mar2025 23:05:33.224] [Server thread/DEBUG] [mixin/]: Renaming synthetic method lambda$repurposedstructures_preventAutoWaterlogging$0(Lnet/minecraft/world/level/levelgen/structure/templatesystem/StructureProcessor;)Z to md29ba66$lambda$repurposedstructures_preventAutoWaterlogging$0$0 in cataclysm.mixins.json:StructureTemplateMixin
[26Mar2025 23:05:35.685] [Worker-Main-3/INFO] [net.minecraft.server.level.progress.LoggerChunkProgressListener/]: Preparing spawn area: 0%
[26Mar2025 23:05:35.687] [Worker-Main-1/INFO] [net.minecraft.server.level.progress.LoggerChunkProgressListener/]: Preparing spawn area: 0%
[26Mar2025 23:05:35.689] [Worker-Main-2/INFO] [net.minecraft.server.level.progress.LoggerChunkProgressListener/]: Preparing spawn area: 0%
[26Mar2025 23:05:35.690] [Worker-Main-1/INFO] [net.minecraft.server.level.progress.LoggerChunkProgressListener/]: Preparing spawn area: 0%
[26Mar2025 23:05:35.691] [Worker-Main-1/INFO] [net.minecraft.server.level.progress.LoggerChunkProgressListener/]: Preparing spawn area: 0%
[26Mar2025 23:05:35.692] [Worker-Main-2/INFO] [net.minecraft.server.level.progress.LoggerChunkProgressListener/]: Preparing spawn area: 0%
[26Mar2025 23:05:35.692] [Worker-Main-2/INFO] [net.minecraft.server.level.progress.LoggerChunkProgressListener/]: Preparing spawn area: 0%
[26Mar2025 23:05:35.693] [Worker-Main-2/INFO] [net.minecraft.server.level.progress.LoggerChunkProgressListener/]: Preparing spawn area: 0%
[26Mar2025 23:05:35.694] [Worker-Main-1/INFO] [net.minecraft.server.level.progress.LoggerChunkProgressListener/]: Preparing spawn area: 0%
[26Mar2025 23:05:35.695] [Worker-Main-2/INFO] [net.minecraft.server.level.progress.LoggerChunkProgressListener/]: Preparing spawn area: 0%
[26Mar2025 23:05:35.696] [Worker-Main-2/INFO] [net.minecraft.server.level.progress.LoggerChunkProgressListener/]: Preparing spawn area: 0%
[26Mar2025 23:05:35.697] [Worker-Main-1/INFO] [net.minecraft.server.level.progress.LoggerChunkProgressListener/]: Preparing spawn area: 0%
[26Mar2025 23:05:35.699] [Worker-Main-1/INFO] [net.minecraft.server.level.progress.LoggerChunkProgressListener/]: Preparing spawn area: 0%
[26Mar2025 23:05:35.701] [Worker-Main-2/INFO] [net.minecraft.server.level.progress.LoggerChunkProgressListener/]: Preparing spawn area: 0%
[26Mar2025 23:05:36.176] [Worker-Main-1/INFO] [net.minecraft.server.level.progress.LoggerChunkProgressListener/]: Preparing spawn area: 9%
[26Mar2025 23:05:36.343] [Server thread/DEBUG] [mixin/]: Mixing InvWrapperMixin from sona.mixins.json into net.minecraftforge.items.wrapper.InvWrapper
[26Mar2025 23:05:36.676] [Worker-Main-2/INFO] [net.minecraft.server.level.progress.LoggerChunkProgressListener/]: Preparing spawn area: 66%
[26Mar2025 23:05:36.885] [Server thread/INFO] [net.minecraft.server.level.progress.LoggerChunkProgressListener/]: Time elapsed: 7709 ms
[26Mar2025 23:05:36.885] [Server thread/INFO] [net.minecraft.server.dedicated.DedicatedServer/]: Done (17.664s)! For help, type "help"
[26Mar2025 23:05:36.894] [Server thread/DEBUG] [net.minecraftforge.network.DualStackUtils/]: Detected IPv6 address: "0:0:0:0:0:0:0:0"
[26Mar2025 23:05:36.928] [Server thread/DEBUG] [net.minecraftforge.common.ForgeI18n/CORE]: Loading I18N data entries: 9267
[26Mar2025 23:05:36.931] [Server thread/INFO] [net.minecraftforge.server.permission.PermissionAPI/]: Successfully initialized permission handler forge:default_handler
[26Mar2025 23:05:36.953] [Server thread/DEBUG] [io.netty.buffer.AbstractByteBuf/]: -Dio.netty.buffer.checkAccessible: true
[26Mar2025 23:05:36.953] [Server thread/DEBUG] [io.netty.buffer.AbstractByteBuf/]: -Dio.netty.buffer.checkBounds: true
[26Mar2025 23:05:36.954] [Server thread/DEBUG] [io.netty.util.ResourceLeakDetectorFactory/]: Loaded default ResourceLeakDetector: io.netty.util.ResourceLeakDetector@71b85c35
[26Mar2025 23:05:36.978] [Server thread/DEBUG] [net.minecraftforge.coremod.transformer.CoreModBaseTransformer/COREMOD]: Transforming net/minecraft/world/level/NaturalSpawner
[26Mar2025 23:05:37.015] [Server thread/DEBUG] [mixin/]: Mixing camera.TrackedEntityMixin from securitycraft.mixins.json into net.minecraft.server.level.ChunkMap$TrackedEntity
[26Mar2025 23:05:45.595] [Netty Epoll Server IO #1/DEBUG] [io.netty.util.Recycler/]: -Dio.netty.recycler.maxCapacityPerThread: 4096
[26Mar2025 23:05:45.595] [Netty Epoll Server IO #1/DEBUG] [io.netty.util.Recycler/]: -Dio.netty.recycler.ratio: 8
[26Mar2025 23:05:45.595] [Netty Epoll Server IO #1/DEBUG] [io.netty.util.Recycler/]: -Dio.netty.recycler.chunkSize: 32
[26Mar2025 23:05:45.595] [Netty Epoll Server IO #1/DEBUG] [io.netty.util.Recycler/]: -Dio.netty.recycler.blocking: false
[26Mar2025 23:05:48.414] [Netty Epoll Server IO #2/DEBUG] [net.minecraftforge.network.HandshakeHandler/FMLHANDSHAKE]: Starting new modded impl connection. Found 30 messages to dispatch.
[26Mar2025 23:05:48.440] [Server thread/DEBUG] [net.minecraftforge.network.HandshakeHandler/FMLHANDSHAKE]: Sending ticking packet info 'com.tacz.guns.network.message.handshake.ServerMessageSyncedEntityDataMapping' to 'tacz:handshake' sequence 0
[26Mar2025 23:05:48.490] [Server thread/DEBUG] [net.minecraftforge.network.HandshakeHandler/FMLHANDSHAKE]: Sending ticking packet info 'net.minecraftforge.network.HandshakeMessages$S2CModData' to 'fml:handshake' sequence 1
[26Mar2025 23:05:48.540] [Server thread/DEBUG] [net.minecraftforge.network.HandshakeHandler/FMLHANDSHAKE]: Sending ticking packet info 'net.minecraftforge.network.HandshakeMessages$S2CModList' to 'fml:handshake' sequence 2
[26Mar2025 23:05:48.589] [Server thread/DEBUG] [net.minecraftforge.network.HandshakeHandler/FMLHANDSHAKE]: Sending ticking packet info 'Registry minecraft:command_argument_type' to 'fml:handshake' sequence 3
[26Mar2025 23:05:48.639] [Server thread/DEBUG] [net.minecraftforge.network.HandshakeHandler/FMLHANDSHAKE]: Sending ticking packet info 'Registry minecraft:recipe_serializer' to 'fml:handshake' sequence 4
[26Mar2025 23:05:48.645] [Netty Epoll Server IO #2/DEBUG] [net.minecraftforge.network.LoginWrapper/FMLHANDSHAKE]: Recieved login wrapper packet event for channel tacz:handshake with index 0
[26Mar2025 23:05:48.647] [Netty Epoll Server IO #2/DEBUG] [net.minecraftforge.network.HandshakeHandler/FMLHANDSHAKE]: Received client indexed reply 0 of type com.tacz.guns.network.message.handshake.Acknowledge
[26Mar2025 23:05:48.647] [Netty Epoll Server IO #2/DEBUG] [tacz/HANDSHAKE_ACKNOWLEDGE]: Received acknowledgement from client
[26Mar2025 23:05:48.689] [Server thread/DEBUG] [net.minecraftforge.network.HandshakeHandler/FMLHANDSHAKE]: Sending ticking packet info 'Registry minecraft:sound_event' to 'fml:handshake' sequence 5
[26Mar2025 23:05:48.739] [Server thread/DEBUG] [net.minecraftforge.network.HandshakeHandler/FMLHANDSHAKE]: Sending ticking packet info 'Registry minecraft:particle_type' to 'fml:handshake' sequence 6
[26Mar2025 23:05:48.789] [Server thread/DEBUG] [net.minecraftforge.network.HandshakeHandler/FMLHANDSHAKE]: Sending ticking packet info 'Registry minecraft:villager_profession' to 'fml:handshake' sequence 7
[26Mar2025 23:05:48.838] [Server thread/DEBUG] [net.minecraftforge.network.HandshakeHandler/FMLHANDSHAKE]: Sending ticking packet info 'Registry minecraft:item' to 'fml:handshake' sequence 8
[26Mar2025 23:05:48.888] [Server thread/DEBUG] [net.minecraftforge.network.HandshakeHandler/FMLHANDSHAKE]: Sending ticking packet info 'Registry minecraft:potion' to 'fml:handshake' sequence 9
[26Mar2025 23:05:48.938] [Server thread/DEBUG] [net.minecraftforge.network.HandshakeHandler/FMLHANDSHAKE]: Sending ticking packet info 'Registry minecraft:painting_variant' to 'fml:handshake' sequence 10
[26Mar2025 23:05:48.954] [Netty Epoll Server IO #2/DEBUG] [net.minecraftforge.network.LoginWrapper/FMLHANDSHAKE]: Recieved login wrapper packet event for channel fml:handshake with index 2
[26Mar2025 23:05:48.955] [Netty Epoll Server IO #2/DEBUG] [net.minecraftforge.network.HandshakeHandler/FMLHANDSHAKE]: Received client indexed reply 2 of type net.minecraftforge.network.HandshakeMessages$C2SModListReply
[26Mar2025 23:05:48.955] [Netty Epoll Server IO #2/DEBUG] [net.minecraftforge.network.HandshakeHandler/FMLHANDSHAKE]: Received client connection with modlist [minecraft, zombie_extreme, mowziesmobs, extragore, mutantmonsters, geckolib, lrarmor, zombie_island, jei, eeeabsmobs, apocalypsenow, graveyard, tacz, born_in_chaos_v1, lionfishapi, extinction, car, cataclysm, curios, zombiesmore, underground_bunkers, securitycraft, legendary_monsters, horror_element_mod, lostcities, mixinextras, pointblank, wegotrunnners, automobility, aiimprovements, terralith, puzzleslib, faded_conquest_2, puzzlesaccessapi, forge, horde_hoard, explosiveenhancement, sona, zombiekit, tectonic]
[26Mar2025 23:05:48.956] [Netty Epoll Server IO #2/DEBUG] [net.minecraftforge.network.NetworkRegistry/NETREGISTRY]: Channel 'pointblank:pointblank' : Version test of '1' from client : ACCEPTED
[26Mar2025 23:05:48.956] [Netty Epoll Server IO #2/DEBUG] [net.minecraftforge.network.NetworkRegistry/NETREGISTRY]: Channel 'eeeabsmobs:net' : Version test of '1.0' from client : ACCEPTED
[26Mar2025 23:05:48.956] [Netty Epoll Server IO #2/DEBUG] [net.minecraftforge.network.NetworkRegistry/NETREGISTRY]: Channel 'jei:channel' : Version test of '1.0.0' from client : ACCEPTED
[26Mar2025 23:05:48.956] [Netty Epoll Server IO #2/DEBUG] [net.minecraftforge.network.NetworkRegistry/NETREGISTRY]: Channel 'legendary_monsters:main_channel' : Version test of '1' from client : ACCEPTED
[26Mar2025 23:05:48.956] [Netty Epoll Server IO #2/DEBUG] [net.minecraftforge.network.NetworkRegistry/NETREGISTRY]: Channel 'minecraft:unregister' : Version test of 'FML3' from client : ACCEPTED
[26Mar2025 23:05:48.956] [Netty Epoll Server IO #2/DEBUG] [net.minecraftforge.network.NetworkRegistry/NETREGISTRY]: Channel 'puzzleslib:1' : Version test of '1' from client : ACCEPTED
[26Mar2025 23:05:48.956] [Netty Epoll Server IO #2/DEBUG] [net.minecraftforge.network.NetworkRegistry/NETREGISTRY]: Channel 'securitycraft:securitycraft' : Version test of 'v1.9.12' from client : ACCEPTED
[26Mar2025 23:05:48.956] [Netty Epoll Server IO #2/DEBUG] [net.minecraftforge.network.NetworkRegistry/NETREGISTRY]: Channel 'born_in_chaos_v1:born_in_chaos_v1' : Version test of '1' from client : ACCEPTED
[26Mar2025 23:05:48.956] [Netty Epoll Server IO #2/DEBUG] [net.minecraftforge.network.NetworkRegistry/NETREGISTRY]: Channel 'zombie_extreme:zombie_extreme' : Version test of '1' from client : ACCEPTED
[26Mar2025 23:05:48.956] [Netty Epoll Server IO #2/DEBUG] [net.minecraftforge.network.NetworkRegistry/NETREGISTRY]: Channel 'lostcities:lostcities' : Version test of '1.0' from client : ACCEPTED
[26Mar2025 23:05:48.956] [Netty Epoll Server IO #2/DEBUG] [net.minecraftforge.network.NetworkRegistry/NETREGISTRY]: Channel 'explosiveenhancement:main_channel' : Version test of '1' from client : ACCEPTED
[26Mar2025 23:05:48.956] [Netty Epoll Server IO #2/DEBUG] [net.minecraftforge.network.NetworkRegistry/NETREGISTRY]: Channel 'zombiekit:zombiekit' : Version test of '1' from client : ACCEPTED
[26Mar2025 23:05:48.956] [Netty Epoll Server IO #2/DEBUG] [net.minecraftforge.network.NetworkRegistry/NETREGISTRY]: Channel 'tacz:handshake' : Version test of '1.0.4' from client : ACCEPTED
[26Mar2025 23:05:48.956] [Netty Epoll Server IO #2/DEBUG] [net.minecraftforge.network.NetworkRegistry/NETREGISTRY]: Channel 'curios:main' : Version test of '1' from client : ACCEPTED
[26Mar2025 23:05:48.957] [Netty Epoll Server IO #2/DEBUG] [net.minecraftforge.network.NetworkRegistry/NETREGISTRY]: Channel 'extragore:main' : Version test of '1' from client : ACCEPTED
[26Mar2025 23:05:48.957] [Netty Epoll Server IO #2/DEBUG] [net.minecraftforge.network.NetworkRegistry/NETREGISTRY]: Channel 'sona:sona' : Version test of '1' from client : ACCEPTED
[26Mar2025 23:05:48.957] [Netty Epoll Server IO #2/DEBUG] [net.minecraftforge.network.NetworkRegistry/NETREGISTRY]: Channel 'apocalypsenow:apocalypsenow' : Version test of '1' from client : ACCEPTED
[26Mar2025 23:05:48.957] [Netty Epoll Server IO #2/DEBUG] [net.minecraftforge.network.NetworkRegistry/NETREGISTRY]: Channel 'cataclysm:main_channel' : Version test of '1' from client : ACCEPTED
[26Mar2025 23:05:48.957] [Netty Epoll Server IO #2/DEBUG] [net.minecraftforge.network.NetworkRegistry/NETREGISTRY]: Channel 'lionfishapi:main_channel' : Version test of '1' from client : ACCEPTED
[26Mar2025 23:05:48.957] [Netty Epoll Server IO #2/DEBUG] [net.minecraftforge.network.NetworkRegistry/NETREGISTRY]: Channel 'horror_element_mod:horror_element_mod' : Version test of '1' from client : ACCEPTED
[26Mar2025 23:05:48.957] [Netty Epoll Server IO #2/DEBUG] [net.minecraftforge.network.NetworkRegistry/NETREGISTRY]: Channel 'fml:loginwrapper' : Version test of 'FML3' from client : ACCEPTED
[26Mar2025 23:05:48.957] [Netty Epoll Server IO #2/DEBUG] [net.minecraftforge.network.NetworkRegistry/NETREGISTRY]: Channel 'forge:tier_sorting' : Version test of '1.0' from client : ACCEPTED
[26Mar2025 23:05:48.957] [Netty Epoll Server IO #2/DEBUG] [net.minecraftforge.network.NetworkRegistry/NETREGISTRY]: Channel 'automobility:main' : Version test of '0.3' from client : ACCEPTED
[26Mar2025 23:05:48.957] [Netty Epoll Server IO #2/DEBUG] [net.minecraftforge.network.NetworkRegistry/NETREGISTRY]: Channel 'zombiesmore:zombiesmore' : Version test of '1' from client : ACCEPTED
[26Mar2025 23:05:48.957] [Netty Epoll Server IO #2/DEBUG] [net.minecraftforge.network.NetworkRegistry/NETREGISTRY]: Channel 'mowziesmobs:net' : Version test of '1' from client : ACCEPTED
[26Mar2025 23:05:48.957] [Netty Epoll Server IO #2/DEBUG] [net.minecraftforge.network.NetworkRegistry/NETREGISTRY]: Channel 'wegotrunnners:wegotrunnners' : Version test of '1' from client : ACCEPTED
[26Mar2025 23:05:48.957] [Netty Epoll Server IO #2/DEBUG] [net.minecraftforge.network.NetworkRegistry/NETREGISTRY]: Channel 'fml:play' : Version test of 'FML3' from client : ACCEPTED
[26Mar2025 23:05:48.957] [Netty Epoll Server IO #2/DEBUG] [net.minecraftforge.network.NetworkRegistry/NETREGISTRY]: Channel 'zombie_island:zombie_island' : Version test of '1' from client : ACCEPTED
[26Mar2025 23:05:48.957] [Netty Epoll Server IO #2/DEBUG] [net.minecraftforge.network.NetworkRegistry/NETREGISTRY]: Channel 'car:default' : Version test of '1.0.0' from client : ACCEPTED
[26Mar2025 23:05:48.957] [Netty Epoll Server IO #2/DEBUG] [net.minecraftforge.network.NetworkRegistry/NETREGISTRY]: Channel 'faded_conquest_2:faded_conquest_2' : Version test of '1' from client : ACCEPTED
[26Mar2025 23:05:48.957] [Netty Epoll Server IO #2/DEBUG] [net.minecraftforge.network.NetworkRegistry/NETREGISTRY]: Channel 'lrarmor:network' : Version test of '0.1.0' from client : ACCEPTED
[26Mar2025 23:05:48.957] [Netty Epoll Server IO #2/DEBUG] [net.minecraftforge.network.NetworkRegistry/NETREGISTRY]: Channel 'fml:handshake' : Version test of 'FML3' from client : ACCEPTED
[26Mar2025 23:05:48.957] [Netty Epoll Server IO #2/DEBUG] [net.minecraftforge.network.NetworkRegistry/NETREGISTRY]: Channel 'extinction:extinction' : Version test of '1' from client : ACCEPTED
[26Mar2025 23:05:48.957] [Netty Epoll Server IO #2/DEBUG] [net.minecraftforge.network.NetworkRegistry/NETREGISTRY]: Channel 'mutantmonsters:1' : Version test of '1' from client : ACCEPTED
[26Mar2025 23:05:48.957] [Netty Epoll Server IO #2/DEBUG] [net.minecraftforge.network.NetworkRegistry/NETREGISTRY]: Channel 'horde_hoard:horde_hoard' : Version test of '1' from client : ACCEPTED
[26Mar2025 23:05:48.957] [Netty Epoll Server IO #2/DEBUG] [net.minecraftforge.network.NetworkRegistry/NETREGISTRY]: Channel 'minecraft:register' : Version test of 'FML3' from client : ACCEPTED
[26Mar2025 23:05:48.957] [Netty Epoll Server IO #2/DEBUG] [net.minecraftforge.network.NetworkRegistry/NETREGISTRY]: Channel 'forge:split' : Version test of '1.1' from client : ACCEPTED
[26Mar2025 23:05:48.957] [Netty Epoll Server IO #2/DEBUG] [net.minecraftforge.network.NetworkRegistry/NETREGISTRY]: Channel 'tacz:network' : Version test of '1.0.4' from client : ACCEPTED
[26Mar2025 23:05:48.957] [Netty Epoll Server IO #2/DEBUG] [net.minecraftforge.network.NetworkRegistry/NETREGISTRY]: Channel 'geckolib:main' : Version test of '1' from client : ACCEPTED
[26Mar2025 23:05:48.957] [Netty Epoll Server IO #2/DEBUG] [net.minecraftforge.network.NetworkRegistry/NETREGISTRY]: Channel 'graveyard:spawn_entity' : Version test of '1' from client : ACCEPTED
[26Mar2025 23:05:48.957] [Netty Epoll Server IO #2/DEBUG] [net.minecraftforge.network.NetworkRegistry/NETREGISTRY]: Accepting channel list from client
[26Mar2025 23:05:48.958] [Netty Epoll Server IO #2/DEBUG] [net.minecraftforge.network.HandshakeHandler/FMLHANDSHAKE]: Accepted client connection mod list
[26Mar2025 23:05:48.958] [Netty Epoll Server IO #2/DEBUG] [net.minecraftforge.network.LoginWrapper/FMLHANDSHAKE]: Recieved login wrapper packet event for channel fml:handshake with index 3
[26Mar2025 23:05:48.959] [Netty Epoll Server IO #2/DEBUG] [net.minecraftforge.network.HandshakeHandler/FMLHANDSHAKE]: Received client indexed reply 3 of type net.minecraftforge.network.HandshakeMessages$C2SAcknowledge
[26Mar2025 23:05:48.959] [Netty Epoll Server IO #2/DEBUG] [net.minecraftforge.network.HandshakeHandler/FMLHANDSHAKE]: Received acknowledgement from client
[26Mar2025 23:05:48.959] [Netty Epoll Server IO #2/DEBUG] [net.minecraftforge.network.LoginWrapper/FMLHANDSHAKE]: Recieved login wrapper packet event for channel fml:handshake with index 4
[26Mar2025 23:05:48.959] [Netty Epoll Server IO #2/DEBUG] [net.minecraftforge.network.HandshakeHandler/FMLHANDSHAKE]: Received client indexed reply 4 of type net.minecraftforge.network.HandshakeMessages$C2SAcknowledge
[26Mar2025 23:05:48.959] [Netty Epoll Server IO #2/DEBUG] [net.minecraftforge.network.HandshakeHandler/FMLHANDSHAKE]: Received acknowledgement from client
[26Mar2025 23:05:48.989] [Server thread/DEBUG] [net.minecraftforge.network.HandshakeHandler/FMLHANDSHAKE]: Sending ticking packet info 'Registry forge:fluid_type' to 'fml:handshake' sequence 11
[26Mar2025 23:05:49.037] [Server thread/DEBUG] [net.minecraftforge.network.HandshakeHandler/FMLHANDSHAKE]: Sending ticking packet info 'Registry minecraft:block_entity_type' to 'fml:handshake' sequence 12
[26Mar2025 23:05:49.090] [Server thread/DEBUG] [net.minecraftforge.network.HandshakeHandler/FMLHANDSHAKE]: Sending ticking packet info 'Registry forge:display_contexts' to 'fml:handshake' sequence 13
[26Mar2025 23:05:49.138] [Server thread/DEBUG] [net.minecraftforge.network.HandshakeHandler/FMLHANDSHAKE]: Sending ticking packet info 'Registry minecraft:block' to 'fml:handshake' sequence 14
[26Mar2025 23:05:49.189] [Server thread/DEBUG] [net.minecraftforge.network.HandshakeHandler/FMLHANDSHAKE]: Sending ticking packet info 'Registry forge:entity_data_serializers' to 'fml:handshake' sequence 15
[26Mar2025 23:05:49.237] [Server thread/DEBUG] [net.minecraftforge.network.HandshakeHandler/FMLHANDSHAKE]: Sending ticking packet info 'Registry minecraft:mob_effect' to 'fml:handshake' sequence 16
[26Mar2025 23:05:49.276] [Netty Epoll Server IO #2/DEBUG] [net.minecraftforge.network.LoginWrapper/FMLHANDSHAKE]: Recieved login wrapper packet event for channel fml:handshake with index 5
[26Mar2025 23:05:49.276] [Netty Epoll Server IO #2/DEBUG] [net.minecraftforge.network.HandshakeHandler/FMLHANDSHAKE]: Received client indexed reply 5 of type net.minecraftforge.network.HandshakeMessages$C2SAcknowledge
[26Mar2025 23:05:49.276] [Netty Epoll Server IO #2/DEBUG] [net.minecraftforge.network.HandshakeHandler/FMLHANDSHAKE]: Received acknowledgement from client
[26Mar2025 23:05:49.289] [Server thread/DEBUG] [net.minecraftforge.network.HandshakeHandler/FMLHANDSHAKE]: Sending ticking packet info 'Registry minecraft:stat_type' to 'fml:handshake' sequence 17
[26Mar2025 23:05:49.300] [Netty Epoll Server IO #2/DEBUG] [net.minecraftforge.network.LoginWrapper/FMLHANDSHAKE]: Recieved login wrapper packet event for channel fml:handshake with index 6
[26Mar2025 23:05:49.300] [Netty Epoll Server IO #2/DEBUG] [net.minecraftforge.network.HandshakeHandler/FMLHANDSHAKE]: Received client indexed reply 6 of type net.minecraftforge.network.HandshakeMessages$C2SAcknowledge
[26Mar2025 23:05:49.300] [Netty Epoll Server IO #2/DEBUG] [net.minecraftforge.network.HandshakeHandler/FMLHANDSHAKE]: Received acknowledgement from client
[26Mar2025 23:05:49.338] [Server thread/DEBUG] [net.minecraftforge.network.HandshakeHandler/FMLHANDSHAKE]: Sending ticking packet info 'Registry minecraft:menu' to 'fml:handshake' sequence 18
[26Mar2025 23:05:49.338] [Netty Epoll Server IO #2/DEBUG] [net.minecraftforge.network.LoginWrapper/FMLHANDSHAKE]: Recieved login wrapper packet event for channel fml:handshake with index 7
[26Mar2025 23:05:49.338] [Netty Epoll Server IO #2/DEBUG] [net.minecraftforge.network.HandshakeHandler/FMLHANDSHAKE]: Received client indexed reply 7 of type net.minecraftforge.network.HandshakeMessages$C2SAcknowledge
[26Mar2025 23:05:49.338] [Netty Epoll Server IO #2/DEBUG] [net.minecraftforge.network.HandshakeHandler/FMLHANDSHAKE]: Received acknowledgement from client
[26Mar2025 23:05:49.388] [Server thread/DEBUG] [net.minecraftforge.network.HandshakeHandler/FMLHANDSHAKE]: Sending ticking packet info 'Registry minecraft:enchantment' to 'fml:handshake' sequence 19
[26Mar2025 23:05:49.438] [Server thread/DEBUG] [net.minecraftforge.network.HandshakeHandler/FMLHANDSHAKE]: Sending ticking packet info 'Registry minecraft:fluid' to 'fml:handshake' sequence 20
[26Mar2025 23:05:49.487] [Server thread/DEBUG] [net.minecraftforge.network.HandshakeHandler/FMLHANDSHAKE]: Sending ticking packet info 'Registry minecraft:entity_type' to 'fml:handshake' sequence 21
[26Mar2025 23:05:49.537] [Server thread/DEBUG] [net.minecraftforge.network.HandshakeHandler/FMLHANDSHAKE]: Sending ticking packet info 'Config car-server.toml' to 'fml:handshake' sequence 22
[26Mar2025 23:05:49.587] [Server thread/DEBUG] [net.minecraftforge.network.HandshakeHandler/FMLHANDSHAKE]: Sending ticking packet info 'Config securitycraft-server.toml' to 'fml:handshake' sequence 23
[26Mar2025 23:05:49.639] [Server thread/DEBUG] [net.minecraftforge.network.HandshakeHandler/FMLHANDSHAKE]: Sending ticking packet info 'Config curios-server.toml' to 'fml:handshake' sequence 24
[26Mar2025 23:05:49.688] [Server thread/DEBUG] [net.minecraftforge.network.HandshakeHandler/FMLHANDSHAKE]: Sending ticking packet info 'Config lostcities-server.toml' to 'fml:handshake' sequence 25
[26Mar2025 23:05:49.739] [Server thread/DEBUG] [net.minecraftforge.network.HandshakeHandler/FMLHANDSHAKE]: Sending ticking packet info 'Config mutantmonsters-server.toml' to 'fml:handshake' sequence 26
[26Mar2025 23:05:49.787] [Server thread/DEBUG] [net.minecraftforge.network.HandshakeHandler/FMLHANDSHAKE]: Sending ticking packet info 'Config jei-server.toml' to 'fml:handshake' sequence 27
[26Mar2025 23:05:49.839] [Server thread/DEBUG] [net.minecraftforge.network.HandshakeHandler/FMLHANDSHAKE]: Sending ticking packet info 'Config tacz-server.toml' to 'fml:handshake' sequence 28
[26Mar2025 23:05:49.887] [Server thread/DEBUG] [net.minecraftforge.network.HandshakeHandler/FMLHANDSHAKE]: Sending ticking packet info 'Config forge-server.toml' to 'fml:handshake' sequence 29
[26Mar2025 23:05:49.956] [Netty Epoll Server IO #2/DEBUG] [net.minecraftforge.network.LoginWrapper/FMLHANDSHAKE]: Recieved login wrapper packet event for channel fml:handshake with index 8
[26Mar2025 23:05:49.956] [Netty Epoll Server IO #2/DEBUG] [net.minecraftforge.network.HandshakeHandler/FMLHANDSHAKE]: Received client indexed reply 8 of type net.minecraftforge.network.HandshakeMessages$C2SAcknowledge
[26Mar2025 23:05:49.956] [Netty Epoll Server IO #2/DEBUG] [net.minecraftforge.network.HandshakeHandler/FMLHANDSHAKE]: Received acknowledgement from client
[26Mar2025 23:05:49.957] [Netty Epoll Server IO #2/DEBUG] [net.minecraftforge.network.LoginWrapper/FMLHANDSHAKE]: Recieved login wrapper packet event for channel fml:handshake with index 9
[26Mar2025 23:05:49.957] [Netty Epoll Server IO #2/DEBUG] [net.minecraftforge.network.HandshakeHandler/FMLHANDSHAKE]: Received client indexed reply 9 of type net.minecraftforge.network.HandshakeMessages$C2SAcknowledge
[26Mar2025 23:05:49.957] [Netty Epoll Server IO #2/DEBUG] [net.minecraftforge.network.HandshakeHandler/FMLHANDSHAKE]: Received acknowledgement from client
[26Mar2025 23:05:49.958] [Netty Epoll Server IO #2/DEBUG] [net.minecraftforge.network.LoginWrapper/FMLHANDSHAKE]: Recieved login wrapper packet event for channel fml:handshake with index 10
[26Mar2025 23:05:49.958] [Netty Epoll Server IO #2/DEBUG] [net.minecraftforge.network.HandshakeHandler/FMLHANDSHAKE]: Received client indexed reply 10 of type net.minecraftforge.network.HandshakeMessages$C2SAcknowledge
[26Mar2025 23:05:49.958] [Netty Epoll Server IO #2/DEBUG] [net.minecraftforge.network.HandshakeHandler/FMLHANDSHAKE]: Received acknowledgement from client
[26Mar2025 23:05:49.958] [Netty Epoll Server IO #2/DEBUG] [net.minecraftforge.network.LoginWrapper/FMLHANDSHAKE]: Recieved login wrapper packet event for channel fml:handshake with index 11
[26Mar2025 23:05:49.958] [Netty Epoll Server IO #2/DEBUG] [net.minecraftforge.network.HandshakeHandler/FMLHANDSHAKE]: Received client indexed reply 11 of type net.minecraftforge.network.HandshakeMessages$C2SAcknowledge
[26Mar2025 23:05:49.958] [Netty Epoll Server IO #2/DEBUG] [net.minecraftforge.network.HandshakeHandler/FMLHANDSHAKE]: Received acknowledgement from client
[26Mar2025 23:05:49.986] [Netty Epoll Server IO #2/DEBUG] [net.minecraftforge.network.LoginWrapper/FMLHANDSHAKE]: Recieved login wrapper packet event for channel fml:handshake with index 12
[26Mar2025 23:05:49.986] [Netty Epoll Server IO #2/DEBUG] [net.minecraftforge.network.HandshakeHandler/FMLHANDSHAKE]: Received client indexed reply 12 of type net.minecraftforge.network.HandshakeMessages$C2SAcknowledge
[26Mar2025 23:05:49.986] [Netty Epoll Server IO #2/DEBUG] [net.minecraftforge.network.HandshakeHandler/FMLHANDSHAKE]: Received acknowledgement from client
[26Mar2025 23:05:49.987] [Netty Epoll Server IO #2/DEBUG] [net.minecraftforge.network.LoginWrapper/FMLHANDSHAKE]: Recieved login wrapper packet event for channel fml:handshake with index 13
[26Mar2025 23:05:49.987] [Netty Epoll Server IO #2/DEBUG] [net.minecraftforge.network.HandshakeHandler/FMLHANDSHAKE]: Received client indexed reply 13 of type net.minecraftforge.network.HandshakeMessages$C2SAcknowledge
[26Mar2025 23:05:49.987] [Netty Epoll Server IO #2/DEBUG] [net.minecraftforge.network.HandshakeHandler/FMLHANDSHAKE]: Received acknowledgement from client
[26Mar2025 23:05:50.306] [Netty Epoll Server IO #2/DEBUG] [net.minecraftforge.network.LoginWrapper/FMLHANDSHAKE]: Recieved login wrapper packet event for channel fml:handshake with index 14
[26Mar2025 23:05:50.306] [Netty Epoll Server IO #2/DEBUG] [net.minecraftforge.network.HandshakeHandler/FMLHANDSHAKE]: Received client indexed reply 14 of type net.minecraftforge.network.HandshakeMessages$C2SAcknowledge
[26Mar2025 23:05:50.306] [Netty Epoll Server IO #2/DEBUG] [net.minecraftforge.network.HandshakeHandler/FMLHANDSHAKE]: Received acknowledgement from client
[26Mar2025 23:05:50.307] [Netty Epoll Server IO #2/DEBUG] [net.minecraftforge.network.LoginWrapper/FMLHANDSHAKE]: Recieved login wrapper packet event for channel fml:handshake with index 15
[26Mar2025 23:05:50.307] [Netty Epoll Server IO #2/DEBUG] [net.minecraftforge.network.HandshakeHandler/FMLHANDSHAKE]: Received client indexed reply 15 of type net.minecraftforge.network.HandshakeMessages$C2SAcknowledge
[26Mar2025 23:05:50.307] [Netty Epoll Server IO #2/DEBUG] [net.minecraftforge.network.HandshakeHandler/FMLHANDSHAKE]: Received acknowledgement from client
[26Mar2025 23:05:50.308] [Netty Epoll Server IO #2/DEBUG] [net.minecraftforge.network.LoginWrapper/FMLHANDSHAKE]: Recieved login wrapper packet event for channel fml:handshake with index 16
[26Mar2025 23:05:50.308] [Netty Epoll Server IO #2/DEBUG] [net.minecraftforge.network.HandshakeHandler/FMLHANDSHAKE]: Received client indexed reply 16 of type net.minecraftforge.network.HandshakeMessages$C2SAcknowledge
[26Mar2025 23:05:50.308] [Netty Epoll Server IO #2/DEBUG] [net.minecraftforge.network.HandshakeHandler/FMLHANDSHAKE]: Received acknowledgement from client
[26Mar2025 23:05:50.309] [Netty Epoll Server IO #2/DEBUG] [net.minecraftforge.network.LoginWrapper/FMLHANDSHAKE]: Recieved login wrapper packet event for channel fml:handshake with index 17
[26Mar2025 23:05:50.309] [Netty Epoll Server IO #2/DEBUG] [net.minecraftforge.network.HandshakeHandler/FMLHANDSHAKE]: Received client indexed reply 17 of type net.minecraftforge.network.HandshakeMessages$C2SAcknowledge
[26Mar2025 23:05:50.309] [Netty Epoll Server IO #2/DEBUG] [net.minecraftforge.network.HandshakeHandler/FMLHANDSHAKE]: Received acknowledgement from client
[26Mar2025 23:05:50.310] [Netty Epoll Server IO #2/DEBUG] [net.minecraftforge.network.LoginWrapper/FMLHANDSHAKE]: Recieved login wrapper packet event for channel fml:handshake with index 18
[26Mar2025 23:05:50.310] [Netty Epoll Server IO #2/DEBUG] [net.minecraftforge.network.HandshakeHandler/FMLHANDSHAKE]: Received client indexed reply 18 of type net.minecraftforge.network.HandshakeMessages$C2SAcknowledge
[26Mar2025 23:05:50.310] [Netty Epoll Server IO #2/DEBUG] [net.minecraftforge.network.HandshakeHandler/FMLHANDSHAKE]: Received acknowledgement from client
[26Mar2025 23:05:50.310] [Netty Epoll Server IO #2/DEBUG] [net.minecraftforge.network.LoginWrapper/FMLHANDSHAKE]: Recieved login wrapper packet event for channel fml:handshake with index 19
[26Mar2025 23:05:50.310] [Netty Epoll Server IO #2/DEBUG] [net.minecraftforge.network.HandshakeHandler/FMLHANDSHAKE]: Received client indexed reply 19 of type net.minecraftforge.network.HandshakeMessages$C2SAcknowledge
[26Mar2025 23:05:50.310] [Netty Epoll Server IO #2/DEBUG] [net.minecraftforge.network.HandshakeHandler/FMLHANDSHAKE]: Received acknowledgement from client
[26Mar2025 23:05:50.311] [Netty Epoll Server IO #2/DEBUG] [net.minecraftforge.network.LoginWrapper/FMLHANDSHAKE]: Recieved login wrapper packet event for channel fml:handshake with index 20
[26Mar2025 23:05:50.311] [Netty Epoll Server IO #2/DEBUG] [net.minecraftforge.network.HandshakeHandler/FMLHANDSHAKE]: Received client indexed reply 20 of type net.minecraftforge.network.HandshakeMessages$C2SAcknowledge
[26Mar2025 23:05:50.311] [Netty Epoll Server IO #2/DEBUG] [net.minecraftforge.network.HandshakeHandler/FMLHANDSHAKE]: Received acknowledgement from client
[26Mar2025 23:05:57.224] [Netty Epoll Server IO #2/DEBUG] [net.minecraftforge.network.LoginWrapper/FMLHANDSHAKE]: Recieved login wrapper packet event for channel fml:handshake with index 21
[26Mar2025 23:05:57.224] [Netty Epoll Server IO #2/DEBUG] [net.minecraftforge.network.HandshakeHandler/FMLHANDSHAKE]: Received client indexed reply 21 of type net.minecraftforge.network.HandshakeMessages$C2SAcknowledge
[26Mar2025 23:05:57.224] [Netty Epoll Server IO #2/DEBUG] [net.minecraftforge.network.HandshakeHandler/FMLHANDSHAKE]: Received acknowledgement from client
[26Mar2025 23:05:57.234] [Netty Epoll Server IO #2/DEBUG] [net.minecraftforge.network.LoginWrapper/FMLHANDSHAKE]: Recieved login wrapper packet event for channel fml:handshake with index 22
[26Mar2025 23:05:57.234] [Netty Epoll Server IO #2/DEBUG] [net.minecraftforge.network.HandshakeHandler/FMLHANDSHAKE]: Received client indexed reply 22 of type net.minecraftforge.network.HandshakeMessages$C2SAcknowledge
[26Mar2025 23:05:57.234] [Netty Epoll Server IO #2/DEBUG] [net.minecraftforge.network.HandshakeHandler/FMLHANDSHAKE]: Received acknowledgement from client
[26Mar2025 23:05:57.244] [Netty Epoll Server IO #2/DEBUG] [net.minecraftforge.network.LoginWrapper/FMLHANDSHAKE]: Recieved login wrapper packet event for channel fml:handshake with index 23
[26Mar2025 23:05:57.244] [Netty Epoll Server IO #2/DEBUG] [net.minecraftforge.network.HandshakeHandler/FMLHANDSHAKE]: Received client indexed reply 23 of type net.minecraftforge.network.HandshakeMessages$C2SAcknowledge
[26Mar2025 23:05:57.244] [Netty Epoll Server IO #2/DEBUG] [net.minecraftforge.network.HandshakeHandler/FMLHANDSHAKE]: Received acknowledgement from client
[26Mar2025 23:05:57.245] [Netty Epoll Server IO #2/DEBUG] [net.minecraftforge.network.LoginWrapper/FMLHANDSHAKE]: Recieved login wrapper packet event for channel fml:handshake with index 24
[26Mar2025 23:05:57.245] [Netty Epoll Server IO #2/DEBUG] [net.minecraftforge.network.HandshakeHandler/FMLHANDSHAKE]: Received client indexed reply 24 of type net.minecraftforge.network.HandshakeMessages$C2SAcknowledge
[26Mar2025 23:05:57.245] [Netty Epoll Server IO #2/DEBUG] [net.minecraftforge.network.HandshakeHandler/FMLHANDSHAKE]: Received acknowledgement from client
[26Mar2025 23:05:57.246] [Netty Epoll Server IO #2/DEBUG] [net.minecraftforge.network.LoginWrapper/FMLHANDSHAKE]: Recieved login wrapper packet event for channel fml:handshake with index 25
[26Mar2025 23:05:57.246] [Netty Epoll Server IO #2/DEBUG] [net.minecraftforge.network.HandshakeHandler/FMLHANDSHAKE]: Received client indexed reply 25 of type net.minecraftforge.network.HandshakeMessages$C2SAcknowledge
[26Mar2025 23:05:57.246] [Netty Epoll Server IO #2/DEBUG] [net.minecraftforge.network.HandshakeHandler/FMLHANDSHAKE]: Received acknowledgement from client
[26Mar2025 23:05:57.263] [Netty Epoll Server IO #2/DEBUG] [net.minecraftforge.network.LoginWrapper/FMLHANDSHAKE]: Recieved login wrapper packet event for channel fml:handshake with index 26
[26Mar2025 23:05:57.263] [Netty Epoll Server IO #2/DEBUG] [net.minecraftforge.network.HandshakeHandler/FMLHANDSHAKE]: Received client indexed reply 26 of type net.minecraftforge.network.HandshakeMessages$C2SAcknowledge
[26Mar2025 23:05:57.263] [Netty Epoll Server IO #2/DEBUG] [net.minecraftforge.network.HandshakeHandler/FMLHANDSHAKE]: Received acknowledgement from client
[26Mar2025 23:05:57.263] [Netty Epoll Server IO #2/DEBUG] [net.minecraftforge.network.LoginWrapper/FMLHANDSHAKE]: Recieved login wrapper packet event for channel fml:handshake with index 27
[26Mar2025 23:05:57.263] [Netty Epoll Server IO #2/DEBUG] [net.minecraftforge.network.HandshakeHandler/FMLHANDSHAKE]: Received client indexed reply 27 of type net.minecraftforge.network.HandshakeMessages$C2SAcknowledge
[26Mar2025 23:05:57.263] [Netty Epoll Server IO #2/DEBUG] [net.minecraftforge.network.HandshakeHandler/FMLHANDSHAKE]: Received acknowledgement from client
[26Mar2025 23:05:57.268] [Netty Epoll Server IO #2/DEBUG] [net.minecraftforge.network.LoginWrapper/FMLHANDSHAKE]: Recieved login wrapper packet event for channel fml:handshake with index 28
[26Mar2025 23:05:57.268] [Netty Epoll Server IO #2/DEBUG] [net.minecraftforge.network.HandshakeHandler/FMLHANDSHAKE]: Received client indexed reply 28 of type net.minecraftforge.network.HandshakeMessages$C2SAcknowledge
[26Mar2025 23:05:57.268] [Netty Epoll Server IO #2/DEBUG] [net.minecraftforge.network.HandshakeHandler/FMLHANDSHAKE]: Received acknowledgement from client
[26Mar2025 23:05:57.273] [Netty Epoll Server IO #2/DEBUG] [net.minecraftforge.network.LoginWrapper/FMLHANDSHAKE]: Recieved login wrapper packet event for channel fml:handshake with index 29
[26Mar2025 23:05:57.273] [Netty Epoll Server IO #2/DEBUG] [net.minecraftforge.network.HandshakeHandler/FMLHANDSHAKE]: Received client indexed reply 29 of type net.minecraftforge.network.HandshakeMessages$C2SAcknowledge
[26Mar2025 23:05:57.273] [Netty Epoll Server IO #2/DEBUG] [net.minecraftforge.network.HandshakeHandler/FMLHANDSHAKE]: Received acknowledgement from client
[26Mar2025 23:05:57.284] [Server thread/DEBUG] [net.minecraftforge.network.HandshakeHandler/FMLHANDSHAKE]: Handshake complete!
[26Mar2025 23:05:57.349] [Server thread/DEBUG] [mixin/]: Mixing ItemStackHandlerMixin from sona.mixins.json into net.minecraftforge.items.ItemStackHandler
[26Mar2025 23:05:57.355] [Server thread/DEBUG] [mixin/]: Mixing PlayerEnderChestContainerMixin from automobility.mixins.json into net.minecraft.world.inventory.PlayerEnderChestContainer
[26Mar2025 23:05:57.446] [Server thread/INFO] [net.minecraft.server.players.PlayerList/]: correcamin0[/127.28.69.233:56805] logged in with entity id 99 at (1373.851851557662, 126.0, 720.3698000876549)
[26Mar2025 23:05:57.455] [Server thread/DEBUG] [net.minecraftforge.network.filters.NetworkFilters/]: Injected net.minecraftforge.network.filters.ForgeConnectionNetworkFilter@a3d91c0 into net.minecraft.network.Connection@c2ac060
[26Mar2025 23:05:57.547] [Server thread/INFO] [net.minecraft.server.MinecraftServer/]: correcamin0 joined the game
[26Mar2025 23:05:59.492] [Server thread/DEBUG] [tacz/SYNC_BASE_TIMESTAMP]: Update server base timestamp: 1743030358546
[26Mar2025 23:05:59.493] [Server thread/WARN] [net.minecraft.server.MinecraftServer/]: Can't keep up! Is the server overloaded? Running 2059ms or 41 ticks behind
[26Mar2025 23:05:59.744] [Server thread/DEBUG] [io.netty.util.internal.ThreadLocalRandom/]: -Dio.netty.initialSeedUniquifier: 0xb532938a559410e0
[26Mar2025 23:06:00.205] [Server thread/WARN] [net.minecraft.server.level.ServerLevel/]: Tried to add entity zombie_island:walker but it was marked as removed already
[26Mar2025 23:07:54.355] [Server thread/DEBUG] [mixin/]: Mixing CompoundContainerMixin from sona.mixins.json into net.minecraft.world.CompoundContainer
[26Mar2025 23:07:54.364] [Server thread/DEBUG] [mixin/]: Mixing MixinPiglinAi from curios.mixins.json into net.minecraft.world.entity.monster.piglin.PiglinAi
[26Mar2025 23:08:40.610] [Server thread/DEBUG] [pointblank/]: 20610 handling client fire request
[26Mar2025 23:08:40.611] [Server thread/DEBUG] [pointblank/]: Setting ammo in stack 109967664 to 24
[26Mar2025 23:08:40.613] [Server thread/DEBUG] [pointblank/]: 20613 - obtained hit result in 0ms
[26Mar2025 23:08:40.613] [Server thread/DEBUG] [pointblank/]: 20613 obtained hit results
[26Mar2025 23:08:40.613] [Server thread/DEBUG] [pointblank/]: Executing hit target task for hit result net.minecraft.world.phys.EntityHitResult@312b5627
[26Mar2025 23:08:40.629] [Server thread/DEBUG] [pointblank/]: Creating state 05372dbb-0c55-41e8-b134-506bd9b065c0
[26Mar2025 23:08:40.641] [Server thread/DEBUG] [pointblank/]: ServerPlayer['correcamin0'/99, l='ServerLevel[world]', x=1373.09, y=125.87, z=731.65] sends hit scan notification to ServerPlayer['correcamin0'/99, l='ServerLevel[world]', x=1373.09, y=125.87, z=731.65]
[26Mar2025 23:08:40.700] [Server thread/DEBUG] [pointblank/]: 20700 handling client fire request
[26Mar2025 23:08:40.700] [Server thread/DEBUG] [pointblank/]: Setting ammo in stack 109967664 to 23
[26Mar2025 23:08:40.701] [Server thread/DEBUG] [pointblank/]: 20701 - obtained hit result in 0ms
[26Mar2025 23:08:40.701] [Server thread/DEBUG] [pointblank/]: 20701 obtained hit results
[26Mar2025 23:08:40.701] [Server thread/DEBUG] [pointblank/]: Executing hit target task for hit result net.minecraft.world.phys.BlockHitResult@6df8fead
[26Mar2025 23:08:40.702] [Server thread/DEBUG] [pointblank/]: ServerPlayer['correcamin0'/99, l='ServerLevel[world]', x=1373.09, y=125.87, z=731.65] sends hit scan notification to ServerPlayer['correcamin0'/99, l='ServerLevel[world]', x=1373.09, y=125.87, z=731.65]
[26Mar2025 23:08:40.798] [Server thread/DEBUG] [pointblank/]: 20798 handling client fire request
[26Mar2025 23:08:40.798] [Server thread/DEBUG] [pointblank/]: Setting ammo in stack 109967664 to 22
[26Mar2025 23:08:40.798] [Server thread/DEBUG] [pointblank/]: 20798 - obtained hit result in 0ms
[26Mar2025 23:08:40.798] [Server thread/DEBUG] [pointblank/]: 20798 obtained hit results
[26Mar2025 23:08:40.798] [Server thread/DEBUG] [pointblank/]: Executing hit target task for hit result net.minecraft.world.phys.BlockHitResult@4379315f
[26Mar2025 23:08:40.799] [Server thread/DEBUG] [pointblank/]: ServerPlayer['correcamin0'/99, l='ServerLevel[world]', x=1373.09, y=125.87, z=731.65] sends hit scan notification to ServerPlayer['correcamin0'/99, l='ServerLevel[world]', x=1373.09, y=125.87, z=731.65]
[26Mar2025 23:08:40.850] [Server thread/DEBUG] [pointblank/]: 20850 handling client fire request
[26Mar2025 23:08:40.850] [Server thread/DEBUG] [pointblank/]: Setting ammo in stack 109967664 to 21
[26Mar2025 23:08:40.850] [Server thread/DEBUG] [pointblank/]: 20850 - obtained hit result in 0ms
[26Mar2025 23:08:40.851] [Server thread/DEBUG] [pointblank/]: 20851 obtained hit results
[26Mar2025 23:08:40.851] [Server thread/DEBUG] [pointblank/]: Executing hit target task for hit result net.minecraft.world.phys.BlockHitResult@69deb20b
[26Mar2025 23:08:40.851] [Server thread/DEBUG] [pointblank/]: ServerPlayer['correcamin0'/99, l='ServerLevel[world]', x=1373.09, y=125.87, z=731.65] sends hit scan notification to ServerPlayer['correcamin0'/99, l='ServerLevel[world]', x=1373.09, y=125.87, z=731.65]
[26Mar2025 23:08:40.950] [Server thread/DEBUG] [pointblank/]: 20950 handling client fire request
[26Mar2025 23:08:40.951] [Server thread/DEBUG] [pointblank/]: Setting ammo in stack 109967664 to 20
[26Mar2025 23:08:40.951] [Server thread/DEBUG] [pointblank/]: 20951 - obtained hit result in 0ms
[26Mar2025 23:08:40.951] [Server thread/DEBUG] [pointblank/]: 20951 obtained hit results
[26Mar2025 23:08:40.951] [Server thread/DEBUG] [pointblank/]: Executing hit target task for hit result net.minecraft.world.phys.BlockHitResult@474be28f
[26Mar2025 23:08:40.951] [Server thread/DEBUG] [pointblank/]: ServerPlayer['correcamin0'/99, l='ServerLevel[world]', x=1373.09, y=125.87, z=731.65] sends hit scan notification to ServerPlayer['correcamin0'/99, l='ServerLevel[world]', x=1373.09, y=125.87, z=731.65]
[26Mar2025 23:08:41.598] [Server thread/DEBUG] [pointblank/]: Setting ammo in stack 109967664 to 25
[26Mar2025 23:08:45.979] [Netty Epoll Server IO #4/DEBUG] [net.minecraftforge.network.HandshakeHandler/FMLHANDSHAKE]: Starting new modded impl connection. Found 30 messages to dispatch.
[26Mar2025 23:08:46.001] [Server thread/DEBUG] [net.minecraftforge.network.HandshakeHandler/FMLHANDSHAKE]: Sending ticking packet info 'com.tacz.guns.network.message.handshake.ServerMessageSyncedEntityDataMapping' to 'tacz:handshake' sequence 0
[26Mar2025 23:08:46.047] [Server thread/DEBUG] [net.minecraftforge.network.HandshakeHandler/FMLHANDSHAKE]: Sending ticking packet info 'net.minecraftforge.network.HandshakeMessages$S2CModData' to 'fml:handshake' sequence 1
[26Mar2025 23:08:46.100] [Server thread/DEBUG] [net.minecraftforge.network.HandshakeHandler/FMLHANDSHAKE]: Sending ticking packet info 'net.minecraftforge.network.HandshakeMessages$S2CModList' to 'fml:handshake' sequence 2
[26Mar2025 23:08:46.111] [Netty Epoll Server IO #4/DEBUG] [net.minecraftforge.network.LoginWrapper/FMLHANDSHAKE]: Recieved login wrapper packet event for channel tacz:handshake with index 0
[26Mar2025 23:08:46.111] [Netty Epoll Server IO #4/DEBUG] [net.minecraftforge.network.HandshakeHandler/FMLHANDSHAKE]: Received client indexed reply 0 of type com.tacz.guns.network.message.handshake.Acknowledge
[26Mar2025 23:08:46.111] [Netty Epoll Server IO #4/DEBUG] [tacz/HANDSHAKE_ACKNOWLEDGE]: Received acknowledgement from client
[26Mar2025 23:08:46.149] [Server thread/DEBUG] [net.minecraftforge.network.HandshakeHandler/FMLHANDSHAKE]: Sending ticking packet info 'Registry minecraft:command_argument_type' to 'fml:handshake' sequence 3
[26Mar2025 23:08:46.197] [Server thread/DEBUG] [net.minecraftforge.network.HandshakeHandler/FMLHANDSHAKE]: Sending ticking packet info 'Registry minecraft:recipe_serializer' to 'fml:handshake' sequence 4
[26Mar2025 23:08:46.245] [Server thread/DEBUG] [net.minecraftforge.network.HandshakeHandler/FMLHANDSHAKE]: Sending ticking packet info 'Registry minecraft:sound_event' to 'fml:handshake' sequence 5
[26Mar2025 23:08:46.250] [Netty Epoll Server IO #4/DEBUG] [net.minecraftforge.network.LoginWrapper/FMLHANDSHAKE]: Recieved login wrapper packet event for channel fml:handshake with index 2
[26Mar2025 23:08:46.250] [Netty Epoll Server IO #4/DEBUG] [net.minecraftforge.network.HandshakeHandler/FMLHANDSHAKE]: Received client indexed reply 2 of type net.minecraftforge.network.HandshakeMessages$C2SModListReply
[26Mar2025 23:08:46.250] [Netty Epoll Server IO #4/DEBUG] [net.minecraftforge.network.HandshakeHandler/FMLHANDSHAKE]: Received client connection with modlist [minecraft, zombie_extreme, mowziesmobs, extragore, mutantmonsters, geckolib, lrarmor, zombie_island, jei, eeeabsmobs, apocalypsenow, graveyard, tacz, born_in_chaos_v1, lionfishapi, extinction, car, cataclysm, curios, zombiesmore, underground_bunkers, securitycraft, legendary_monsters, horror_element_mod, lostcities, mixinextras, pointblank, wegotrunnners, automobility, aiimprovements, terralith, puzzleslib, faded_conquest_2, puzzlesaccessapi, forge, horde_hoard, tlskincape, explosiveenhancement, sona, zombiekit, tectonic]
[26Mar2025 23:08:46.250] [Netty Epoll Server IO #4/DEBUG] [net.minecraftforge.network.NetworkRegistry/NETREGISTRY]: Channel 'pointblank:pointblank' : Version test of '1' from client : ACCEPTED
[26Mar2025 23:08:46.251] [Netty Epoll Server IO #4/DEBUG] [net.minecraftforge.network.NetworkRegistry/NETREGISTRY]: Channel 'eeeabsmobs:net' : Version test of '1.0' from client : ACCEPTED
[26Mar2025 23:08:46.251] [Netty Epoll Server IO #4/DEBUG] [net.minecraftforge.network.NetworkRegistry/NETREGISTRY]: Channel 'jei:channel' : Version test of '1.0.0' from client : ACCEPTED
[26Mar2025 23:08:46.251] [Netty Epoll Server IO #4/DEBUG] [net.minecraftforge.network.NetworkRegistry/NETREGISTRY]: Channel 'legendary_monsters:main_channel' : Version test of '1' from client : ACCEPTED
[26Mar2025 23:08:46.251] [Netty Epoll Server IO #4/DEBUG] [net.minecraftforge.network.NetworkRegistry/NETREGISTRY]: Channel 'minecraft:unregister' : Version test of 'FML3' from client : ACCEPTED
[26Mar2025 23:08:46.251] [Netty Epoll Server IO #4/DEBUG] [net.minecraftforge.network.NetworkRegistry/NETREGISTRY]: Channel 'puzzleslib:1' : Version test of '1' from client : ACCEPTED
[26Mar2025 23:08:46.251] [Netty Epoll Server IO #4/DEBUG] [net.minecraftforge.network.NetworkRegistry/NETREGISTRY]: Channel 'securitycraft:securitycraft' : Version test of 'v1.9.12' from client : ACCEPTED
[26Mar2025 23:08:46.251] [Netty Epoll Server IO #4/DEBUG] [net.minecraftforge.network.NetworkRegistry/NETREGISTRY]: Channel 'born_in_chaos_v1:born_in_chaos_v1' : Version test of '1' from client : ACCEPTED
[26Mar2025 23:08:46.251] [Netty Epoll Server IO #4/DEBUG] [net.minecraftforge.network.NetworkRegistry/NETREGISTRY]: Channel 'zombie_extreme:zombie_extreme' : Version test of '1' from client : ACCEPTED
[26Mar2025 23:08:46.251] [Netty Epoll Server IO #4/DEBUG] [net.minecraftforge.network.NetworkRegistry/NETREGISTRY]: Channel 'lostcities:lostcities' : Version test of '1.0' from client : ACCEPTED
[26Mar2025 23:08:46.251] [Netty Epoll Server IO #4/DEBUG] [net.minecraftforge.network.NetworkRegistry/NETREGISTRY]: Channel 'explosiveenhancement:main_channel' : Version test of '1' from client : ACCEPTED
[26Mar2025 23:08:46.251] [Netty Epoll Server IO #4/DEBUG] [net.minecraftforge.network.NetworkRegistry/NETREGISTRY]: Channel 'zombiekit:zombiekit' : Version test of '1' from client : ACCEPTED
[26Mar2025 23:08:46.251] [Netty Epoll Server IO #4/DEBUG] [net.minecraftforge.network.NetworkRegistry/NETREGISTRY]: Channel 'tacz:handshake' : Version test of '1.0.4' from client : ACCEPTED
[26Mar2025 23:08:46.251] [Netty Epoll Server IO #4/DEBUG] [net.minecraftforge.network.NetworkRegistry/NETREGISTRY]: Channel 'curios:main' : Version test of '1' from client : ACCEPTED
[26Mar2025 23:08:46.251] [Netty Epoll Server IO #4/DEBUG] [net.minecraftforge.network.NetworkRegistry/NETREGISTRY]: Channel 'extragore:main' : Version test of '1' from client : ACCEPTED
[26Mar2025 23:08:46.251] [Netty Epoll Server IO #4/DEBUG] [net.minecraftforge.network.NetworkRegistry/NETREGISTRY]: Channel 'sona:sona' : Version test of '1' from client : ACCEPTED
[26Mar2025 23:08:46.251] [Netty Epoll Server IO #4/DEBUG] [net.minecraftforge.network.NetworkRegistry/NETREGISTRY]: Channel 'apocalypsenow:apocalypsenow' : Version test of '1' from client : ACCEPTED
[26Mar2025 23:08:46.251] [Netty Epoll Server IO #4/DEBUG] [net.minecraftforge.network.NetworkRegistry/NETREGISTRY]: Channel 'cataclysm:main_channel' : Version test of '1' from client : ACCEPTED
[26Mar2025 23:08:46.251] [Netty Epoll Server IO #4/DEBUG] [net.minecraftforge.network.NetworkRegistry/NETREGISTRY]: Channel 'lionfishapi:main_channel' : Version test of '1' from client : ACCEPTED
[26Mar2025 23:08:46.251] [Netty Epoll Server IO #4/DEBUG] [net.minecraftforge.network.NetworkRegistry/NETREGISTRY]: Channel 'horror_element_mod:horror_element_mod' : Version test of '1' from client : ACCEPTED
[26Mar2025 23:08:46.251] [Netty Epoll Server IO #4/DEBUG] [net.minecraftforge.network.NetworkRegistry/NETREGISTRY]: Channel 'fml:loginwrapper' : Version test of 'FML3' from client : ACCEPTED
[26Mar2025 23:08:46.251] [Netty Epoll Server IO #4/DEBUG] [net.minecraftforge.network.NetworkRegistry/NETREGISTRY]: Channel 'forge:tier_sorting' : Version test of '1.0' from client : ACCEPTED
[26Mar2025 23:08:46.251] [Netty Epoll Server IO #4/DEBUG] [net.minecraftforge.network.NetworkRegistry/NETREGISTRY]: Channel 'automobility:main' : Version test of '0.3' from client : ACCEPTED
[26Mar2025 23:08:46.251] [Netty Epoll Server IO #4/DEBUG] [net.minecraftforge.network.NetworkRegistry/NETREGISTRY]: Channel 'zombiesmore:zombiesmore' : Version test of '1' from client : ACCEPTED
[26Mar2025 23:08:46.251] [Netty Epoll Server IO #4/DEBUG] [net.minecraftforge.network.NetworkRegistry/NETREGISTRY]: Channel 'mowziesmobs:net' : Version test of '1' from client : ACCEPTED
[26Mar2025 23:08:46.251] [Netty Epoll Server IO #4/DEBUG] [net.minecraftforge.network.NetworkRegistry/NETREGISTRY]: Channel 'wegotrunnners:wegotrunnners' : Version test of '1' from client : ACCEPTED
[26Mar2025 23:08:46.251] [Netty Epoll Server IO #4/DEBUG] [net.minecraftforge.network.NetworkRegistry/NETREGISTRY]: Channel 'fml:play' : Version test of 'FML3' from client : ACCEPTED
[26Mar2025 23:08:46.251] [Netty Epoll Server IO #4/DEBUG] [net.minecraftforge.network.NetworkRegistry/NETREGISTRY]: Channel 'zombie_island:zombie_island' : Version test of '1' from client : ACCEPTED
[26Mar2025 23:08:46.251] [Netty Epoll Server IO #4/DEBUG] [net.minecraftforge.network.NetworkRegistry/NETREGISTRY]: Channel 'car:default' : Version test of '1.0.0' from client : ACCEPTED
[26Mar2025 23:08:46.251] [Netty Epoll Server IO #4/DEBUG] [net.minecraftforge.network.NetworkRegistry/NETREGISTRY]: Channel 'faded_conquest_2:faded_conquest_2' : Version test of '1' from client : ACCEPTED
[26Mar2025 23:08:46.251] [Netty Epoll Server IO #4/DEBUG] [net.minecraftforge.network.NetworkRegistry/NETREGISTRY]: Channel 'lrarmor:network' : Version test of '0.1.0' from client : ACCEPTED
[26Mar2025 23:08:46.251] [Netty Epoll Server IO #4/DEBUG] [net.minecraftforge.network.NetworkRegistry/NETREGISTRY]: Channel 'fml:handshake' : Version test of 'FML3' from client : ACCEPTED
[26Mar2025 23:08:46.251] [Netty Epoll Server IO #4/DEBUG] [net.minecraftforge.network.NetworkRegistry/NETREGISTRY]: Channel 'extinction:extinction' : Version test of '1' from client : ACCEPTED
[26Mar2025 23:08:46.251] [Netty Epoll Server IO #4/DEBUG] [net.minecraftforge.network.NetworkRegistry/NETREGISTRY]: Channel 'mutantmonsters:1' : Version test of '1' from client : ACCEPTED
[26Mar2025 23:08:46.251] [Netty Epoll Server IO #4/DEBUG] [net.minecraftforge.network.NetworkRegistry/NETREGISTRY]: Channel 'horde_hoard:horde_hoard' : Version test of '1' from client : ACCEPTED
[26Mar2025 23:08:46.251] [Netty Epoll Server IO #4/DEBUG] [net.minecraftforge.network.NetworkRegistry/NETREGISTRY]: Channel 'minecraft:register' : Version test of 'FML3' from client : ACCEPTED
[26Mar2025 23:08:46.252] [Netty Epoll Server IO #4/DEBUG] [net.minecraftforge.network.NetworkRegistry/NETREGISTRY]: Channel 'forge:split' : Version test of '1.1' from client : ACCEPTED
[26Mar2025 23:08:46.252] [Netty Epoll Server IO #4/DEBUG] [net.minecraftforge.network.NetworkRegistry/NETREGISTRY]: Channel 'tacz:network' : Version test of '1.0.4' from client : ACCEPTED
[26Mar2025 23:08:46.252] [Netty Epoll Server IO #4/DEBUG] [net.minecraftforge.network.NetworkRegistry/NETREGISTRY]: Channel 'geckolib:main' : Version test of '1' from client : ACCEPTED
[26Mar2025 23:08:46.252] [Netty Epoll Server IO #4/DEBUG] [net.minecraftforge.network.NetworkRegistry/NETREGISTRY]: Channel 'graveyard:spawn_entity' : Version test of '1' from client : ACCEPTED
[26Mar2025 23:08:46.252] [Netty Epoll Server IO #4/DEBUG] [net.minecraftforge.network.NetworkRegistry/NETREGISTRY]: Accepting channel list from client
[26Mar2025 23:08:46.252] [Netty Epoll Server IO #4/DEBUG] [net.minecraftforge.network.HandshakeHandler/FMLHANDSHAKE]: Accepted client connection mod list
[26Mar2025 23:08:46.290] [Netty Epoll Server IO #4/DEBUG] [net.minecraftforge.network.LoginWrapper/FMLHANDSHAKE]: Recieved login wrapper packet event for channel fml:handshake with index 3
[26Mar2025 23:08:46.290] [Netty Epoll Server IO #4/DEBUG] [net.minecraftforge.network.HandshakeHandler/FMLHANDSHAKE]: Received client indexed reply 3 of type net.minecraftforge.network.HandshakeMessages$C2SAcknowledge
[26Mar2025 23:08:46.290] [Netty Epoll Server IO #4/DEBUG] [net.minecraftforge.network.HandshakeHandler/FMLHANDSHAKE]: Received acknowledgement from client
[26Mar2025 23:08:46.297] [Server thread/DEBUG] [net.minecraftforge.network.HandshakeHandler/FMLHANDSHAKE]: Sending ticking packet info 'Registry minecraft:particle_type' to 'fml:handshake' sequence 6
[26Mar2025 23:08:46.338] [Netty Epoll Server IO #4/DEBUG] [net.minecraftforge.network.LoginWrapper/FMLHANDSHAKE]: Recieved login wrapper packet event for channel fml:handshake with index 4
[26Mar2025 23:08:46.338] [Netty Epoll Server IO #4/DEBUG] [net.minecraftforge.network.HandshakeHandler/FMLHANDSHAKE]: Received client indexed reply 4 of type net.minecraftforge.network.HandshakeMessages$C2SAcknowledge
[26Mar2025 23:08:46.338] [Netty Epoll Server IO #4/DEBUG] [net.minecraftforge.network.HandshakeHandler/FMLHANDSHAKE]: Received acknowledgement from client
[26Mar2025 23:08:46.350] [Server thread/DEBUG] [net.minecraftforge.network.HandshakeHandler/FMLHANDSHAKE]: Sending ticking packet info 'Registry minecraft:villager_profession' to 'fml:handshake' sequence 7
[26Mar2025 23:08:46.401] [Server thread/DEBUG] [net.minecraftforge.network.HandshakeHandler/FMLHANDSHAKE]: Sending ticking packet info 'Registry minecraft:item' to 'fml:handshake' sequence 8
[26Mar2025 23:08:46.451] [Server thread/DEBUG] [net.minecraftforge.network.HandshakeHandler/FMLHANDSHAKE]: Sending ticking packet info 'Registry minecraft:potion' to 'fml:handshake' sequence 9
[26Mar2025 23:08:46.504] [Server thread/DEBUG] [net.minecraftforge.network.HandshakeHandler/FMLHANDSHAKE]: Sending ticking packet info 'Registry minecraft:painting_variant' to 'fml:handshake' sequence 10
[26Mar2025 23:08:46.532] [Netty Epoll Server IO #4/DEBUG] [net.minecraftforge.network.LoginWrapper/FMLHANDSHAKE]: Recieved login wrapper packet event for channel fml:handshake with index 5
[26Mar2025 23:08:46.532] [Netty Epoll Server IO #4/DEBUG] [net.minecraftforge.network.HandshakeHandler/FMLHANDSHAKE]: Received client indexed reply 5 of type net.minecraftforge.network.HandshakeMessages$C2SAcknowledge
[26Mar2025 23:08:46.532] [Netty Epoll Server IO #4/DEBUG] [net.minecraftforge.network.HandshakeHandler/FMLHANDSHAKE]: Received acknowledgement from client
[26Mar2025 23:08:46.553] [Server thread/DEBUG] [net.minecraftforge.network.HandshakeHandler/FMLHANDSHAKE]: Sending ticking packet info 'Registry forge:fluid_type' to 'fml:handshake' sequence 11
[26Mar2025 23:08:46.554] [Netty Epoll Server IO #4/DEBUG] [net.minecraftforge.network.LoginWrapper/FMLHANDSHAKE]: Recieved login wrapper packet event for channel fml:handshake with index 6
[26Mar2025 23:08:46.554] [Netty Epoll Server IO #4/DEBUG] [net.minecraftforge.network.HandshakeHandler/FMLHANDSHAKE]: Received client indexed reply 6 of type net.minecraftforge.network.HandshakeMessages$C2SAcknowledge
[26Mar2025 23:08:46.554] [Netty Epoll Server IO #4/DEBUG] [net.minecraftforge.network.HandshakeHandler/FMLHANDSHAKE]: Received acknowledgement from client
[26Mar2025 23:08:46.554] [Netty Epoll Server IO #4/DEBUG] [net.minecraftforge.network.LoginWrapper/FMLHANDSHAKE]: Recieved login wrapper packet event for channel fml:handshake with index 7
[26Mar2025 23:08:46.554] [Netty Epoll Server IO #4/DEBUG] [net.minecraftforge.network.HandshakeHandler/FMLHANDSHAKE]: Received client indexed reply 7 of type net.minecraftforge.network.HandshakeMessages$C2SAcknowledge
[26Mar2025 23:08:46.554] [Netty Epoll Server IO #4/DEBUG] [net.minecraftforge.network.HandshakeHandler/FMLHANDSHAKE]: Received acknowledgement from client
[26Mar2025 23:08:46.603] [Server thread/DEBUG] [net.minecraftforge.network.HandshakeHandler/FMLHANDSHAKE]: Sending ticking packet info 'Registry minecraft:block_entity_type' to 'fml:handshake' sequence 12
[26Mar2025 23:08:46.647] [Server thread/DEBUG] [net.minecraftforge.network.HandshakeHandler/FMLHANDSHAKE]: Sending ticking packet info 'Registry forge:display_contexts' to 'fml:handshake' sequence 13
[26Mar2025 23:08:46.697] [Server thread/DEBUG] [net.minecraftforge.network.HandshakeHandler/FMLHANDSHAKE]: Sending ticking packet info 'Registry minecraft:block' to 'fml:handshake' sequence 14
[26Mar2025 23:08:46.709] [Netty Epoll Server IO #4/DEBUG] [net.minecraftforge.network.LoginWrapper/FMLHANDSHAKE]: Recieved login wrapper packet event for channel fml:handshake with index 8
[26Mar2025 23:08:46.709] [Netty Epoll Server IO #4/DEBUG] [net.minecraftforge.network.HandshakeHandler/FMLHANDSHAKE]: Received client indexed reply 8 of type net.minecraftforge.network.HandshakeMessages$C2SAcknowledge
[26Mar2025 23:08:46.709] [Netty Epoll Server IO #4/DEBUG] [net.minecraftforge.network.HandshakeHandler/FMLHANDSHAKE]: Received acknowledgement from client
[26Mar2025 23:08:46.710] [Netty Epoll Server IO #4/DEBUG] [net.minecraftforge.network.LoginWrapper/FMLHANDSHAKE]: Recieved login wrapper packet event for channel fml:handshake with index 9
[26Mar2025 23:08:46.710] [Netty Epoll Server IO #4/DEBUG] [net.minecraftforge.network.HandshakeHandler/FMLHANDSHAKE]: Received client indexed reply 9 of type net.minecraftforge.network.HandshakeMessages$C2SAcknowledge
[26Mar2025 23:08:46.710] [Netty Epoll Server IO #4/DEBUG] [net.minecraftforge.network.HandshakeHandler/FMLHANDSHAKE]: Received acknowledgement from client
[26Mar2025 23:08:46.710] [Netty Epoll Server IO #4/DEBUG] [net.minecraftforge.network.LoginWrapper/FMLHANDSHAKE]: Recieved login wrapper packet event for channel fml:handshake with index 10
[26Mar2025 23:08:46.710] [Netty Epoll Server IO #4/DEBUG] [net.minecraftforge.network.HandshakeHandler/FMLHANDSHAKE]: Received client indexed reply 10 of type net.minecraftforge.network.HandshakeMessages$C2SAcknowledge
[26Mar2025 23:08:46.710] [Netty Epoll Server IO #4/DEBUG] [net.minecraftforge.network.HandshakeHandler/FMLHANDSHAKE]: Received acknowledgement from client
[26Mar2025 23:08:46.710] [Netty Epoll Server IO #4/DEBUG] [net.minecraftforge.network.LoginWrapper/FMLHANDSHAKE]: Recieved login wrapper packet event for channel fml:handshake with index 11
[26Mar2025 23:08:46.710] [Netty Epoll Server IO #4/DEBUG] [net.minecraftforge.network.HandshakeHandler/FMLHANDSHAKE]: Received client indexed reply 11 of type net.minecraftforge.network.HandshakeMessages$C2SAcknowledge
[26Mar2025 23:08:46.710] [Netty Epoll Server IO #4/DEBUG] [net.minecraftforge.network.HandshakeHandler/FMLHANDSHAKE]: Received acknowledgement from client
[26Mar2025 23:08:46.711] [Netty Epoll Server IO #4/DEBUG] [net.minecraftforge.network.LoginWrapper/FMLHANDSHAKE]: Recieved login wrapper packet event for channel fml:handshake with index 12
[26Mar2025 23:08:46.711] [Netty Epoll Server IO #4/DEBUG] [net.minecraftforge.network.HandshakeHandler/FMLHANDSHAKE]: Received client indexed reply 12 of type net.minecraftforge.network.HandshakeMessages$C2SAcknowledge
[26Mar2025 23:08:46.711] [Netty Epoll Server IO #4/DEBUG] [net.minecraftforge.network.HandshakeHandler/FMLHANDSHAKE]: Received acknowledgement from client
[26Mar2025 23:08:46.747] [Server thread/DEBUG] [net.minecraftforge.network.HandshakeHandler/FMLHANDSHAKE]: Sending ticking packet info 'Registry forge:entity_data_serializers' to 'fml:handshake' sequence 15
[26Mar2025 23:08:46.787] [Netty Epoll Server IO #4/DEBUG] [net.minecraftforge.network.LoginWrapper/FMLHANDSHAKE]: Recieved login wrapper packet event for channel fml:handshake with index 13
[26Mar2025 23:08:46.787] [Netty Epoll Server IO #4/DEBUG] [net.minecraftforge.network.HandshakeHandler/FMLHANDSHAKE]: Received client indexed reply 13 of type net.minecraftforge.network.HandshakeMessages$C2SAcknowledge
[26Mar2025 23:08:46.787] [Netty Epoll Server IO #4/DEBUG] [net.minecraftforge.network.HandshakeHandler/FMLHANDSHAKE]: Received acknowledgement from client
[26Mar2025 23:08:46.796] [Server thread/DEBUG] [net.minecraftforge.network.HandshakeHandler/FMLHANDSHAKE]: Sending ticking packet info 'Registry minecraft:mob_effect' to 'fml:handshake' sequence 16
[26Mar2025 23:08:46.846] [Server thread/DEBUG] [net.minecraftforge.network.HandshakeHandler/FMLHANDSHAKE]: Sending ticking packet info 'Registry minecraft:stat_type' to 'fml:handshake' sequence 17
[26Mar2025 23:08:46.885] [Netty Epoll Server IO #4/DEBUG] [net.minecraftforge.network.LoginWrapper/FMLHANDSHAKE]: Recieved login wrapper packet event for channel fml:handshake with index 14
[26Mar2025 23:08:46.885] [Netty Epoll Server IO #4/DEBUG] [net.minecraftforge.network.HandshakeHandler/FMLHANDSHAKE]: Received client indexed reply 14 of type net.minecraftforge.network.HandshakeMessages$C2SAcknowledge
[26Mar2025 23:08:46.885] [Netty Epoll Server IO #4/DEBUG] [net.minecraftforge.network.HandshakeHandler/FMLHANDSHAKE]: Received acknowledgement from client
[26Mar2025 23:08:46.885] [Netty Epoll Server IO #4/DEBUG] [net.minecraftforge.network.LoginWrapper/FMLHANDSHAKE]: Recieved login wrapper packet event for channel fml:handshake with index 15
[26Mar2025 23:08:46.885] [Netty Epoll Server IO #4/DEBUG] [net.minecraftforge.network.HandshakeHandler/FMLHANDSHAKE]: Received client indexed reply 15 of type net.minecraftforge.network.HandshakeMessages$C2SAcknowledge
[26Mar2025 23:08:46.885] [Netty Epoll Server IO #4/DEBUG] [net.minecraftforge.network.HandshakeHandler/FMLHANDSHAKE]: Received acknowledgement from client
[26Mar2025 23:08:46.902] [Server thread/DEBUG] [net.minecraftforge.network.HandshakeHandler/FMLHANDSHAKE]: Sending ticking packet info 'Registry minecraft:menu' to 'fml:handshake' sequence 18
[26Mar2025 23:08:46.952] [Server thread/DEBUG] [net.minecraftforge.network.HandshakeHandler/FMLHANDSHAKE]: Sending ticking packet info 'Registry minecraft:enchantment' to 'fml:handshake' sequence 19
[26Mar2025 23:08:46.977] [Netty Epoll Server IO #4/DEBUG] [net.minecraftforge.network.LoginWrapper/FMLHANDSHAKE]: Recieved login wrapper packet event for channel fml:handshake with index 16
[26Mar2025 23:08:46.977] [Netty Epoll Server IO #4/DEBUG] [net.minecraftforge.network.HandshakeHandler/FMLHANDSHAKE]: Received client indexed reply 16 of type net.minecraftforge.network.HandshakeMessages$C2SAcknowledge
[26Mar2025 23:08:46.977] [Netty Epoll Server IO #4/DEBUG] [net.minecraftforge.network.HandshakeHandler/FMLHANDSHAKE]: Received acknowledgement from client
[26Mar2025 23:08:46.997] [Server thread/DEBUG] [net.minecraftforge.network.HandshakeHandler/FMLHANDSHAKE]: Sending ticking packet info 'Registry minecraft:fluid' to 'fml:handshake' sequence 20
[26Mar2025 23:08:46.997] [Netty Epoll Server IO #4/DEBUG] [net.minecraftforge.network.LoginWrapper/FMLHANDSHAKE]: Recieved login wrapper packet event for channel fml:handshake with index 17
[26Mar2025 23:08:46.997] [Netty Epoll Server IO #4/DEBUG] [net.minecraftforge.network.HandshakeHandler/FMLHANDSHAKE]: Received client indexed reply 17 of type net.minecraftforge.network.HandshakeMessages$C2SAcknowledge
[26Mar2025 23:08:46.997] [Netty Epoll Server IO #4/DEBUG] [net.minecraftforge.network.HandshakeHandler/FMLHANDSHAKE]: Received acknowledgement from client
[26Mar2025 23:08:47.045] [Netty Epoll Server IO #4/DEBUG] [net.minecraftforge.network.LoginWrapper/FMLHANDSHAKE]: Recieved login wrapper packet event for channel fml:handshake with index 18
[26Mar2025 23:08:47.045] [Netty Epoll Server IO #4/DEBUG] [net.minecraftforge.network.HandshakeHandler/FMLHANDSHAKE]: Received client indexed reply 18 of type net.minecraftforge.network.HandshakeMessages$C2SAcknowledge
[26Mar2025 23:08:47.045] [Netty Epoll Server IO #4/DEBUG] [net.minecraftforge.network.HandshakeHandler/FMLHANDSHAKE]: Received acknowledgement from client
[26Mar2025 23:08:47.052] [Server thread/DEBUG] [net.minecraftforge.network.HandshakeHandler/FMLHANDSHAKE]: Sending ticking packet info 'Registry minecraft:entity_type' to 'fml:handshake' sequence 21
[26Mar2025 23:08:47.068] [Netty Epoll Server IO #4/DEBUG] [net.minecraftforge.network.LoginWrapper/FMLHANDSHAKE]: Recieved login wrapper packet event for channel fml:handshake with index 19
[26Mar2025 23:08:47.068] [Netty Epoll Server IO #4/DEBUG] [net.minecraftforge.network.HandshakeHandler/FMLHANDSHAKE]: Received client indexed reply 19 of type net.minecraftforge.network.HandshakeMessages$C2SAcknowledge
[26Mar2025 23:08:47.068] [Netty Epoll Server IO #4/DEBUG] [net.minecraftforge.network.HandshakeHandler/FMLHANDSHAKE]: Received acknowledgement from client
[26Mar2025 23:08:47.098] [Server thread/DEBUG] [net.minecraftforge.network.HandshakeHandler/FMLHANDSHAKE]: Sending ticking packet info 'Config car-server.toml' to 'fml:handshake' sequence 22
[26Mar2025 23:08:47.145] [Netty Epoll Server IO #4/DEBUG] [net.minecraftforge.network.LoginWrapper/FMLHANDSHAKE]: Recieved login wrapper packet event for channel fml:handshake with index 20
[26Mar2025 23:08:47.145] [Netty Epoll Server IO #4/DEBUG] [net.minecraftforge.network.HandshakeHandler/FMLHANDSHAKE]: Received client indexed reply 20 of type net.minecraftforge.network.HandshakeMessages$C2SAcknowledge
[26Mar2025 23:08:47.145] [Netty Epoll Server IO #4/DEBUG] [net.minecraftforge.network.HandshakeHandler/FMLHANDSHAKE]: Received acknowledgement from client
[26Mar2025 23:08:47.150] [Server thread/DEBUG] [net.minecraftforge.network.HandshakeHandler/FMLHANDSHAKE]: Sending ticking packet info 'Config securitycraft-server.toml' to 'fml:handshake' sequence 23
[26Mar2025 23:08:47.195] [Server thread/DEBUG] [net.minecraftforge.network.HandshakeHandler/FMLHANDSHAKE]: Sending ticking packet info 'Config curios-server.toml' to 'fml:handshake' sequence 24
[26Mar2025 23:08:47.246] [Server thread/DEBUG] [net.minecraftforge.network.HandshakeHandler/FMLHANDSHAKE]: Sending ticking packet info 'Config lostcities-server.toml' to 'fml:handshake' sequence 25
[26Mar2025 23:08:47.298] [Server thread/DEBUG] [net.minecraftforge.network.HandshakeHandler/FMLHANDSHAKE]: Sending ticking packet info 'Config mutantmonsters-server.toml' to 'fml:handshake' sequence 26
[26Mar2025 23:08:47.349] [Server thread/DEBUG] [net.minecraftforge.network.HandshakeHandler/FMLHANDSHAKE]: Sending ticking packet info 'Config jei-server.toml' to 'fml:handshake' sequence 27
[26Mar2025 23:08:47.397] [Server thread/DEBUG] [net.minecraftforge.network.HandshakeHandler/FMLHANDSHAKE]: Sending ticking packet info 'Config tacz-server.toml' to 'fml:handshake' sequence 28
[26Mar2025 23:08:47.452] [Server thread/DEBUG] [net.minecraftforge.network.HandshakeHandler/FMLHANDSHAKE]: Sending ticking packet info 'Config forge-server.toml' to 'fml:handshake' sequence 29
[26Mar2025 23:08:48.604] [Server thread/WARN] [net.minecraft.server.network.ServerGamePacketListenerImpl/]: Automobile (vehicle of correcamin0) moved wrongly! 0.3719438148481231
[26Mar2025 23:08:50.465] [Netty Epoll Server IO #4/DEBUG] [net.minecraftforge.network.LoginWrapper/FMLHANDSHAKE]: Recieved login wrapper packet event for channel fml:handshake with index 21
[26Mar2025 23:08:50.465] [Netty Epoll Server IO #4/DEBUG] [net.minecraftforge.network.HandshakeHandler/FMLHANDSHAKE]: Received client indexed reply 21 of type net.minecraftforge.network.HandshakeMessages$C2SAcknowledge
[26Mar2025 23:08:50.465] [Netty Epoll Server IO #4/DEBUG] [net.minecraftforge.network.HandshakeHandler/FMLHANDSHAKE]: Received acknowledgement from client
[26Mar2025 23:08:50.505] [Netty Epoll Server IO #4/DEBUG] [net.minecraftforge.network.LoginWrapper/FMLHANDSHAKE]: Recieved login wrapper packet event for channel fml:handshake with index 22
[26Mar2025 23:08:50.505] [Netty Epoll Server IO #4/DEBUG] [net.minecraftforge.network.HandshakeHandler/FMLHANDSHAKE]: Received client indexed reply 22 of type net.minecraftforge.network.HandshakeMessages$C2SAcknowledge
[26Mar2025 23:08:50.505] [Netty Epoll Server IO #4/DEBUG] [net.minecraftforge.network.HandshakeHandler/FMLHANDSHAKE]: Received acknowledgement from client
[26Mar2025 23:08:50.505] [Netty Epoll Server IO #4/DEBUG] [net.minecraftforge.network.LoginWrapper/FMLHANDSHAKE]: Recieved login wrapper packet event for channel fml:handshake with index 23
[26Mar2025 23:08:50.505] [Netty Epoll Server IO #4/DEBUG] [net.minecraftforge.network.HandshakeHandler/FMLHANDSHAKE]: Received client indexed reply 23 of type net.minecraftforge.network.HandshakeMessages$C2SAcknowledge
[26Mar2025 23:08:50.505] [Netty Epoll Server IO #4/DEBUG] [net.minecraftforge.network.HandshakeHandler/FMLHANDSHAKE]: Received acknowledgement from client
[26Mar2025 23:08:50.505] [Netty Epoll Server IO #4/DEBUG] [net.minecraftforge.network.LoginWrapper/FMLHANDSHAKE]: Recieved login wrapper packet event for channel fml:handshake with index 24
[26Mar2025 23:08:50.506] [Netty Epoll Server IO #4/DEBUG] [net.minecraftforge.network.HandshakeHandler/FMLHANDSHAKE]: Received client indexed reply 24 of type net.minecraftforge.network.HandshakeMessages$C2SAcknowledge
[26Mar2025 23:08:50.506] [Netty Epoll Server IO #4/DEBUG] [net.minecraftforge.network.HandshakeHandler/FMLHANDSHAKE]: Received acknowledgement from client
[26Mar2025 23:08:50.506] [Netty Epoll Server IO #4/DEBUG] [net.minecraftforge.network.LoginWrapper/FMLHANDSHAKE]: Recieved login wrapper packet event for channel fml:handshake with index 25
[26Mar2025 23:08:50.506] [Netty Epoll Server IO #4/DEBUG] [net.minecraftforge.network.HandshakeHandler/FMLHANDSHAKE]: Received client indexed reply 25 of type net.minecraftforge.network.HandshakeMessages$C2SAcknowledge
[26Mar2025 23:08:50.506] [Netty Epoll Server IO #4/DEBUG] [net.minecraftforge.network.HandshakeHandler/FMLHANDSHAKE]: Received acknowledgement from client
[26Mar2025 23:08:50.509] [Netty Epoll Server IO #4/DEBUG] [net.minecraftforge.network.LoginWrapper/FMLHANDSHAKE]: Recieved login wrapper packet event for channel fml:handshake with index 26
[26Mar2025 23:08:50.509] [Netty Epoll Server IO #4/DEBUG] [net.minecraftforge.network.HandshakeHandler/FMLHANDSHAKE]: Received client indexed reply 26 of type net.minecraftforge.network.HandshakeMessages$C2SAcknowledge
[26Mar2025 23:08:50.509] [Netty Epoll Server IO #4/DEBUG] [net.minecraftforge.network.HandshakeHandler/FMLHANDSHAKE]: Received acknowledgement from client
[26Mar2025 23:08:50.509] [Netty Epoll Server IO #4/DEBUG] [net.minecraftforge.network.LoginWrapper/FMLHANDSHAKE]: Recieved login wrapper packet event for channel fml:handshake with index 27
[26Mar2025 23:08:50.509] [Netty Epoll Server IO #4/DEBUG] [net.minecraftforge.network.HandshakeHandler/FMLHANDSHAKE]: Received client indexed reply 27 of type net.minecraftforge.network.HandshakeMessages$C2SAcknowledge
[26Mar2025 23:08:50.509] [Netty Epoll Server IO #4/DEBUG] [net.minecraftforge.network.HandshakeHandler/FMLHANDSHAKE]: Received acknowledgement from client
[26Mar2025 23:08:50.515] [Netty Epoll Server IO #4/DEBUG] [net.minecraftforge.network.LoginWrapper/FMLHANDSHAKE]: Recieved login wrapper packet event for channel fml:handshake with index 28
[26Mar2025 23:08:50.515] [Netty Epoll Server IO #4/DEBUG] [net.minecraftforge.network.HandshakeHandler/FMLHANDSHAKE]: Received client indexed reply 28 of type net.minecraftforge.network.HandshakeMessages$C2SAcknowledge
[26Mar2025 23:08:50.515] [Netty Epoll Server IO #4/DEBUG] [net.minecraftforge.network.HandshakeHandler/FMLHANDSHAKE]: Received acknowledgement from client
[26Mar2025 23:08:50.516] [Netty Epoll Server IO #4/DEBUG] [net.minecraftforge.network.LoginWrapper/FMLHANDSHAKE]: Recieved login wrapper packet event for channel fml:handshake with index 29
[26Mar2025 23:08:50.516] [Netty Epoll Server IO #4/DEBUG] [net.minecraftforge.network.HandshakeHandler/FMLHANDSHAKE]: Received client indexed reply 29 of type net.minecraftforge.network.HandshakeMessages$C2SAcknowledge
[26Mar2025 23:08:50.516] [Netty Epoll Server IO #4/DEBUG] [net.minecraftforge.network.HandshakeHandler/FMLHANDSHAKE]: Received acknowledgement from client
[26Mar2025 23:08:50.549] [Server thread/DEBUG] [net.minecraftforge.network.HandshakeHandler/FMLHANDSHAKE]: Handshake complete!
[26Mar2025 23:08:50.616] [Server thread/INFO] [net.minecraft.server.players.PlayerList/]: Eldel[/127.59.115.145:52351] logged in with entity id 524 at (1363.9172348043792, 126.0, 723.7921233537243)
[26Mar2025 23:08:50.616] [Server thread/DEBUG] [net.minecraftforge.network.filters.NetworkFilters/]: Injected net.minecraftforge.network.filters.ForgeConnectionNetworkFilter@47e52a30 into net.minecraft.network.Connection@8f2ee38
[26Mar2025 23:08:50.642] [Server thread/INFO] [net.minecraft.server.MinecraftServer/]: Eldel joined the game
[26Mar2025 23:08:51.162] [Server thread/DEBUG] [tacz/SYNC_BASE_TIMESTAMP]: Update server base timestamp: 1743030531160
[26Mar2025 23:08:53.997] [Server thread/DEBUG] [pointblank/]: 33997 handling client fire request
[26Mar2025 23:08:53.997] [Server thread/DEBUG] [pointblank/]: Setting ammo in stack 109967664 to 24
[26Mar2025 23:08:53.997] [Server thread/DEBUG] [pointblank/]: 33997 - obtained hit result in 0ms
[26Mar2025 23:08:53.997] [Server thread/DEBUG] [pointblank/]: 33997 obtained hit results
[26Mar2025 23:08:53.998] [Server thread/DEBUG] [pointblank/]: Executing hit target task for hit result net.minecraft.world.phys.EntityHitResult@7fa1773f
[26Mar2025 23:08:53.999] [Server thread/DEBUG] [pointblank/]: ServerPlayer['correcamin0'/99, l='ServerLevel[world]', x=1371.69, y=126.00, z=718.54] sends hit scan notification to ServerPlayer['correcamin0'/99, l='ServerLevel[world]', x=1371.69, y=126.00, z=718.54]
[26Mar2025 23:08:53.999] [Server thread/DEBUG] [pointblank/]: ServerPlayer['correcamin0'/99, l='ServerLevel[world]', x=1371.69, y=126.00, z=718.54] sends hit scan notification to ServerPlayer['Eldel'/524, l='ServerLevel[world]', x=1363.92, y=126.00, z=723.79]
[26Mar2025 23:08:54.065] [Server thread/DEBUG] [pointblank/]: 34065 handling client fire request
[26Mar2025 23:08:54.065] [Server thread/DEBUG] [pointblank/]: Setting ammo in stack 109967664 to 23
[26Mar2025 23:08:54.065] [Server thread/DEBUG] [pointblank/]: 34065 - obtained hit result in 0ms
[26Mar2025 23:08:54.065] [Server thread/DEBUG] [pointblank/]: 34065 obtained hit results
[26Mar2025 23:08:54.065] [Server thread/DEBUG] [pointblank/]: Executing hit target task for hit result net.minecraft.world.phys.EntityHitResult@7af54e1b
[26Mar2025 23:08:54.067] [Server thread/DEBUG] [pointblank/]: ServerPlayer['correcamin0'/99, l='ServerLevel[world]', x=1371.56, y=126.00, z=718.46] sends hit scan notification to ServerPlayer['correcamin0'/99, l='ServerLevel[world]', x=1371.56, y=126.00, z=718.46]
[26Mar2025 23:08:54.068] [Server thread/DEBUG] [pointblank/]: ServerPlayer['correcamin0'/99, l='ServerLevel[world]', x=1371.56, y=126.00, z=718.46] sends hit scan notification to ServerPlayer['Eldel'/524, l='ServerLevel[world]', x=1363.92, y=126.00, z=723.79]
[26Mar2025 23:08:57.901] [Server thread/DEBUG] [pointblank/]: 37901 handling client fire request
[26Mar2025 23:08:57.902] [Server thread/DEBUG] [pointblank/]: Setting ammo in stack 109967664 to 22
[26Mar2025 23:08:57.902] [Server thread/DEBUG] [pointblank/]: 37902 - obtained hit result in 0ms
[26Mar2025 23:08:57.902] [Server thread/DEBUG] [pointblank/]: 37902 obtained hit results
[26Mar2025 23:08:57.902] [Server thread/DEBUG] [pointblank/]: Executing hit target task for hit result net.minecraft.world.phys.EntityHitResult@c1edf94
[26Mar2025 23:08:57.902] [Server thread/DEBUG] [pointblank/]: ServerPlayer['correcamin0'/99, l='ServerLevel[world]', x=1373.70, y=126.00, z=719.27] sends hit scan notification to ServerPlayer['correcamin0'/99, l='ServerLevel[world]', x=1373.70, y=126.00, z=719.27]
[26Mar2025 23:08:57.903] [Server thread/DEBUG] [pointblank/]: ServerPlayer['correcamin0'/99, l='ServerLevel[world]', x=1373.70, y=126.00, z=719.27] sends hit scan notification to ServerPlayer['Eldel'/524, l='ServerLevel[world]', x=1363.92, y=126.00, z=723.79]
[26Mar2025 23:08:57.979] [Server thread/DEBUG] [pointblank/]: 37979 handling client fire request
[26Mar2025 23:08:57.979] [Server thread/DEBUG] [pointblank/]: Setting ammo in stack 109967664 to 21
[26Mar2025 23:08:57.979] [Server thread/DEBUG] [pointblank/]: 37979 - obtained hit result in 0ms
[26Mar2025 23:08:57.979] [Server thread/DEBUG] [pointblank/]: 37979 obtained hit results
[26Mar2025 23:08:57.979] [Server thread/DEBUG] [pointblank/]: Executing hit target task for hit result net.minecraft.world.phys.EntityHitResult@1fa57be1
[26Mar2025 23:08:57.979] [Server thread/DEBUG] [pointblank/]: ServerPlayer['correcamin0'/99, l='ServerLevel[world]', x=1373.70, y=126.00, z=719.27] sends hit scan notification to ServerPlayer['correcamin0'/99, l='ServerLevel[world]', x=1373.70, y=126.00, z=719.27]
[26Mar2025 23:08:57.980] [Server thread/DEBUG] [pointblank/]: ServerPlayer['correcamin0'/99, l='ServerLevel[world]', x=1373.70, y=126.00, z=719.27] sends hit scan notification to ServerPlayer['Eldel'/524, l='ServerLevel[world]', x=1363.92, y=126.00, z=723.79]
[26Mar2025 23:08:59.197] [Server thread/DEBUG] [pointblank/]: 39197 handling client fire request
[26Mar2025 23:08:59.197] [Server thread/DEBUG] [pointblank/]: Setting ammo in stack 109967664 to 20
[26Mar2025 23:08:59.197] [Server thread/DEBUG] [pointblank/]: 39197 - obtained hit result in 0ms
[26Mar2025 23:08:59.197] [Server thread/DEBUG] [pointblank/]: 39197 obtained hit results
[26Mar2025 23:08:59.197] [Server thread/DEBUG] [pointblank/]: Executing hit target task for hit result net.minecraft.world.phys.EntityHitResult@23cf0171
[26Mar2025 23:08:59.198] [Server thread/DEBUG] [pointblank/]: ServerPlayer['correcamin0'/99, l='ServerLevel[world]', x=1373.70, y=126.00, z=719.27] sends hit scan notification to ServerPlayer['correcamin0'/99, l='ServerLevel[world]', x=1373.70, y=126.00, z=719.27]
[26Mar2025 23:08:59.198] [Server thread/DEBUG] [pointblank/]: ServerPlayer['correcamin0'/99, l='ServerLevel[world]', x=1373.70, y=126.00, z=719.27] sends hit scan notification to ServerPlayer['Eldel'/524, l='ServerLevel[world]', x=1363.92, y=126.00, z=723.79]
[26Mar2025 23:08:59.267] [Server thread/DEBUG] [pointblank/]: 39267 handling client fire request
[26Mar2025 23:08:59.267] [Server thread/DEBUG] [pointblank/]: Setting ammo in stack 109967664 to 19
[26Mar2025 23:08:59.267] [Server thread/DEBUG] [pointblank/]: 39267 - obtained hit result in 0ms
[26Mar2025 23:08:59.267] [Server thread/DEBUG] [pointblank/]: 39267 obtained hit results
[26Mar2025 23:08:59.267] [Server thread/DEBUG] [pointblank/]: Executing hit target task for hit result net.minecraft.world.phys.EntityHitResult@18ae6ab4
[26Mar2025 23:08:59.268] [Server thread/DEBUG] [pointblank/]: ServerPlayer['correcamin0'/99, l='ServerLevel[world]', x=1373.70, y=126.00, z=719.27] sends hit scan notification to ServerPlayer['correcamin0'/99, l='ServerLevel[world]', x=1373.70, y=126.00, z=719.27]
[26Mar2025 23:08:59.268] [Server thread/DEBUG] [pointblank/]: ServerPlayer['correcamin0'/99, l='ServerLevel[world]', x=1373.70, y=126.00, z=719.27] sends hit scan notification to ServerPlayer['Eldel'/524, l='ServerLevel[world]', x=1363.92, y=126.00, z=723.79]
[26Mar2025 23:09:01.047] [Server thread/DEBUG] [pointblank/]: 41047 handling client fire request
[26Mar2025 23:09:01.047] [Server thread/DEBUG] [pointblank/]: Setting ammo in stack 109967664 to 18
[26Mar2025 23:09:01.048] [Server thread/DEBUG] [pointblank/]: 41048 - obtained hit result in 0ms
[26Mar2025 23:09:01.048] [Server thread/DEBUG] [pointblank/]: 41048 obtained hit results
[26Mar2025 23:09:01.048] [Server thread/DEBUG] [pointblank/]: Executing hit target task for hit result net.minecraft.world.phys.EntityHitResult@df95fd9
[26Mar2025 23:09:01.050] [Server thread/DEBUG] [pointblank/]: ServerPlayer['correcamin0'/99, l='ServerLevel[world]', x=1373.29, y=126.00, z=718.85] sends hit scan notification to ServerPlayer['correcamin0'/99, l='ServerLevel[world]', x=1373.29, y=126.00, z=718.85]
[26Mar2025 23:09:01.050] [Server thread/DEBUG] [pointblank/]: ServerPlayer['correcamin0'/99, l='ServerLevel[world]', x=1373.29, y=126.00, z=718.85] sends hit scan notification to ServerPlayer['Eldel'/524, l='ServerLevel[world]', x=1363.92, y=126.00, z=723.79]
[26Mar2025 23:09:01.114] [Server thread/DEBUG] [pointblank/]: 41114 handling client fire request
[26Mar2025 23:09:01.114] [Server thread/DEBUG] [pointblank/]: Setting ammo in stack 109967664 to 17
[26Mar2025 23:09:01.114] [Server thread/DEBUG] [pointblank/]: 41114 - obtained hit result in 0ms
[26Mar2025 23:09:01.114] [Server thread/DEBUG] [pointblank/]: 41114 obtained hit results
[26Mar2025 23:09:01.114] [Server thread/DEBUG] [pointblank/]: Executing hit target task for hit result net.minecraft.world.phys.BlockHitResult@59d591b1
[26Mar2025 23:09:01.114] [Server thread/DEBUG] [pointblank/]: ServerPlayer['correcamin0'/99, l='ServerLevel[world]', x=1373.19, y=126.00, z=718.75] sends hit scan notification to ServerPlayer['correcamin0'/99, l='ServerLevel[world]', x=1373.19, y=126.00, z=718.75]
[26Mar2025 23:09:01.115] [Server thread/DEBUG] [pointblank/]: ServerPlayer['correcamin0'/99, l='ServerLevel[world]', x=1373.19, y=126.00, z=718.75] sends hit scan notification to ServerPlayer['Eldel'/524, l='ServerLevel[world]', x=1363.92, y=126.00, z=723.79]
[26Mar2025 23:09:02.297] [Server thread/DEBUG] [pointblank/]: Setting ammo in stack 109967664 to 25
[26Mar2025 23:09:20.100] [Server thread/WARN] [net.minecraft.server.network.ServerGamePacketListenerImpl/]: Automobile (vehicle of correcamin0) moved wrongly! 0.6736149315981947
[26Mar2025 23:09:20.129] [Server thread/WARN] [net.minecraft.server.network.ServerGamePacketListenerImpl/]: Automobile (vehicle of correcamin0) moved wrongly! 0.6736149315981947
[26Mar2025 23:09:20.133] [Server thread/WARN] [net.minecraft.server.network.ServerGamePacketListenerImpl/]: Automobile (vehicle of correcamin0) moved wrongly! 0.38493738997794935
[26Mar2025 23:09:20.246] [Server thread/WARN] [net.minecraft.server.network.ServerGamePacketListenerImpl/]: Automobile (vehicle of correcamin0) moved wrongly! 0.26849126788169997
[26Mar2025 23:09:20.602] [Server thread/WARN] [net.minecraft.server.network.ServerGamePacketListenerImpl/]: Automobile (vehicle of correcamin0) moved wrongly! 1.251308950178327
[26Mar2025 23:09:20.603] [Server thread/WARN] [net.minecraft.server.network.ServerGamePacketListenerImpl/]: Automobile (vehicle of correcamin0) moved wrongly! 1.251308950178327
[26Mar2025 23:09:20.603] [Server thread/WARN] [net.minecraft.server.network.ServerGamePacketListenerImpl/]: Automobile (vehicle of correcamin0) moved wrongly! 1.251308950178327
[26Mar2025 23:09:20.604] [Server thread/WARN] [net.minecraft.server.network.ServerGamePacketListenerImpl/]: Automobile (vehicle of correcamin0) moved wrongly! 1.251308950178327
[26Mar2025 23:09:20.604] [Server thread/WARN] [net.minecraft.server.network.ServerGamePacketListenerImpl/]: Automobile (vehicle of correcamin0) moved wrongly! 1.251308950178327
[26Mar2025 23:09:20.629] [Server thread/WARN] [net.minecraft.server.network.ServerGamePacketListenerImpl/]: Automobile (vehicle of correcamin0) moved wrongly! 1.1017343540320326
[26Mar2025 23:09:20.634] [Server thread/WARN] [net.minecraft.server.network.ServerGamePacketListenerImpl/]: Eldel moved wrongly!
[26Mar2025 23:09:20.663] [Server thread/WARN] [net.minecraft.server.network.ServerGamePacketListenerImpl/]: Automobile (vehicle of correcamin0) moved wrongly! 0.9737512889871596
[26Mar2025 23:09:20.712] [Server thread/WARN] [net.minecraft.server.network.ServerGamePacketListenerImpl/]: Automobile (vehicle of correcamin0) moved wrongly! 1.4172190959434374
[26Mar2025 23:09:20.763] [Server thread/WARN] [net.minecraft.server.network.ServerGamePacketListenerImpl/]: Automobile (vehicle of correcamin0) moved wrongly! 1.797438192317486
[26Mar2025 23:10:08.787] [Server thread/WARN] [net.minecraft.server.level.ServerLevel/]: Tried to add entity zombie_island:runner but it was marked as removed already
[26Mar2025 23:10:39.126] [Server thread/DEBUG] [net.minecraftforge.common.ForgeHooks/WP]: Gathering id map for writing to world save world
[26Mar2025 23:10:39.144] [Server thread/DEBUG] [net.minecraftforge.common.ForgeHooks/WP]: ID Map collection complete world
[26Mar2025 23:11:48.986] [Server thread/WARN] [net.minecraft.server.level.ServerLevel/]: Tried to add entity zombie_island:shambler but it was marked as removed already
[26Mar2025 23:12:08.986] [Server thread/WARN] [net.minecraft.server.level.ServerLevel/]: Tried to add entity zombie_island:shambler but it was marked as removed already
[26Mar2025 23:14:33.486] [Server thread/WARN] [net.minecraft.server.level.ServerLevel/]: Tried to add entity zombie_island:shambler but it was marked as removed already
[26Mar2025 23:14:53.737] [Server thread/WARN] [net.minecraft.server.level.ServerLevel/]: Tried to add entity zombie_island:runner but it was marked as removed already
[26Mar2025 23:15:39.084] [Server thread/DEBUG] [net.minecraftforge.common.ForgeHooks/WP]: Gathering id map for writing to world save world
[26Mar2025 23:15:39.098] [Server thread/DEBUG] [net.minecraftforge.common.ForgeHooks/WP]: ID Map collection complete world
[26Mar2025 23:16:07.136] [Server thread/WARN] [net.minecraft.server.level.ServerLevel/]: Tried to add entity zombie_island:shambler but it was marked as removed already
[26Mar2025 23:16:11.686] [Server thread/WARN] [net.minecraft.server.level.ServerLevel/]: Tried to add entity zombie_island:shambler but it was marked as removed already
[26Mar2025 23:16:11.686] [Server thread/WARN] [net.minecraft.server.level.ServerLevel/]: Tried to add entity zombie_island:shambler but it was marked as removed already
[26Mar2025 23:17:08.786] [Server thread/WARN] [net.minecraft.server.level.ServerLevel/]: Tried to add entity zombie_island:walker but it was marked as removed already
[26Mar2025 23:17:34.867] [Server thread/INFO] [net.minecraft.server.MinecraftServer/]: <correcamin0> medina
[26Mar2025 23:17:39.983] [Server thread/INFO] [net.minecraft.server.MinecraftServer/]: <Eldel> DIGAME
[26Mar2025 23:17:43.764] [Server thread/INFO] [net.minecraft.server.MinecraftServer/]: <correcamin0> que vamos a hacer
[26Mar2025 23:17:45.048] [Server thread/INFO] [net.minecraft.server.MinecraftServer/]: <Eldel> NO ME ESCUCHA?
[26Mar2025 23:17:57.319] [Server thread/INFO] [net.minecraft.server.MinecraftServer/]: <correcamin0> vamos a buscar hierro pa su armor
[26Mar2025 23:18:41.603] [Server thread/DEBUG] [mixin/]: Mixing tacz.ModernKineticGunScriptAPIMixin from sona.mixins.json into com.tacz.guns.item.ModernKineticGunScriptAPI
[26Mar2025 23:19:10.644] [Server thread/DEBUG] [pointblank/]: 50644 handling client fire request
[26Mar2025 23:19:10.645] [Server thread/DEBUG] [pointblank/]: Setting ammo in stack 109967664 to 24
[26Mar2025 23:19:10.645] [Server thread/DEBUG] [pointblank/]: 50645 - obtained hit result in 0ms
[26Mar2025 23:19:10.645] [Server thread/DEBUG] [pointblank/]: 50645 obtained hit results
[26Mar2025 23:19:10.645] [Server thread/DEBUG] [pointblank/]: Executing hit target task for hit result net.minecraft.world.phys.EntityHitResult@46ec6b2e
[26Mar2025 23:19:10.646] [Server thread/DEBUG] [pointblank/]: ServerPlayer['correcamin0'/99, l='ServerLevel[world]', x=1377.83, y=126.00, z=718.55] sends hit scan notification to ServerPlayer['correcamin0'/99, l='ServerLevel[world]', x=1377.83, y=126.00, z=718.55]
[26Mar2025 23:19:10.646] [Server thread/DEBUG] [pointblank/]: ServerPlayer['correcamin0'/99, l='ServerLevel[world]', x=1377.83, y=126.00, z=718.55] sends hit scan notification to ServerPlayer['Eldel'/524, l='ServerLevel[world]', x=1378.77, y=126.00, z=711.22]
[26Mar2025 23:19:12.496] [Server thread/DEBUG] [pointblank/]: 52496 handling client fire request
[26Mar2025 23:19:12.496] [Server thread/DEBUG] [pointblank/]: Setting ammo in stack 109967664 to 23
[26Mar2025 23:19:12.496] [Server thread/DEBUG] [pointblank/]: 52496 - obtained hit result in 0ms
[26Mar2025 23:19:12.496] [Server thread/DEBUG] [pointblank/]: 52496 obtained hit results
[26Mar2025 23:19:12.496] [Server thread/DEBUG] [pointblank/]: Executing hit target task for hit result net.minecraft.world.phys.EntityHitResult@31e3ab38
[26Mar2025 23:19:12.498] [Server thread/DEBUG] [pointblank/]: ServerPlayer['correcamin0'/99, l='ServerLevel[world]', x=1376.98, y=126.00, z=722.11] sends hit scan notification to ServerPlayer['correcamin0'/99, l='ServerLevel[world]', x=1376.98, y=126.00, z=722.11]
[26Mar2025 23:19:12.498] [Server thread/DEBUG] [pointblank/]: ServerPlayer['correcamin0'/99, l='ServerLevel[world]', x=1376.98, y=126.00, z=722.11] sends hit scan notification to ServerPlayer['Eldel'/524, l='ServerLevel[world]', x=1374.40, y=126.00, z=703.45]
[26Mar2025 23:19:12.554] [Server thread/DEBUG] [pointblank/]: 52554 handling client fire request
[26Mar2025 23:19:12.554] [Server thread/DEBUG] [pointblank/]: Setting ammo in stack 109967664 to 22
[26Mar2025 23:19:12.554] [Server thread/DEBUG] [pointblank/]: 52554 - obtained hit result in 0ms
[26Mar2025 23:19:12.554] [Server thread/DEBUG] [pointblank/]: 52554 obtained hit results
[26Mar2025 23:19:12.554] [Server thread/DEBUG] [pointblank/]: Executing hit target task for hit result net.minecraft.world.phys.BlockHitResult@68d8eede
[26Mar2025 23:19:12.554] [Server thread/DEBUG] [pointblank/]: ServerPlayer['correcamin0'/99, l='ServerLevel[world]', x=1376.98, y=126.00, z=722.11] sends hit scan notification to ServerPlayer['correcamin0'/99, l='ServerLevel[world]', x=1376.98, y=126.00, z=722.11]
[26Mar2025 23:19:12.555] [Server thread/DEBUG] [pointblank/]: ServerPlayer['correcamin0'/99, l='ServerLevel[world]', x=1376.98, y=126.00, z=722.11] sends hit scan notification to ServerPlayer['Eldel'/524, l='ServerLevel[world]', x=1373.85, y=126.00, z=703.35]
[26Mar2025 23:20:39.030] [Server thread/DEBUG] [net.minecraftforge.common.ForgeHooks/WP]: Gathering id map for writing to world save world
[26Mar2025 23:20:39.041] [Server thread/DEBUG] [net.minecraftforge.common.ForgeHooks/WP]: ID Map collection complete world
[26Mar2025 23:20:44.849] [Server thread/INFO] [net.minecraft.server.commands.LocateCommand/]: Locating element #eeeabsmobs:eye_of_guling (eeeabsmobs:guling) took 82 ms
[26Mar2025 23:20:52.287] [Worker-Main-21/DEBUG] [mixin/]: Mixing ChunkRegionAccessor from graveyard-common.mixins.json into net.minecraft.server.level.WorldGenRegion
[26Mar2025 23:20:52.287] [Worker-Main-21/DEBUG] [mixin/]: Mixing WorldGenRegionAccessor from cataclysm.mixins.json into net.minecraft.server.level.WorldGenRegion
[26Mar2025 23:20:52.349] [Worker-Main-12/DEBUG] [mixin/]: Mixing accessor.BeardifierAccessor from cataclysm.mixins.json into net.minecraft.world.level.levelgen.Beardifier
[26Mar2025 23:20:59.030] [Worker-Main-31/ERROR] [net.minecraft.world.entity.decoration.HangingEntity/]: Hanging entity at invalid position: BlockPos{x=-6, y=-28, z=-8}
[26Mar2025 23:20:59.046] [Worker-Main-31/ERROR] [net.minecraft.world.entity.decoration.HangingEntity/]: Hanging entity at invalid position: BlockPos{x=-4, y=-27, z=-12}
[26Mar2025 23:21:01.140] [Server thread/INFO] [net.minecraft.server.MinecraftServer/]: [correcamin0: Teleported correcamin0 to -1295.500000, 126.000000, -1183.500000]
[26Mar2025 23:21:01.141] [Server thread/WARN] [net.minecraft.server.MinecraftServer/]: Can't keep up! Is the server overloaded? Running 13056ms or 261 ticks behind
[26Mar2025 23:21:01.265] [Server thread/WARN] [net.minecraft.server.network.ServerGamePacketListenerImpl/]: correcamin0 moved too quickly! 0.0,-10.806526110008988,0.0
[26Mar2025 23:21:02.227] [Worker-Main-21/ERROR] [net.minecraft.world.entity.decoration.HangingEntity/]: Hanging entity at invalid position: BlockPos{x=12, y=-28, z=3}
[26Mar2025 23:21:02.227] [Worker-Main-21/ERROR] [net.minecraft.world.entity.decoration.HangingEntity/]: Hanging entity at invalid position: BlockPos{x=8, y=-28, z=3}
[26Mar2025 23:21:14.107] [Server thread/DEBUG] [pointblank/]: 74107 handling client fire request
[26Mar2025 23:21:14.107] [Server thread/DEBUG] [pointblank/]: Setting ammo in stack 109967664 to 21
[26Mar2025 23:21:14.107] [Server thread/DEBUG] [pointblank/]: 74107 - obtained hit result in 0ms
[26Mar2025 23:21:14.107] [Server thread/DEBUG] [pointblank/]: 74107 obtained hit results
[26Mar2025 23:21:14.107] [Server thread/DEBUG] [pointblank/]: Executing hit target task for hit result net.minecraft.world.phys.EntityHitResult@217c28b6
[26Mar2025 23:21:14.108] [Server thread/DEBUG] [pointblank/]: ServerPlayer['correcamin0'/99, l='ServerLevel[world]', x=-1295.82, y=104.00, z=-1183.64] sends hit scan notification to ServerPlayer['correcamin0'/99, l='ServerLevel[world]', x=-1295.82, y=104.00, z=-1183.64]
[26Mar2025 23:21:14.154] [Server thread/DEBUG] [pointblank/]: 74154 handling client fire request
[26Mar2025 23:21:14.154] [Server thread/DEBUG] [pointblank/]: Setting ammo in stack 109967664 to 20
[26Mar2025 23:21:14.154] [Server thread/DEBUG] [pointblank/]: 74154 - obtained hit result in 0ms
[26Mar2025 23:21:14.154] [Server thread/DEBUG] [pointblank/]: 74154 obtained hit results
[26Mar2025 23:21:14.154] [Server thread/DEBUG] [pointblank/]: Executing hit target task for hit result net.minecraft.world.phys.EntityHitResult@15e6460f
[26Mar2025 23:21:14.155] [Server thread/DEBUG] [pointblank/]: ServerPlayer['correcamin0'/99, l='ServerLevel[world]', x=-1295.82, y=104.00, z=-1183.64] sends hit scan notification to ServerPlayer['correcamin0'/99, l='ServerLevel[world]', x=-1295.82, y=104.00, z=-1183.64]
[26Mar2025 23:21:22.656] [Server thread/INFO] [net.minecraft.server.MinecraftServer/]: [correcamin0: Set own game mode to Spectator Mode]
[26Mar2025 23:21:41.529] [Server thread/INFO] [net.minecraft.server.MinecraftServer/]: correcamin0 has reached the goal [The Guling]
[26Mar2025 23:21:51.578] [Server thread/INFO] [net.minecraft.server.MinecraftServer/]: [correcamin0: Set own game mode to Survival Mode]
[26Mar2025 23:21:56.019] [Server thread/DEBUG] [pointblank/]: Setting ammo in stack 109967664 to 25
[26Mar2025 23:21:58.051] [Server thread/INFO] [net.minecraft.server.MinecraftServer/]: [Eldel: Teleported Eldel to correcamin0]
[26Mar2025 23:21:58.705] [Server thread/INFO] [net.minecraft.server.MinecraftServer/]: Eldel has reached the goal [The Guling]
[26Mar2025 23:23:32.104] [Server thread/DEBUG] [pointblank/]: 12104 handling client fire request
[26Mar2025 23:23:32.104] [Server thread/DEBUG] [pointblank/]: Setting ammo in stack 109967664 to 24
[26Mar2025 23:23:32.104] [Server thread/DEBUG] [pointblank/]: 12104 - obtained hit result in 0ms
[26Mar2025 23:23:32.104] [Server thread/DEBUG] [pointblank/]: 12104 obtained hit results
[26Mar2025 23:23:32.104] [Server thread/DEBUG] [pointblank/]: Executing hit target task for hit result net.minecraft.world.phys.EntityHitResult@33785861
[26Mar2025 23:23:32.105] [Server thread/DEBUG] [pointblank/]: ServerPlayer['correcamin0'/99, l='ServerLevel[world]', x=-1302.45, y=-3.00, z=-1128.74] sends hit scan notification to ServerPlayer['correcamin0'/99, l='ServerLevel[world]', x=-1302.45, y=-3.00, z=-1128.74]
[26Mar2025 23:23:32.105] [Server thread/DEBUG] [pointblank/]: ServerPlayer['correcamin0'/99, l='ServerLevel[world]', x=-1302.45, y=-3.00, z=-1128.74] sends hit scan notification to ServerPlayer['Eldel'/524, l='ServerLevel[world]', x=-1295.06, y=8.00, z=-1146.51]
[26Mar2025 23:23:32.163] [Server thread/DEBUG] [pointblank/]: 12163 handling client fire request
[26Mar2025 23:23:32.163] [Server thread/DEBUG] [pointblank/]: Setting ammo in stack 109967664 to 23
[26Mar2025 23:23:32.164] [Server thread/DEBUG] [pointblank/]: 12164 - obtained hit result in 1ms
[26Mar2025 23:23:32.164] [Server thread/DEBUG] [pointblank/]: 12164 obtained hit results
[26Mar2025 23:23:32.164] [Server thread/DEBUG] [pointblank/]: Executing hit target task for hit result net.minecraft.world.phys.EntityHitResult@6f5c5ff8
[26Mar2025 23:23:32.165] [Server thread/DEBUG] [pointblank/]: ServerPlayer['correcamin0'/99, l='ServerLevel[world]', x=-1302.44, y=-3.00, z=-1128.74] sends hit scan notification to ServerPlayer['correcamin0'/99, l='ServerLevel[world]', x=-1302.44, y=-3.00, z=-1128.74]
[26Mar2025 23:23:32.165] [Server thread/DEBUG] [pointblank/]: ServerPlayer['correcamin0'/99, l='ServerLevel[world]', x=-1302.44, y=-3.00, z=-1128.74] sends hit scan notification to ServerPlayer['Eldel'/524, l='ServerLevel[world]', x=-1295.06, y=8.00, z=-1146.51]
[26Mar2025 23:23:32.250] [Server thread/DEBUG] [pointblank/]: 12250 handling client fire request
[26Mar2025 23:23:32.250] [Server thread/DEBUG] [pointblank/]: Setting ammo in stack 109967664 to 22
[26Mar2025 23:23:32.250] [Server thread/DEBUG] [pointblank/]: 12250 - obtained hit result in 0ms
[26Mar2025 23:23:32.250] [Server thread/DEBUG] [pointblank/]: 12250 obtained hit results
[26Mar2025 23:23:32.250] [Server thread/DEBUG] [pointblank/]: Executing hit target task for hit result net.minecraft.world.phys.BlockHitResult@697a41b4
[26Mar2025 23:23:32.251] [Server thread/DEBUG] [pointblank/]: ServerPlayer['correcamin0'/99, l='ServerLevel[world]', x=-1302.44, y=-3.00, z=-1128.74] sends hit scan notification to ServerPlayer['correcamin0'/99, l='ServerLevel[world]', x=-1302.44, y=-3.00, z=-1128.74]
[26Mar2025 23:23:32.251] [Server thread/DEBUG] [pointblank/]: ServerPlayer['correcamin0'/99, l='ServerLevel[world]', x=-1302.44, y=-3.00, z=-1128.74] sends hit scan notification to ServerPlayer['Eldel'/524, l='ServerLevel[world]', x=-1295.06, y=8.00, z=-1146.51]
[26Mar2025 23:23:32.348] [Server thread/DEBUG] [pointblank/]: 12348 handling client fire request
[26Mar2025 23:23:32.348] [Server thread/DEBUG] [pointblank/]: Setting ammo in stack 109967664 to 21
[26Mar2025 23:23:32.349] [Server thread/DEBUG] [pointblank/]: 12349 - obtained hit result in 0ms
[26Mar2025 23:23:32.349] [Server thread/DEBUG] [pointblank/]: 12349 obtained hit results
[26Mar2025 23:23:32.349] [Server thread/DEBUG] [pointblank/]: Executing hit target task for hit result net.minecraft.world.phys.BlockHitResult@24ce2be7
[26Mar2025 23:23:32.349] [Server thread/DEBUG] [pointblank/]: ServerPlayer['correcamin0'/99, l='ServerLevel[world]', x=-1302.44, y=-3.00, z=-1128.74] sends hit scan notification to ServerPlayer['correcamin0'/99, l='ServerLevel[world]', x=-1302.44, y=-3.00, z=-1128.74]
[26Mar2025 23:23:32.349] [Server thread/DEBUG] [pointblank/]: ServerPlayer['correcamin0'/99, l='ServerLevel[world]', x=-1302.44, y=-3.00, z=-1128.74] sends hit scan notification to ServerPlayer['Eldel'/524, l='ServerLevel[world]', x=-1295.06, y=8.00, z=-1146.51]
[26Mar2025 23:23:32.412] [Server thread/DEBUG] [pointblank/]: 12412 handling client fire request
[26Mar2025 23:23:32.412] [Server thread/DEBUG] [pointblank/]: Setting ammo in stack 109967664 to 20
[26Mar2025 23:23:32.413] [Server thread/DEBUG] [pointblank/]: 12413 - obtained hit result in 1ms
[26Mar2025 23:23:32.413] [Server thread/DEBUG] [pointblank/]: 12413 obtained hit results
[26Mar2025 23:23:32.413] [Server thread/DEBUG] [pointblank/]: Executing hit target task for hit result net.minecraft.world.phys.BlockHitResult@5584d44f
[26Mar2025 23:23:32.413] [Server thread/DEBUG] [pointblank/]: ServerPlayer['correcamin0'/99, l='ServerLevel[world]', x=-1302.44, y=-3.00, z=-1128.74] sends hit scan notification to ServerPlayer['correcamin0'/99, l='ServerLevel[world]', x=-1302.44, y=-3.00, z=-1128.74]
[26Mar2025 23:23:32.413] [Server thread/DEBUG] [pointblank/]: ServerPlayer['correcamin0'/99, l='ServerLevel[world]', x=-1302.44, y=-3.00, z=-1128.74] sends hit scan notification to ServerPlayer['Eldel'/524, l='ServerLevel[world]', x=-1295.06, y=8.00, z=-1146.51]
[26Mar2025 23:23:34.458] [Server thread/DEBUG] [pointblank/]: 14458 handling client fire request
[26Mar2025 23:23:34.458] [Server thread/DEBUG] [pointblank/]: Setting ammo in stack 109967664 to 19
[26Mar2025 23:23:34.458] [Server thread/DEBUG] [pointblank/]: 14458 - obtained hit result in 0ms
[26Mar2025 23:23:34.458] [Server thread/DEBUG] [pointblank/]: 14458 obtained hit results
[26Mar2025 23:23:34.458] [Server thread/DEBUG] [pointblank/]: Executing hit target task for hit result net.minecraft.world.phys.EntityHitResult@51858631
[26Mar2025 23:23:34.459] [Server thread/DEBUG] [pointblank/]: ServerPlayer['correcamin0'/99, l='ServerLevel[world]', x=-1303.05, y=-3.00, z=-1128.43] sends hit scan notification to ServerPlayer['correcamin0'/99, l='ServerLevel[world]', x=-1303.05, y=-3.00, z=-1128.43]
[26Mar2025 23:23:34.459] [Server thread/DEBUG] [pointblank/]: ServerPlayer['correcamin0'/99, l='ServerLevel[world]', x=-1303.05, y=-3.00, z=-1128.43] sends hit scan notification to ServerPlayer['Eldel'/524, l='ServerLevel[world]', x=-1295.06, y=8.00, z=-1146.32]
[26Mar2025 23:23:34.511] [Server thread/DEBUG] [pointblank/]: 14511 handling client fire request
[26Mar2025 23:23:34.511] [Server thread/DEBUG] [pointblank/]: Setting ammo in stack 109967664 to 18
[26Mar2025 23:23:34.511] [Server thread/DEBUG] [pointblank/]: 14511 - obtained hit result in 0ms
[26Mar2025 23:23:34.512] [Server thread/DEBUG] [pointblank/]: 14512 obtained hit results
[26Mar2025 23:23:34.512] [Server thread/DEBUG] [pointblank/]: Executing hit target task for hit result net.minecraft.world.phys.EntityHitResult@74a6c7bb
[26Mar2025 23:23:34.512] [Server thread/DEBUG] [pointblank/]: ServerPlayer['correcamin0'/99, l='ServerLevel[world]', x=-1303.05, y=-3.00, z=-1128.43] sends hit scan notification to ServerPlayer['correcamin0'/99, l='ServerLevel[world]', x=-1303.05, y=-3.00, z=-1128.43]
[26Mar2025 23:23:34.513] [Server thread/DEBUG] [pointblank/]: ServerPlayer['correcamin0'/99, l='ServerLevel[world]', x=-1303.05, y=-3.00, z=-1128.43] sends hit scan notification to ServerPlayer['Eldel'/524, l='ServerLevel[world]', x=-1295.06, y=8.00, z=-1146.32]
[26Mar2025 23:23:35.446] [Server thread/DEBUG] [pointblank/]: 15446 handling client fire request
[26Mar2025 23:23:35.446] [Server thread/DEBUG] [pointblank/]: Setting ammo in stack 109967664 to 17
[26Mar2025 23:23:35.446] [Server thread/DEBUG] [pointblank/]: 15446 - obtained hit result in 0ms
[26Mar2025 23:23:35.446] [Server thread/DEBUG] [pointblank/]: 15446 obtained hit results
[26Mar2025 23:23:35.447] [Server thread/DEBUG] [pointblank/]: Executing hit target task for hit result net.minecraft.world.phys.BlockHitResult@44341047
[26Mar2025 23:23:35.447] [Server thread/DEBUG] [pointblank/]: ServerPlayer['correcamin0'/99, l='ServerLevel[world]', x=-1303.05, y=-3.00, z=-1128.43] sends hit scan notification to ServerPlayer['correcamin0'/99, l='ServerLevel[world]', x=-1303.05, y=-3.00, z=-1128.43]
[26Mar2025 23:23:35.447] [Server thread/DEBUG] [pointblank/]: ServerPlayer['correcamin0'/99, l='ServerLevel[world]', x=-1303.05, y=-3.00, z=-1128.43] sends hit scan notification to ServerPlayer['Eldel'/524, l='ServerLevel[world]', x=-1294.58, y=8.00, z=-1146.76]
[26Mar2025 23:23:35.509] [Server thread/DEBUG] [pointblank/]: 15509 handling client fire request
[26Mar2025 23:23:35.509] [Server thread/DEBUG] [pointblank/]: Setting ammo in stack 109967664 to 16
[26Mar2025 23:23:35.510] [Server thread/DEBUG] [pointblank/]: 15510 - obtained hit result in 1ms
[26Mar2025 23:23:35.510] [Server thread/DEBUG] [pointblank/]: 15510 obtained hit results
[26Mar2025 23:23:35.510] [Server thread/DEBUG] [pointblank/]: Executing hit target task for hit result net.minecraft.world.phys.BlockHitResult@541bd9f5
[26Mar2025 23:23:35.510] [Server thread/DEBUG] [pointblank/]: ServerPlayer['correcamin0'/99, l='ServerLevel[world]', x=-1303.05, y=-3.00, z=-1128.43] sends hit scan notification to ServerPlayer['correcamin0'/99, l='ServerLevel[world]', x=-1303.05, y=-3.00, z=-1128.43]
[26Mar2025 23:23:35.510] [Server thread/DEBUG] [pointblank/]: ServerPlayer['correcamin0'/99, l='ServerLevel[world]', x=-1303.05, y=-3.00, z=-1128.43] sends hit scan notification to ServerPlayer['Eldel'/524, l='ServerLevel[world]', x=-1294.53, y=8.00, z=-1146.76]
[26Mar2025 23:23:36.826] [Server thread/DEBUG] [pointblank/]: Set fire mode instance to translation{key='label.pointblank.fireMode.burst', args=[]}, tag: {GeckoLibID:4L,aim:0b,ammo:16,ammox:{},as:[{id:"pointblank:holographic_em",rmv:1b},{id:"pointblank:foregrip_tan",rmv:1b}],fmid:[I;-904854396,1461665685,-1108351130,-1796734751],lid:-5677824806063413824L,mid:375819375297774056L,sa:{scope:"//holographic_em"},seed:-2431723225039361476L}
[26Mar2025 23:23:37.779] [Server thread/DEBUG] [pointblank/]: Set fire mode instance to translation{key='label.pointblank.fireMode.single', args=[]}, tag: {GeckoLibID:4L,aim:0b,ammo:16,ammox:{},as:[{id:"pointblank:holographic_em",rmv:1b},{id:"pointblank:foregrip_tan",rmv:1b}],fmid:[I;1127218512,-664651423,-1764107698,-1607275377],lid:-5677824806063413824L,mid:375819375297774056L,sa:{scope:"//holographic_em"},seed:-2431723225039361476L}
[26Mar2025 23:23:39.750] [Server thread/DEBUG] [pointblank/]: 19750 handling client fire request
[26Mar2025 23:23:39.750] [Server thread/DEBUG] [pointblank/]: Setting ammo in stack 109967664 to 15
[26Mar2025 23:23:39.750] [Server thread/DEBUG] [pointblank/]: 19750 - obtained hit result in 0ms
[26Mar2025 23:23:39.750] [Server thread/DEBUG] [pointblank/]: 19750 obtained hit results
[26Mar2025 23:23:39.750] [Server thread/DEBUG] [pointblank/]: Executing hit target task for hit result net.minecraft.world.phys.EntityHitResult@2ca2d723
[26Mar2025 23:23:39.751] [Server thread/DEBUG] [pointblank/]: ServerPlayer['correcamin0'/99, l='ServerLevel[world]', x=-1303.05, y=-3.00, z=-1128.43] sends hit scan notification to ServerPlayer['correcamin0'/99, l='ServerLevel[world]', x=-1303.05, y=-3.00, z=-1128.43]
[26Mar2025 23:23:39.751] [Server thread/DEBUG] [pointblank/]: ServerPlayer['correcamin0'/99, l='ServerLevel[world]', x=-1303.05, y=-3.00, z=-1128.43] sends hit scan notification to ServerPlayer['Eldel'/524, l='ServerLevel[world]', x=-1292.55, y=9.00, z=-1146.53]
[26Mar2025 23:23:40.349] [Server thread/DEBUG] [pointblank/]: 20348 handling client fire request
[26Mar2025 23:23:40.349] [Server thread/DEBUG] [pointblank/]: Setting ammo in stack 109967664 to 14
[26Mar2025 23:23:40.349] [Server thread/DEBUG] [pointblank/]: 20349 - obtained hit result in 0ms
[26Mar2025 23:23:40.349] [Server thread/DEBUG] [pointblank/]: 20349 obtained hit results
[26Mar2025 23:23:40.349] [Server thread/DEBUG] [pointblank/]: Executing hit target task for hit result net.minecraft.world.phys.EntityHitResult@32b890dd
[26Mar2025 23:23:40.350] [Server thread/DEBUG] [pointblank/]: ServerPlayer['correcamin0'/99, l='ServerLevel[world]', x=-1303.01, y=-3.00, z=-1128.35] sends hit scan notification to ServerPlayer['correcamin0'/99, l='ServerLevel[world]', x=-1303.01, y=-3.00, z=-1128.35]
[26Mar2025 23:23:40.350] [Server thread/DEBUG] [pointblank/]: ServerPlayer['correcamin0'/99, l='ServerLevel[world]', x=-1303.01, y=-3.00, z=-1128.35] sends hit scan notification to ServerPlayer['Eldel'/524, l='ServerLevel[world]', x=-1293.66, y=8.42, z=-1146.83]
[26Mar2025 23:23:41.102] [Server thread/DEBUG] [pointblank/]: 21102 handling client fire request
[26Mar2025 23:23:41.102] [Server thread/DEBUG] [pointblank/]: Setting ammo in stack 109967664 to 13
[26Mar2025 23:23:41.102] [Server thread/DEBUG] [pointblank/]: 21102 - obtained hit result in 0ms
[26Mar2025 23:23:41.102] [Server thread/DEBUG] [pointblank/]: 21102 obtained hit results
[26Mar2025 23:23:41.102] [Server thread/DEBUG] [pointblank/]: Executing hit target task for hit result net.minecraft.world.phys.BlockHitResult@1048ef14
[26Mar2025 23:23:41.103] [Server thread/DEBUG] [pointblank/]: ServerPlayer['correcamin0'/99, l='ServerLevel[world]', x=-1302.95, y=-3.00, z=-1128.02] sends hit scan notification to ServerPlayer['correcamin0'/99, l='ServerLevel[world]', x=-1302.95, y=-3.00, z=-1128.02]
[26Mar2025 23:23:41.103] [Server thread/DEBUG] [pointblank/]: ServerPlayer['correcamin0'/99, l='ServerLevel[world]', x=-1302.95, y=-3.00, z=-1128.02] sends hit scan notification to ServerPlayer['Eldel'/524, l='ServerLevel[world]', x=-1293.37, y=8.00, z=-1147.07]
[26Mar2025 23:23:42.003] [Server thread/DEBUG] [pointblank/]: 22003 handling client fire request
[26Mar2025 23:23:42.004] [Server thread/DEBUG] [pointblank/]: Setting ammo in stack 109967664 to 12
[26Mar2025 23:23:42.004] [Server thread/DEBUG] [pointblank/]: 22004 - obtained hit result in 0ms
[26Mar2025 23:23:42.004] [Server thread/DEBUG] [pointblank/]: 22004 obtained hit results
[26Mar2025 23:23:42.004] [Server thread/DEBUG] [pointblank/]: Executing hit target task for hit result net.minecraft.world.phys.EntityHitResult@21a807c4
[26Mar2025 23:23:42.005] [Server thread/DEBUG] [pointblank/]: ServerPlayer['correcamin0'/99, l='ServerLevel[world]', x=-1303.21, y=-3.00, z=-1127.71] sends hit scan notification to ServerPlayer['correcamin0'/99, l='ServerLevel[world]', x=-1303.21, y=-3.00, z=-1127.71]
[26Mar2025 23:23:42.005] [Server thread/DEBUG] [pointblank/]: ServerPlayer['correcamin0'/99, l='ServerLevel[world]', x=-1303.21, y=-3.00, z=-1127.71] sends hit scan notification to ServerPlayer['Eldel'/524, l='ServerLevel[world]', x=-1295.72, y=9.17, z=-1146.17]
[26Mar2025 23:23:42.952] [Server thread/DEBUG] [pointblank/]: 22952 handling client fire request
[26Mar2025 23:23:42.952] [Server thread/DEBUG] [pointblank/]: Setting ammo in stack 109967664 to 11
[26Mar2025 23:23:42.952] [Server thread/DEBUG] [pointblank/]: 22952 - obtained hit result in 0ms
[26Mar2025 23:23:42.952] [Server thread/DEBUG] [pointblank/]: 22952 obtained hit results
[26Mar2025 23:23:42.952] [Server thread/DEBUG] [pointblank/]: Executing hit target task for hit result net.minecraft.world.phys.BlockHitResult@ded7c52
[26Mar2025 23:23:42.952] [Server thread/DEBUG] [pointblank/]: ServerPlayer['correcamin0'/99, l='ServerLevel[world]', x=-1303.18, y=-3.00, z=-1127.70] sends hit scan notification to ServerPlayer['correcamin0'/99, l='ServerLevel[world]', x=-1303.18, y=-3.00, z=-1127.70]
[26Mar2025 23:23:42.953] [Server thread/DEBUG] [pointblank/]: ServerPlayer['correcamin0'/99, l='ServerLevel[world]', x=-1303.18, y=-3.00, z=-1127.70] sends hit scan notification to ServerPlayer['Eldel'/524, l='ServerLevel[world]', x=-1298.98, y=4.50, z=-1145.30]
[26Mar2025 23:23:44.497] [Server thread/DEBUG] [pointblank/]: 24497 handling client fire request
[26Mar2025 23:23:44.497] [Server thread/DEBUG] [pointblank/]: Setting ammo in stack 109967664 to 10
[26Mar2025 23:23:44.498] [Server thread/DEBUG] [pointblank/]: 24498 - obtained hit result in 0ms
[26Mar2025 23:23:44.498] [Server thread/DEBUG] [pointblank/]: 24498 obtained hit results
[26Mar2025 23:23:44.498] [Server thread/DEBUG] [pointblank/]: Executing hit target task for hit result net.minecraft.world.phys.EntityHitResult@2ed42ad4
[26Mar2025 23:23:44.499] [Server thread/DEBUG] [pointblank/]: ServerPlayer['correcamin0'/99, l='ServerLevel[world]', x=-1302.82, y=-3.00, z=-1128.16] sends hit scan notification to ServerPlayer['correcamin0'/99, l='ServerLevel[world]', x=-1302.82, y=-3.00, z=-1128.16]
[26Mar2025 23:23:44.499] [Server thread/DEBUG] [pointblank/]: ServerPlayer['correcamin0'/99, l='ServerLevel[world]', x=-1302.82, y=-3.00, z=-1128.16] sends hit scan notification to ServerPlayer['Eldel'/524, l='ServerLevel[world]', x=-1300.61, y=6.54, z=-1143.10]
[26Mar2025 23:23:46.425] [Server thread/DEBUG] [pointblank/]: Set fire mode instance to translation{key='label.pointblank.fireMode.automatic', args=[]}, tag: {GeckoLibID:4L,aim:0b,ammo:10,ammox:{},as:[{id:"pointblank:holographic_em",rmv:1b},{id:"pointblank:foregrip_tan",rmv:1b}],fmid:[I;829348096,-713608900,-1685377287,963576059],lid:-5677824806063413824L,mid:375819375297774056L,sa:{scope:"//holographic_em"},seed:-2431723225039361476L}
[26Mar2025 23:23:47.172] [Server thread/DEBUG] [pointblank/]: Set fire mode instance to translation{key='label.pointblank.fireMode.burst', args=[]}, tag: {GeckoLibID:4L,aim:0b,ammo:10,ammox:{},as:[{id:"pointblank:holographic_em",rmv:1b},{id:"pointblank:foregrip_tan",rmv:1b}],fmid:[I;-904854396,1461665685,-1108351130,-1796734751],lid:-5677824806063413824L,mid:375819375297774056L,sa:{scope:"//holographic_em"},seed:-2431723225039361476L}
[26Mar2025 23:23:48.245] [Server thread/DEBUG] [pointblank/]: 28245 handling client fire request
[26Mar2025 23:23:48.246] [Server thread/DEBUG] [pointblank/]: Setting ammo in stack 109967664 to 9
[26Mar2025 23:23:48.246] [Server thread/DEBUG] [pointblank/]: 28246 - obtained hit result in 0ms
[26Mar2025 23:23:48.246] [Server thread/DEBUG] [pointblank/]: 28246 obtained hit results
[26Mar2025 23:23:48.246] [Server thread/DEBUG] [pointblank/]: Executing hit target task for hit result net.minecraft.world.phys.EntityHitResult@230ce7ff
[26Mar2025 23:23:48.247] [Server thread/DEBUG] [pointblank/]: ServerPlayer['correcamin0'/99, l='ServerLevel[world]', x=-1302.82, y=-3.00, z=-1128.16] sends hit scan notification to ServerPlayer['correcamin0'/99, l='ServerLevel[world]', x=-1302.82, y=-3.00, z=-1128.16]
[26Mar2025 23:23:48.247] [Server thread/DEBUG] [pointblank/]: ServerPlayer['correcamin0'/99, l='ServerLevel[world]', x=-1302.82, y=-3.00, z=-1128.16] sends hit scan notification to ServerPlayer['Eldel'/524, l='ServerLevel[world]', x=-1300.27, y=6.00, z=-1132.07]
[26Mar2025 23:23:48.306] [Server thread/DEBUG] [pointblank/]: 28306 handling client fire request
[26Mar2025 23:23:48.306] [Server thread/DEBUG] [pointblank/]: Setting ammo in stack 109967664 to 8
[26Mar2025 23:23:48.306] [Server thread/DEBUG] [pointblank/]: 28306 - obtained hit result in 0ms
[26Mar2025 23:23:48.306] [Server thread/DEBUG] [pointblank/]: 28306 obtained hit results
[26Mar2025 23:23:48.306] [Server thread/DEBUG] [pointblank/]: Executing hit target task for hit result net.minecraft.world.phys.EntityHitResult@45fab8b9
[26Mar2025 23:23:48.308] [Server thread/DEBUG] [pointblank/]: ServerPlayer['correcamin0'/99, l='ServerLevel[world]', x=-1302.82, y=-3.00, z=-1128.16] sends hit scan notification to ServerPlayer['correcamin0'/99, l='ServerLevel[world]', x=-1302.82, y=-3.00, z=-1128.16]
[26Mar2025 23:23:48.308] [Server thread/DEBUG] [pointblank/]: ServerPlayer['correcamin0'/99, l='ServerLevel[world]', x=-1302.82, y=-3.00, z=-1128.16] sends hit scan notification to ServerPlayer['Eldel'/524, l='ServerLevel[world]', x=-1300.33, y=6.00, z=-1131.88]
[26Mar2025 23:23:49.553] [Server thread/DEBUG] [pointblank/]: Setting ammo in stack 109967664 to 25
[26Mar2025 23:23:50.285] [Server thread/INFO] [net.minecraft.server.MinecraftServer/]: Eldel fell from a high place
[26Mar2025 23:23:52.271] [Server thread/DEBUG] [tacz/SYNC_BASE_TIMESTAMP]: Update server base timestamp: 1743031432266
[26Mar2025 23:23:53.591] [Server thread/WARN] [net.minecraft.server.level.ServerLevel/]: Tried to add entity zombie_island:runner but it was marked as removed already
[26Mar2025 23:23:55.182] [Server thread/WARN] [net.minecraft.server.level.ServerLevel/]: Tried to add entity zombie_island:shambler but it was marked as removed already
[26Mar2025 23:23:57.574] [Server thread/INFO] [net.minecraft.server.MinecraftServer/]: [Eldel: Teleported Eldel to correcamin0]
[26Mar2025 23:24:07.051] [Server thread/DEBUG] [pointblank/]: 47051 handling client fire request
[26Mar2025 23:24:07.051] [Server thread/DEBUG] [pointblank/]: Setting ammo in stack 109967664 to 24
[26Mar2025 23:24:07.051] [Server thread/DEBUG] [pointblank/]: 47051 - obtained hit result in 0ms
[26Mar2025 23:24:07.051] [Server thread/DEBUG] [pointblank/]: 47051 obtained hit results
[26Mar2025 23:24:07.051] [Server thread/DEBUG] [pointblank/]: Executing hit target task for hit result net.minecraft.world.phys.EntityHitResult@2e7485ed
[26Mar2025 23:24:07.053] [Server thread/DEBUG] [pointblank/]: ServerPlayer['correcamin0'/99, l='ServerLevel[world]', x=-1300.30, y=-7.00, z=-1141.65] sends hit scan notification to ServerPlayer['correcamin0'/99, l='ServerLevel[world]', x=-1300.30, y=-7.00, z=-1141.65]
[26Mar2025 23:24:07.053] [Server thread/DEBUG] [pointblank/]: ServerPlayer['correcamin0'/99, l='ServerLevel[world]', x=-1300.30, y=-7.00, z=-1141.65] sends hit scan notification to ServerPlayer['Eldel'/524, l='ServerLevel[world]', x=-1309.42, y=-7.00, z=-1141.97]
